Provider,Region,ServiceType,CPUCores,RAMGB,StorageGB,BandwidthMbps,Availability,Reliability,LatencyMs,ResponseTimeMs,ThroughputMbps,PacketLossPct,SecurityScore,ComplianceScore,SupportScore,CostPerHourUSD,ScalabilityScore,SLAViolationRate,EnergyEfficiency,CustomerRating,TrustScore
AWS,us-east-1,Kubernetes,64,128,50,4606,99.971,99.93,24.19,33.87,3356.39,0.235,99.21,96.2,91.24,0.1072,92.02,0.249,78.02,4.49,100
AWS,us-east-1,AI,32,128,50,2715,99.955,100,18.54,21.75,2018.7,0.273,99.56,95.53,94.28,0.1209,84.43,0.405,64.28,4.7,100
AWS,us-east-1,Networking,8,64,1000,6025,99.901,99.67,19.08,22.12,4294.81,0.202,99.3,96.12,97.46,0.1375,92.39,0.909,77.18,4.72,100
AWS,us-east-1,AI,64,128,1000,2903,99.933,100,21.36,32.31,2407.84,0.185,96.46,96.18,100,0.1157,97.64,0.643,82.06,4.73,100
AWS,us-east-1,Compute,64,256,100,8279,99.882,99.5,27.41,36.71,6858.97,0.267,94.32,92.32,97.25,0.1297,84.59,1.075,87.16,4.52,98.2
AWS,us-east-1,Compute,2,4,2000,2721,99.984,100,17.96,26.83,1953.1,0,98.19,94.59,100,0.1273,89.42,0.616,75.4,4.61,100
AWS,us-east-1,AI,8,32,100,7533,99.999,99.6,22.13,30.73,6791.08,0.388,95.29,92.75,94.11,0.1363,83.2,0.061,77.5,4.35,100
AWS,us-east-1,Kubernetes,2,16,250,8105,99.999,99.47,23.12,25.88,7667.67,0.273,98.8,96.37,92.76,0.1045,89.31,0.447,80.68,4.64,100
AWS,us-east-1,AI,32,64,250,8745,99.999,99.92,18.99,23.6,6640.11,0.033,100,97.81,93.81,0.1374,89.78,0.164,83.1,4.7,100
AWS,us-east-1,Kubernetes,32,64,1000,3708,99.999,100,22.28,28.58,2656.73,0.246,97.59,94.89,95.31,0.1168,95.67,0.265,85.81,4.63,100
AWS,us-east-1,Storage,16,32,50,1688,99.945,99.45,18.85,29.35,1375.9,0.21,100,96.0,94.24,0.1474,93.0,0.766,82.67,4.78,100
AWS,us-east-1,Kubernetes,8,32,100,1335,99.877,99.76,24.78,37.65,1140.21,0.609,100,99.17,98.57,0.1448,85.66,1.469,81.37,4.62,99.06
AWS,us-east-1,AI,2,8,250,7554,99.953,99.41,28.03,36.35,6832.91,0.311,98.14,94.46,90.68,0.1344,91.7,0.471,79.25,4.34,99.96
AWS,us-east-1,Networking,4,8,1000,1412,99.981,100,20.79,35.03,1015.27,0.274,97.5,97.09,92.67,0.1248,89.32,0.435,75.2,4.67,100
AWS,us-east-1,Storage,64,256,100,4451,99.911,99.52,25.64,28.58,3489.58,0.189,100,99.63,99.58,0.1647,89.84,0.943,78.67,4.26,100
AWS,us-east-1,Database,8,32,100,7279,99.999,99.53,16.61,18.71,6341.97,0.311,97.1,92.4,94.65,0.1347,97.03,0.417,82.14,4.69,100
AWS,us-east-1,AI,8,64,100,5717,99.99,100,27.43,40.43,4424.47,0.058,96.57,96.55,95.47,0.1211,91.86,0.123,76.95,4.26,100
AWS,us-east-1,Networking,64,256,1000,258,99.999,100,28.23,35.03,230.52,0.298,97.47,95.65,95.65,0.1293,90.62,0.284,81.69,4.38,100
AWS,us-east-1,Networking,4,32,50,5894,99.99,99.41,13.84,27.93,4796.45,0.096,100,95.59,93.8,0.1166,88.64,0.516,79.55,4.63,100
AWS,us-east-1,Database,64,128,250,2708,99.976,99.4,20.14,32.75,2556.91,0.246,96.79,95.65,93.35,0.1425,98.38,0.426,81.87,4.45,100
AWS,us-east-1,Compute,8,64,1000,6648,99.929,99.67,15.04,20.43,5270.02,0.352,98.56,95.57,96.06,0.1144,89.86,0.861,81.46,4.57,100
AWS,us-east-1,Database,16,128,100,4273,99.999,100,23.18,37.4,3613.15,0.285,98.69,93.95,90.71,0.1145,95.02,0.377,73.67,4.64,100
AWS,us-east-1,AI,32,128,2000,6791,99.934,100,27.49,34.42,5807.9,0.328,99.19,97.16,99.14,0.1397,95.76,0.899,78.63,4.24,100
AWS,us-east-1,Storage,64,256,500,7338,99.938,100,22.99,27.19,6108.83,0.375,95.18,93.51,91.89,0.1076,89.31,0.542,80.06,4.61,99.48
AWS,us-east-1,Kubernetes,4,8,50,4111,99.999,100,21.45,30.93,3762.29,0.014,96.49,95.76,96.73,0.1114,93.36,0.367,89.3,4.4,100
AWS,us-east-1,AI,4,8,2000,8586,99.908,99.75,23.13,31.17,8215.87,0.27,96.37,92.59,96.11,0.101,88.42,1.004,85.03,4.53,99.27
AWS,us-east-1,Kubernetes,16,32,2000,7877,99.891,99.63,24.06,32.36,7366.27,0.211,95.06,93.89,100,0.1262,92.92,0.995,81.92,4.6,100
AWS,us-east-1,Kubernetes,64,128,2000,3605,99.999,100,23.61,31.07,3071.21,0.177,95.34,91.05,96.03,0.1311,86.11,0.46,79.52,4.54,99.98
AWS,us-east-1,AI,16,128,2000,9047,99.999,100,13.87,20.93,7569.66,0.122,98.96,94.75,98.42,0.1278,82.34,0.342,87.36,4.64,100
AWS,us-east-1,AI,32,256,50,1475,99.953,100,20.31,25.06,1223.18,0.296,98.14,94.38,95.91,0.1362,85.13,0.538,79.96,4.78,100
AWS,us-east-1,AI,2,8,100,1224,99.984,99.6,16.3,18.57,1115.29,0.226,100,97.18,94.38,0.1057,95.3,0.203,76.8,4.86,100
AWS,us-east-1,AI,64,512,50,2783,99.993,100,21.58,36.04,1968.11,0.159,97.83,94.37,99.17,0.1454,88.06,0.252,88.28,4.41,100
AWS,us-east-1,Networking,2,16,50,5788,99.898,99.76,20.8,28.26,4163.35,0.198,96.27,91.81,94.62,0.1377,91.92,1.061,82.14,4.56,99.38
AWS,us-east-1,Kubernetes,8,64,1000,8021,99.879,99.95,23.64,37.79,6945.33,0.203,94.83,91.98,97.02,0.145,92.53,1.109,76.38,4.55,99.3
AWS,us-east-1,Database,4,16,250,5676,99.958,99.83,27.29,31.78,5371.94,0.16,95.88,94.68,93.76,0.1141,93.53,0.46,78.45,4.55,100
AWS,us-east-1,Networking,4,16,2000,4086,99.947,99.47,26.95,38.65,3401.65,0.166,97.54,96.28,94.39,0.1371,86.2,0.588,81.07,4.35,99.65
AWS,us-east-1,Storage,4,8,100,8033,99.959,99.49,27.26,40.09,7332.99,0.042,96.91,93.37,90.19,0.1314,93.25,0.477,81.93,4.44,99.82
AWS,us-east-1,Database,64,256,50,300,99.92,99.95,19.98,34.21,247.0,0.213,98.89,98.52,95.89,0.1328,85.45,0.881,83.22,4.58,99.91
AWS,us-east-1,Storage,2,4,50,9243,99.976,100.0,16.56,24.42,8516.57,0.184,100,98.47,98.61,0.1143,78.31,0.412,72.4,4.54,100
AWS,us-east-1,Networking,64,128,250,1430,99.987,99.84,24.06,33.78,1031.06,0.35,98.36,94.85,95.06,0.0986,97.78,0.249,74.78,4.35,100
AWS,us-west-2,Database,32,256,100,7065,99.997,99.84,23.88,26.66,5240.23,0.233,94.92,90.31,96.65,0.1325,84.76,0.422,74.99,4.51,99.89
AWS,us-west-2,Storage,32,256,500,7272,99.982,100,22.55,25.74,5970.08,0.192,99.35,94.59,97.05,0.1195,84.39,0.621,77.77,4.7,100
AWS,us-west-2,AI,16,128,2000,7345,99.997,99.73,20.73,23.91,6345.29,0.13,96.51,92.22,92.39,0.1184,96.45,0.195,78.29,4.4,100
AWS,us-west-2,Database,2,8,50,5253,99.97,99.99,23.99,26.0,4813.39,0.363,97.35,94.76,90.8,0.1302,90.4,0.678,73.52,4.65,99.54
AWS,us-west-2,Storage,32,64,250,7278,99.999,100,18.86,30.09,5153.43,0.066,100,98.88,91.08,0.1538,90.44,0.163,91.0,4.58,100
AWS,us-west-2,AI,16,128,250,8437,99.956,99.43,18.02,21.9,7045.74,0.071,95.31,94.63,95.58,0.1009,85.16,0.45,81.67,4.73,100
AWS,us-west-2,Kubernetes,8,16,250,4991,99.999,100,17.51,25.8,4415.95,0.247,98.16,93.49,92.56,0.1287,85.15,0.174,84.4,4.73,100
AWS,us-west-2,Kubernetes,2,8,2000,7849,99.945,100,14.98,29.73,6342.79,0.054,100,97.05,90.24,0.1185,91.36,0.69,84.55,4.76,100
AWS,us-west-2,Kubernetes,2,16,100,6817,99.999,99.93,14.32,24.42,4914.73,0.159,99.56,96.19,92.69,0.124,92.16,0.207,88.08,4.63,100
AWS,us-west-2,Database,32,64,1000,1221,99.977,99.68,28.05,42.77,952.95,0.287,97.74,96.91,96.29,0.1324,87.79,0.562,85.23,4.51,100
AWS,us-west-2,Kubernetes,8,32,100,4100,99.907,99.77,20.99,34.32,3779.81,0.229,98.25,97.54,96.07,0.1415,100,1.057,79.88,4.76,100
AWS,us-west-2,Networking,8,64,1000,2688,99.999,99.51,26.32,37.29,2624.95,0.185,95.53,91.26,100,0.1396,100,0.236,75.84,4.47,100
AWS,us-west-2,Networking,8,16,2000,6584,99.96,99.97,27.11,36.99,5873.09,0.27,99.35,95.36,94.05,0.1471,87.67,0.568,74.88,4.31,100
AWS,us-west-2,AI,64,512,2000,2340,99.895,99.47,15.76,25.3,2061.48,0.119,99.41,95.67,98.02,0.1438,92.24,1.205,85.04,4.55,100
AWS,us-west-2,AI,32,128,100,4310,99.999,100,17.06,29.51,4184.44,0.114,100,98.87,100,0.1166,93.82,0.242,77.24,4.56,100
AWS,us-west-2,Networking,8,16,500,328,99.968,99.99,24.05,31.0,263.45,0.24,95.93,93.57,92.66,0.1253,95.42,0.578,85.01,4.42,100
AWS,us-west-2,Networking,2,16,500,5051,99.955,100,20.39,23.9,3599.83,0.527,96.07,94.22,97.31,0.1123,88.84,0.475,77.53,4.55,100
AWS,us-west-2,Database,4,16,2000,1722,99.999,99.77,17.22,22.04,1658.17,0.144,98.17,93.26,99.51,0.1175,94.73,0.23,87.04,4.87,100
AWS,us-west-2,Storage,4,8,500,1601,99.933,99.54,17.11,22.27,1388.39,0.345,97.31,93.48,95.71,0.1596,89.26,0.602,82.57,4.76,100
AWS,us-west-2,Compute,32,64,250,2470,99.999,99.66,21.61,25.32,2281.25,0.371,98.64,98.56,98.84,0.1412,83.53,0.187,84.39,4.7,100
AWS,us-west-2,Networking,16,64,250,8508,99.924,100,19.56,33.38,6483.38,0.075,97.08,96.93,91.8,0.1171,96.81,0.934,83.63,4.77,100
AWS,us-west-2,AI,16,32,50,5377,99.956,99.45,21.07,27.3,4177.95,0.126,95.84,92.81,92.19,0.102,88.95,0.852,76.5,4.5,98.99
AWS,us-west-2,Networking,64,128,500,7498,99.999,99.87,19.33,25.39,6985.72,0.063,97.85,94.41,97.88,0.1334,100,0.164,82.13,4.65,100
AWS,us-west-2,Storage,64,256,100,9215,99.999,99.69,25.69,39.04,7899.76,0.207,94.06,93.8,92.3,0.1365,95.18,0.479,78.93,4.41,99.88
AWS,us-west-2,Compute,64,256,100,1873,99.932,99.89,26.12,33.7,1371.35,0.248,98.3,94.93,97.11,0.1161,83.07,0.82,73.19,4.32,99.53
AWS,us-west-2,Database,4,16,2000,5162,99.999,99.78,20.24,23.14,3875.6,0.293,98.86,96.21,98.44,0.1325,89.61,0.378,76.64,4.67,100
AWS,us-west-2,AI,32,256,50,961,99.999,99.74,27.56,35.07,686.09,0.37,96.8,94.24,96.59,0.1445,91.79,0.312,86.93,4.31,100
AWS,us-west-2,Networking,64,256,50,3712,99.916,99.49,25.31,29.09,2606.39,0.231,97.88,94.15,96.96,0.146,90.55,0.796,73.17,4.42,100
AWS,us-west-2,Database,8,16,500,793,99.919,99.49,23.73,30.99,572.39,0.196,97.5,92.67,97.93,0.1246,94.94,0.969,86.3,4.4,100
AWS,us-west-2,Networking,2,8,50,4086,99.923,99.52,23.59,28.47,2950.18,0.35,100,97.35,91.39,0.1162,93.27,1.002,80.92,4.3,99.75
AWS,us-west-2,Database,4,8,50,2499,99.969,100,24.47,38.83,1856.27,0.247,95.49,92.59,93.81,0.1155,91.45,0.563,86.35,4.26,99.95
AWS,us-west-2,AI,64,256,100,7305,99.999,99.48,23.8,32.39,5732.89,0.233,97.35,93.19,96.01,0.1078,90.51,0.163,87.76,4.43,100
AWS,us-west-2,Networking,16,64,1000,9181,99.999,100,20.14,24.59,6532.16,0.311,92.97,90.72,92.89,0.0936,89.89,0.311,88.9,4.76,99.88
AWS,us-west-2,Database,4,8,100,7272,99.999,99.73,21.72,28.76,6332.06,0.071,97.72,94.56,100,0.1468,88.52,0.395,76.32,4.59,100
AWS,us-west-2,Networking,64,512,1000,2563,99.937,99.71,26.58,37.66,1895.59,0.112,94.1,92.55,100,0.1035,83.37,0.7,82.84,4.31,99.33
AWS,us-west-2,AI,64,512,50,7037,99.96,100,21.96,33.92,5534.48,0.307,99.16,97.68,94.17,0.1291,90.0,0.413,72.53,4.44,100
AWS,us-west-2,Storage,2,16,250,2247,99.946,100,20.67,34.41,1686.68,0.158,99.83,96.23,91.07,0.114,91.29,0.79,72.3,4.46,100
AWS,us-west-2,Kubernetes,32,64,250,7784,99.997,99.6,20.51,32.51,6927.18,0.108,95.92,95.11,93.62,0.1114,89.9,0.413,70.35,4.76,100
AWS,us-west-2,Storage,8,64,50,8552,99.994,99.74,19.36,23.28,7813.73,0.163,99.34,97.08,100,0.1308,88.83,0.264,81.96,4.62,100
AWS,us-west-2,Database,16,32,250,3778,99.999,100,23.63,27.42,3532.31,0.132,99.48,98.79,90.7,0.1305,83.23,0.151,79.42,4.65,100
AWS,eu-west-1,Database,4,8,1000,8747,99.893,99.83,25.21,35.52,6704.92,0.305,100,97.5,96.53,0.1155,93.66,1.165,74.7,4.34,100
AWS,eu-west-1,Database,16,32,1000,5880,99.973,99.76,26.15,29.02,5209.82,0.494,92.04,89.27,99.17,0.134,89.31,0.478,71.62,4.2,99.9
AWS,eu-west-1,Storage,64,128,250,1206,99.924,100,27.38,33.7,1056.35,0.296,94.49,93.61,90.15,0.1351,87.39,0.627,70.98,4.3,98.44
AWS,eu-west-1,Database,2,16,500,705,99.966,99.56,23.15,31.85,532.88,0.456,96.53,92.76,96.82,0.1505,88.98,0.767,73.49,4.35,99.96
AWS,eu-west-1,AI,8,16,250,7259,99.999,100,17.78,26.23,6899.67,0,100,95.99,100,0.1397,87.23,0.257,87.17,4.55,100
AWS,eu-west-1,Networking,8,32,50,1411,99.95,99.79,24.96,32.73,1163.87,0.237,97.36,94.29,93.23,0.1096,79.1,0.621,73.2,4.61,98.77
AWS,eu-west-1,Database,64,256,250,8506,99.994,99.78,16.27,28.43,8223.44,0.248,100,98.17,98.21,0.1216,93.56,0.067,72.54,4.65,100
AWS,eu-west-1,Networking,8,32,50,9503,99.999,100,24.91,27.25,7488.63,0.204,93.6,93.01,100,0.12,88.77,0.101,78.81,4.39,100
AWS,eu-west-1,Networking,16,32,50,2323,99.999,99.94,18.5,29.36,2210.64,0.145,97.22,96.89,95.43,0.1115,94.19,0.431,89.09,4.57,100
AWS,eu-west-1,Kubernetes,64,128,250,8435,99.993,100,33.45,40.14,7775.2,0.344,92.41,91.76,98.49,0.1361,92.9,0.339,85.54,4.06,100
AWS,eu-west-1,Compute,32,128,500,9519,99.999,100,26.79,33.27,8375.34,0.124,98.54,97.63,96.4,0.1435,82.98,0.447,67.98,4.55,100
AWS,eu-west-1,AI,32,64,250,2797,99.999,100,29.95,35.64,2134.48,0.414,99.66,98.28,93.82,0.1256,100,0.047,78.0,4.21,100
AWS,eu-west-1,Database,32,64,100,5631,99.999,100,17.7,28.03,5242.83,0.207,96.01,93.93,95.16,0.1303,83.06,0.296,71.57,4.76,100
AWS,eu-west-1,AI,16,32,2000,6753,99.964,100,23.49,28.14,4840.39,0.128,96.78,93.11,96.28,0.1288,97.35,0.589,83.14,4.54,100
AWS,eu-west-1,AI,2,8,100,7742,99.999,100,25.04,38.28,5724.79,0.479,100,95.93,97.26,0.1204,87.49,0.217,79.3,4.57,100
AWS,eu-west-1,Database,16,64,250,8248,99.999,99.87,23.4,29.99,6940.89,0.302,93.86,90.59,94.57,0.1234,90.33,0.033,68.68,4.51,100
AWS,eu-west-1,Database,64,256,500,6095,99.986,100.0,22.36,29.39,5225.3,0.17,94.45,91.33,96.88,0.1349,87.12,0.341,81.87,4.57,100
AWS,eu-west-1,Database,32,128,100,3361,99.929,100,19.57,32.02,2390.58,0.349,100,99.3,96.15,0.1436,98.51,0.824,77.5,4.57,100
AWS,eu-west-1,AI,32,128,1000,8451,99.893,99.98,20.73,31.49,6625.09,0.246,94.91,91.29,92.37,0.1328,85.52,1.345,86.71,4.39,97.51
AWS,eu-west-1,Kubernetes,32,64,2000,941,99.944,99.36,20.77,24.7,824.44,0.068,100,99.45,91.07,0.1379,92.4,0.792,78.66,4.5,100
AWS,eu-west-1,Database,32,256,500,1120,99.953,100,17.35,24.25,959.89,0.288,95.61,92.88,94.96,0.1132,91.55,0.851,86.11,4.57,99.94
AWS,eu-west-1,AI,32,128,100,4138,99.962,100,25.31,36.48,3987.44,0.424,95.72,92.92,94.43,0.1178,90.39,0.646,79.12,4.39,99.77
AWS,eu-west-1,Storage,16,64,250,2499,99.96,100,25.19,30.52,2249.0,0.19,98.74,94.07,97.67,0.1458,95.94,0.562,85.4,4.39,100
AWS,eu-west-1,Database,2,16,1000,3797,99.959,100,21.0,33.02,3097.31,0.201,93.63,91.59,93.65,0.1182,86.42,0.328,84.94,4.69,99.68
AWS,eu-west-1,Networking,8,32,2000,1069,99.988,100,21.05,35.23,920.15,0.054,99.88,99.0,93.95,0.1297,99.22,0.552,86.03,4.57,100
AWS,eu-west-1,Database,8,16,50,4988,99.948,99.54,21.21,30.27,4864.49,0.147,100,97.66,100,0.1358,86.33,0.66,82.71,4.58,100
AWS,eu-west-1,Database,64,128,50,5623,99.986,99.57,16.99,30.65,5128.4,0.259,97.15,93.81,100,0.1403,89.8,0.522,83.37,4.8,100
AWS,eu-west-1,Compute,16,32,500,4474,99.999,99.9,21.03,32.04,4037.37,0.356,99.26,97.23,95.31,0.1157,92.9,0.039,87.4,4.64,100
AWS,eu-west-1,Compute,64,256,250,3718,99.975,99.59,24.1,31.51,2762.07,0.239,95.56,92.24,90.91,0.1551,91.13,0.473,80.16,4.31,99.62
AWS,eu-west-1,Compute,32,128,1000,6027,99.999,99.6,24.43,33.87,4323.12,0.131,96.86,96.28,93.95,0.1267,95.35,0.083,77.73,4.45,100
AWS,eu-west-1,Compute,16,32,1000,6906,99.953,99.7,22.37,29.52,5728.29,0.28,97.93,97.7,90.5,0.1488,83.43,0.781,97.71,4.35,98.7
AWS,eu-west-1,Database,16,32,250,6798,99.981,99.46,23.95,30.82,5979.7,0.206,93.77,91.88,87.34,0.1232,93.55,0.594,91.92,4.62,98.67
AWS,eu-west-1,Networking,2,4,1000,6539,99.891,99.54,20.84,26.72,4985.03,0.23,95.63,91.51,95.01,0.1399,88.3,1.212,77.26,4.4,98.58
AWS,eu-west-1,Compute,2,4,2000,6968,99.882,99.33,15.8,25.52,6612.16,0.16,96.09,94.87,96.12,0.137,81.05,1.168,73.07,4.64,98.41
AWS,eu-west-1,Storage,4,32,250,3936,99.999,99.7,16.06,22.23,3106.66,0.039,99.83,98.72,92.41,0.1437,95.76,0.159,93.56,4.58,100
AWS,eu-west-1,Kubernetes,64,512,500,9207,99.836,99.71,22.29,28.44,8872.27,0.14,99.15,95.38,90.36,0.1197,93.92,1.519,82.97,4.44,98.46
AWS,eu-west-1,Storage,2,16,500,6924,99.945,99.61,21.24,35.23,5317.63,0.254,100,99.05,99.14,0.1119,94.41,0.864,76.24,4.41,100
AWS,eu-west-1,Storage,32,256,2000,9256,99.977,100,24.68,29.43,8829.94,0.175,97.82,94.05,100,0.108,81.72,0.279,76.86,4.49,100
AWS,eu-west-1,Networking,32,128,250,6336,99.899,99.5,23.22,31.28,4982.37,0.101,97.42,95.81,99.8,0.1342,81.66,1.207,79.29,4.35,98.89
AWS,eu-west-1,Kubernetes,4,8,250,9165,99.999,99.66,19.9,26.84,7487.09,0.251,95.08,91.66,97.2,0.0948,90.03,0.425,86.8,4.55,100
AWS,eu-central-1,Storage,16,32,2000,5870,99.999,100,27.58,37.92,4911.6,0.384,100,95.27,93.13,0.1146,92.04,0.037,80.56,4.21,100
AWS,eu-central-1,AI,2,16,100,249,99.981,99.4,26.33,40.19,178.51,0.112,100,97.94,89.68,0.1117,90.61,0.483,78.71,4.47,100
AWS,eu-central-1,Compute,64,512,500,3037,99.988,99.95,23.12,35.72,2252.52,0.275,96.46,94.43,98.43,0.1293,92.92,0.233,84.29,4.42,100
AWS,eu-central-1,Networking,64,512,50,1631,99.93,100,24.18,27.26,1359.08,0.14,96.9,92.01,91.46,0.1093,86.46,0.985,90.62,4.57,98.47
AWS,eu-central-1,AI,32,128,250,862,99.999,100,19.21,23.54,671.07,0.051,99.36,98.64,93.83,0.0989,90.33,0.433,85.94,4.71,100
AWS,eu-central-1,Database,4,32,500,8956,99.929,99.67,27.85,36.36,6620.15,0.439,100,95.81,94.65,0.0929,91.77,1.057,81.78,4.38,99.79
AWS,eu-central-1,Networking,2,16,250,7481,99.923,99.41,22.22,32.81,7208.09,0.085,95.37,91.81,96.88,0.1495,83.93,0.657,85.36,4.47,99.44
AWS,eu-central-1,Kubernetes,16,64,250,1845,99.999,99.49,27.21,30.34,1521.25,0.275,95.75,95.24,93.61,0.1232,87.9,0.223,72.38,4.25,100
AWS,eu-central-1,Compute,2,8,500,6453,99.985,99.53,15.68,24.46,5528.09,0.231,98.77,97.42,94.9,0.1405,93.46,0.466,82.4,4.82,100
AWS,eu-central-1,Database,8,32,100,8223,99.943,100,20.53,26.85,6002.4,0.123,98.6,96.92,100,0.0987,85.78,0.769,90.31,4.73,100
AWS,eu-central-1,AI,32,256,100,7948,99.919,99.71,31.51,39.89,7719.44,0.275,98.09,94.01,99.47,0.1427,94.85,0.934,85.83,4.18,100
AWS,eu-central-1,Kubernetes,4,32,1000,540,99.999,100,20.7,31.71,485.11,0.13,98.58,96.08,95.94,0.152,85.08,0.417,80.44,4.49,100
AWS,eu-central-1,Storage,2,8,1000,7951,99.916,100,19.56,22.03,7621.66,0.267,96.91,93.94,92.72,0.1372,81.27,1.154,83.5,4.55,98.01
AWS,eu-central-1,Networking,64,512,50,9327,99.999,99.98,21.38,28.98,7572.53,0.218,97.87,95.27,87.21,0.1226,95.97,0.013,74.2,4.6,100
AWS,eu-central-1,Networking,32,256,1000,2569,99.964,99.57,22.74,26.25,1873.5,0.007,99.09,96.81,98.86,0.1318,93.36,0.76,73.22,4.53,100
AWS,eu-central-1,Networking,16,64,50,5019,99.999,99.73,23.75,36.15,3545.04,0.211,97.86,95.1,96.2,0.1375,83.99,0.473,74.02,4.36,100
AWS,eu-central-1,Storage,4,8,2000,7180,99.905,99.88,25.99,28.05,6801.38,0.159,97.45,93.47,95.99,0.1123,97.68,0.866,82.28,4.45,100
AWS,eu-central-1,Compute,16,32,250,8119,99.9,99.6,21.01,27.53,7040.41,0.108,95.29,91.76,92.43,0.1258,83.84,1.225,78.1,4.71,97.6
AWS,eu-central-1,Kubernetes,4,16,50,3099,99.951,99.52,23.58,31.08,2506.38,0.128,93.64,88.98,92.77,0.1407,87.39,0.638,82.47,4.61,98.78
AWS,eu-central-1,Storage,32,64,250,257,99.937,99.9,22.25,29.57,207.53,0.088,97.46,96.63,93.35,0.1198,84.75,0.748,81.2,4.71,99.3
AWS,eu-central-1,Networking,32,128,100,7592,99.891,100,19.24,24.72,6367.32,0.062,100,96.22,94.73,0.1338,89.64,1.142,76.07,4.66,99.9
AWS,eu-central-1,Storage,64,128,250,628,99.926,100,23.15,35.23,583.21,0,98.99,97.24,98.58,0.1233,83.82,0.71,77.57,4.64,100
AWS,eu-central-1,Database,4,8,1000,5847,99.904,99.44,20.91,30.36,4368.56,0.292,93.72,89.65,94.67,0.1146,89.03,1.244,80.0,4.75,98.11
AWS,eu-central-1,Database,64,128,2000,2274,99.97,100,28.31,36.67,2119.31,0.294,97.76,95.5,90.51,0.1255,95.14,0.527,81.94,4.32,100
AWS,eu-central-1,Database,64,256,500,8096,99.968,99.59,22.25,30.21,7422.07,0.205,97.55,94.87,90.17,0.1344,91.41,0.585,76.26,4.62,99.81
AWS,eu-central-1,Networking,8,64,1000,2239,99.917,99.76,20.14,23.43,1782.8,0.188,97.0,92.71,94.14,0.1302,90.65,1.054,95.11,4.71,99.38
AWS,eu-central-1,Storage,4,32,250,2704,99.999,100,16.19,26.83,1963.47,0.135,100,96.37,95.96,0.1328,92.24,0.332,77.63,4.89,100
AWS,eu-central-1,Storage,16,32,100,9826,99.981,100,27.97,42.82,6903.75,0.218,98.52,96.6,89.79,0.1378,91.41,0.361,84.16,4.18,100
AWS,eu-central-1,Networking,16,32,2000,2440,99.999,99.62,24.15,28.92,2124.97,0.289,100,97.79,97.39,0.125,86.66,0.382,82.62,4.61,100
AWS,eu-central-1,Kubernetes,16,64,500,5252,99.98,100,19.08,30.46,4624.35,0.192,98.44,94.2,99.07,0.1497,89.58,0.305,82.27,4.76,100
AWS,eu-central-1,Compute,8,64,50,4021,99.946,99.91,22.06,36.77,3377.17,0.119,98.97,94.67,92.95,0.147,88.93,0.929,73.97,4.43,99.62
AWS,eu-central-1,AI,2,16,50,325,99.969,99.91,23.14,33.31,233.0,0.26,95.32,94.91,91.54,0.1219,93.94,0.499,76.39,4.57,100
AWS,eu-central-1,Networking,4,8,1000,5453,99.915,99.75,25.6,36.68,5091.29,0.24,98.39,97.96,93.99,0.1359,88.58,1.044,72.13,4.49,99.17
AWS,eu-central-1,Database,64,512,100,2056,99.997,100,22.17,30.9,1445.73,0.129,97.89,94.14,95.06,0.1225,94.81,0.435,79.68,4.37,100
AWS,eu-central-1,Compute,16,64,1000,1146,99.959,100,32.83,35.55,1003.56,0.209,98.58,94.72,95.09,0.1234,92.54,0.758,78.64,4.08,100
AWS,eu-central-1,Database,2,4,100,853,99.922,99.74,22.69,31.88,632.95,0.406,97.88,96.27,92.52,0.1183,84.8,1.084,79.11,4.68,98.5
AWS,eu-central-1,AI,2,16,2000,962,99.999,99.41,28.52,36.57,937.75,0.321,99.0,96.23,94.68,0.1484,86.32,0.149,82.36,4.39,100
AWS,eu-central-1,Networking,4,16,250,9794,99.999,100,19.54,31.89,8983.53,0.182,98.4,95.69,91.25,0.128,89.55,0.083,79.71,4.68,100
AWS,eu-central-1,Compute,16,128,2000,5138,99.999,99.92,24.99,39.95,3939.24,0.215,100,95.51,95.05,0.1162,96.22,0.364,78.24,4.24,100
AWS,eu-central-1,Storage,32,64,1000,2287,99.937,100,18.96,22.66,1979.93,0.326,100,98.04,96.69,0.1446,80.81,0.647,76.96,4.74,100
AWS,ap-south-1,Storage,4,32,50,2646,99.999,100,24.69,36.71,2084.86,0.315,94.19,93.74,96.94,0.1521,92.23,0.234,76.87,4.4,100
AWS,ap-south-1,Compute,8,16,50,4166,99.999,99.49,21.21,25.47,2973.3,0.156,99.56,96.81,100,0.1459,84.96,0.484,88.55,4.71,100
AWS,ap-south-1,Compute,4,8,100,6663,99.921,99.45,26.06,38.62,5866.85,0.193,100,97.78,93.85,0.1142,94.25,0.643,89.34,4.47,100
AWS,ap-south-1,AI,16,32,100,9502,99.897,99.91,24.62,31.22,7971.37,0.168,97.66,96.92,97.13,0.1155,95.37,1.281,73.57,4.45,99.8
AWS,ap-south-1,Database,16,32,50,4683,99.931,99.81,24.8,39.72,4120.77,0.27,99.95,96.38,92.83,0.1165,90.6,0.821,81.08,4.41,100
AWS,ap-south-1,Networking,16,64,100,527,99.955,99.46,24.55,39.44,501.08,0.252,98.84,93.97,93.97,0.1202,70.31,0.623,77.39,4.32,98.24
AWS,ap-south-1,Kubernetes,2,4,1000,6463,99.912,100,28.05,40.53,6053.65,0.34,98.41,94.91,98.59,0.1225,89.38,1.057,72.89,4.46,99.86
AWS,ap-south-1,Networking,32,128,100,8135,99.987,100,22.32,28.63,7064.97,0.336,98.63,97.75,95.43,0.1261,85.72,0.415,81.42,4.66,100
AWS,ap-south-1,Networking,4,8,1000,6078,99.999,100,21.05,26.97,5857.6,0.174,100,96.04,95.84,0.1225,100,0.076,77.8,4.38,100
AWS,ap-south-1,AI,32,128,100,9749,99.989,99.96,18.42,20.44,8827.9,0.167,94.5,90.65,96.8,0.142,85.69,0.437,82.17,4.53,100
AWS,ap-south-1,Compute,4,32,1000,1805,99.995,100,21.15,25.33,1640.2,0.233,100,96.8,100,0.1339,94.16,0.48,75.55,4.66,100
AWS,ap-south-1,Compute,8,32,50,120,99.999,99.98,23.28,36.74,100,0.285,95.34,91.39,97.68,0.1193,96.63,0.184,80.22,4.51,100
AWS,ap-south-1,Kubernetes,8,16,250,4378,99.989,99.87,21.53,30.64,3273.12,0.1,100,96.93,98.43,0.1369,93.71,0.539,94.07,4.68,100
AWS,ap-south-1,Database,4,8,50,5524,99.979,100,24.5,29.94,4945.17,0.217,98.05,95.19,90.22,0.1417,91.59,0.309,83.23,4.48,100
AWS,ap-south-1,Database,64,512,1000,7969,99.974,99.46,22.87,35.84,5959.48,0.218,96.15,92.84,96.2,0.1274,93.48,0.366,76.31,4.35,100
AWS,ap-south-1,AI,4,16,50,4413,99.934,100,23.16,34.21,4123.43,0.179,96.21,94.14,94.33,0.1353,82.09,0.579,80.3,4.54,99.23
AWS,ap-south-1,Storage,16,128,2000,7879,99.937,99.48,20.71,23.16,6174.6,0.052,95.41,90.5,98.61,0.1249,89.31,0.789,86.22,4.4,100
AWS,ap-south-1,Kubernetes,4,8,100,799,99.838,99.63,27.52,40.37,656.71,0.416,100,99.66,94.93,0.138,84.11,1.426,75.74,4.44,98.24
AWS,ap-south-1,Kubernetes,2,16,1000,9726,99.918,99.6,21.41,33.27,7936.84,0.294,100,99.5,98.21,0.1269,87.08,1.123,74.63,4.59,100
AWS,ap-south-1,Database,64,256,1000,7850,99.999,100,22.75,25.25,5811.19,0.108,97.28,93.55,92.09,0.1282,93.21,0.453,80.97,4.38,100
AWS,ap-south-1,Database,8,32,500,1709,99.999,100,21.51,27.68,1340.09,0.208,97.32,95.11,89.83,0.1395,88.67,0.372,74.24,4.54,99.98
AWS,ap-south-1,Kubernetes,2,16,100,1175,99.948,99.8,26.41,28.79,867.13,0.386,99.9,98.65,90.04,0.1185,81.74,0.515,88.15,4.48,99.23
AWS,ap-south-1,AI,32,128,2000,2129,99.954,100,19.3,27.47,1781.68,0,95.87,94.58,97.53,0.1319,97.91,0.64,81.19,4.8,100
AWS,ap-south-1,Networking,4,8,2000,3788,99.953,99.36,19.15,31.13,3085.94,0.364,100,96.99,95.66,0.1571,86.19,0.383,79.84,4.71,100
AWS,ap-south-1,Networking,64,256,500,6268,99.999,100,18.44,28.55,4770.57,0.145,100,95.17,98.44,0.1224,90.89,0.3,72.54,4.74,100
AWS,ap-south-1,Networking,2,8,50,5609,99.999,100,21.58,35.18,5279.29,0.205,100,95.5,99.72,0.1108,96.89,0.157,82.62,4.48,100
AWS,ap-south-1,AI,4,32,50,8248,99.999,99.93,21.95,33.16,6740.25,0.199,99.19,98.08,95.52,0.0981,97.48,0.294,82.84,4.47,100
AWS,ap-south-1,Database,8,16,2000,9246,99.98,99.73,23.65,35.56,6803.43,0.227,97.23,96.78,100,0.1172,85.91,0.256,79.81,4.36,100
AWS,ap-south-1,Storage,8,32,1000,4917,99.946,99.88,22.45,32.52,3515.8,0.137,98.34,94.94,92.04,0.1458,92.37,0.671,69.63,4.66,100
AWS,ap-south-1,Compute,8,32,1000,7596,99.999,100,28.24,43.07,5700.8,0.361,100,98.95,96.31,0.1259,91.96,0.165,76.87,4.21,100
AWS,ap-south-1,Database,4,32,500,7135,99.864,99.94,27.92,34.77,5760.29,0.344,96.34,95.39,95.47,0.1219,98.51,1.099,76.82,4.26,99.79
AWS,ap-south-1,Storage,8,16,50,6384,99.927,99.46,21.93,29.86,4585.5,0.453,95.89,92.46,97.07,0.1296,89.2,0.842,86.96,4.44,99.77
AWS,ap-south-1,Networking,16,32,100,3775,99.966,99.9,19.9,26.67,3418.42,0.148,100,98.72,94.02,0.1446,92.38,0.596,98.52,4.54,100
AWS,ap-south-1,Compute,2,4,2000,1997,99.928,99.6,23.95,34.99,1703.92,0.183,97.07,93.76,95.28,0.125,96.98,0.894,77.43,4.34,100
AWS,ap-south-1,Storage,32,256,1000,2028,99.952,99.9,28.86,41.67,1702.24,0.154,96.71,95.91,91.71,0.1178,94.0,0.87,87.75,4.31,99.25
AWS,ap-south-1,Storage,2,4,2000,1558,99.999,100,17.8,26.46,1382.45,0.204,99.24,98.08,96.05,0.1461,92.28,0.37,78.09,4.83,100
AWS,ap-south-1,Compute,2,8,250,5223,99.948,99.62,22.89,26.69,4901.0,0.24,95.99,91.21,94.73,0.1156,99.34,0.741,79.38,4.57,100
AWS,ap-south-1,Kubernetes,16,64,500,4553,99.999,99.5,16.75,20.91,3796.79,0,97.17,92.94,97.95,0.1209,76.02,0.074,85.84,4.68,100
AWS,ap-south-1,Networking,4,32,500,5975,99.894,99.95,16.87,25.15,5654.66,0.139,99.64,99.32,88.74,0.1323,86.5,1.094,92.05,4.69,98.76
AWS,ap-south-1,Compute,32,256,1000,3769,99.999,99.78,21.18,24.41,2995.32,0.058,98.02,94.63,94.33,0.1137,94.61,0.339,84.07,4.37,100
AWS,ap-southeast-1,Kubernetes,2,16,100,8383,99.999,99.8,15.64,20.77,7908.83,0.26,99.35,96.13,96.58,0.1466,91.1,0.493,80.63,4.62,100
AWS,ap-southeast-1,Database,2,8,500,5278,99.999,99.7,25.18,34.43,4660.18,0.334,100,96.9,96.86,0.1295,93.68,0.008,75.92,4.36,100
AWS,ap-southeast-1,Compute,8,16,100,7545,99.928,99.96,27.95,35.83,6548.96,0.26,97.93,96.15,92.21,0.112,89.72,0.625,82.33,4.39,99.7
AWS,ap-southeast-1,Networking,2,4,500,2401,99.999,99.74,16.07,19.64,1955.8,0.159,98.8,97.85,96.98,0.1254,99.11,0.434,80.08,4.68,100
AWS,ap-southeast-1,Storage,32,64,500,7593,99.902,100,13.61,16.24,5601.34,0.013,99.22,96.67,95.03,0.1477,85.13,1.252,83.48,4.72,99.37
AWS,ap-southeast-1,AI,2,8,2000,9939,99.935,100,19.82,30.82,9410.14,0.079,96.53,95.06,97.01,0.1456,92.74,0.641,85.27,4.45,100
AWS,ap-southeast-1,Compute,8,64,1000,5243,99.942,100,12.9,18.68,4598.76,0.172,95.36,92.1,99.0,0.1294,77.54,0.635,70.77,4.91,99.73
AWS,ap-southeast-1,Storage,8,64,500,9648,99.903,99.45,19.45,25.17,7881.39,0.192,98.87,98.74,89.24,0.1212,84.32,1.199,78.08,4.52,98.02
AWS,ap-southeast-1,Networking,8,64,250,2499,99.999,100,16.81,29.4,1955.82,0.169,100,95.68,94.23,0.1259,83.95,0.059,75.9,4.59,100
AWS,ap-southeast-1,Networking,8,64,2000,869,99.999,100,20.23,29.41,841.08,0.288,97.98,94.07,94.61,0.1011,96.96,0.014,86.36,4.51,100
AWS,ap-southeast-1,Compute,8,64,1000,9985,99.997,99.68,28.07,31.03,7530.48,0.009,97.91,97.7,97.72,0.1389,87.49,0.509,79.68,4.19,100
AWS,ap-southeast-1,AI,8,32,2000,2636,99.999,100,24.28,37.24,2285.75,0.264,98.63,98.26,90.84,0.124,83.88,0.159,65.14,4.45,100
AWS,ap-southeast-1,Storage,4,16,1000,8898,99.932,100,24.12,29.93,8429.53,0.195,96.33,93.52,92.7,0.124,86.16,1.02,78.25,4.52,98.45
AWS,ap-southeast-1,Networking,64,512,1000,4094,99.999,99.77,20.45,27.47,3233.7,0.413,97.1,92.99,91.36,0.1146,100,0.278,82.12,4.77,100
AWS,ap-southeast-1,Kubernetes,4,16,1000,1449,99.999,99.5,21.23,24.08,1402.28,0.2,98.59,96.47,94.91,0.1245,80.1,0.346,70.92,4.37,100
AWS,ap-southeast-1,Compute,64,128,2000,2619,99.999,99.85,22.94,28.22,1861.08,0.286,99.91,97.88,95.83,0.1374,80.1,0.043,75.68,4.55,100
AWS,ap-southeast-1,AI,32,64,2000,1136,99.972,99.81,16.69,20.07,1018.14,0.373,97.73,93.9,98.03,0.1435,92.02,0.614,73.03,4.72,100
AWS,ap-southeast-1,AI,4,8,2000,6506,99.998,99.41,14.55,28.08,5091.56,0.089,99.94,95.15,93.12,0.1241,84.65,0.497,82.34,4.96,100
AWS,ap-southeast-1,Compute,32,128,1000,9070,99.999,100,20.88,28.25,8249.37,0.284,96.82,95.71,93.43,0.1389,89.77,0.331,81.3,4.45,100
AWS,ap-southeast-1,Networking,32,128,2000,9105,99.999,99.47,24.65,39.02,7012.6,0.289,97.31,95.88,98.74,0.1462,86.78,0.187,82.41,4.51,100
AWS,ap-southeast-1,Database,8,64,1000,2596,99.926,99.46,20.48,25.68,2047.14,0.196,97.86,93.66,95.13,0.0994,84.66,0.7,78.69,4.6,99.77
AWS,ap-southeast-1,Kubernetes,8,32,1000,1883,99.999,99.42,26.88,35.88,1761.93,0.303,98.6,98.23,93.72,0.1298,88.69,0.14,78.49,4.34,100
AWS,ap-southeast-1,Storage,32,64,50,9137,99.963,99.86,30.46,37.56,7776.59,0.272,94.66,93.99,93.6,0.1377,84.74,0.742,84.81,4.45,98.33
AWS,ap-southeast-1,AI,32,256,100,8523,99.989,99.62,23.82,27.72,7317.68,0.052,98.53,94.73,92.55,0.1409,89.46,0.456,79.61,4.41,100
AWS,ap-southeast-1,Compute,8,32,500,7548,99.98,99.76,21.23,31.46,6654.22,0.422,97.87,95.02,99.76,0.1438,83.43,0.293,74.23,4.4,100
AWS,ap-southeast-1,Networking,32,128,500,3751,99.924,99.97,21.62,31.47,3537.05,0.102,98.77,98.39,95.28,0.1394,92.31,0.862,80.92,4.6,100
AWS,ap-southeast-1,Compute,2,16,100,6893,99.999,99.56,16.08,20.18,5754.45,0.093,98.59,95.72,95.27,0.1269,90.21,0.425,78.84,4.7,100
AWS,ap-southeast-1,AI,4,16,100,8564,99.999,100,20.6,31.2,7346.28,0.364,99.87,94.91,95.56,0.1548,92.8,0.15,85.41,4.54,100
AWS,ap-southeast-1,Kubernetes,4,32,2000,8469,99.963,99.87,28.39,33.38,6740.88,0.156,99.04,94.75,96.16,0.1341,92.12,0.491,77.01,4.48,100
AWS,ap-southeast-1,Kubernetes,32,256,50,8806,99.945,99.72,21.96,34.72,7353.25,0.312,98.45,95.84,97.98,0.135,82.85,0.888,87.1,4.64,99.73
AWS,ap-southeast-1,Networking,16,64,1000,9539,99.992,100,23.24,28.92,7951.71,0.254,96.91,93.37,100,0.1265,91.76,0.503,77.35,4.69,100
AWS,ap-southeast-1,AI,4,32,250,6798,99.951,99.76,23.77,31.27,5998.84,0.233,97.52,93.74,100,0.1132,97.46,0.573,81.45,4.53,100
AWS,ap-southeast-1,Networking,16,64,250,9564,99.926,99.73,27.19,38.91,8665.17,0.362,97.63,96.56,91.52,0.1461,87.18,0.813,76.0,4.28,98.87
AWS,ap-southeast-1,Compute,2,4,500,186,99.999,99.8,14.98,20.4,154.76,0.115,95.51,90.86,94.24,0.1198,84.92,0.193,77.26,4.58,100
AWS,ap-southeast-1,Database,4,32,500,7292,99.999,99.76,22.52,34.72,7004.79,0.16,97.12,93.75,94.78,0.0962,83.45,0.263,70.81,4.68,100
AWS,ap-southeast-1,Kubernetes,16,64,2000,6574,99.942,100,23.5,32.64,4630.09,0.171,95.54,93.8,88.55,0.1681,87.6,0.825,82.29,4.5,98.22
AWS,ap-southeast-1,Database,32,64,250,2967,99.95,100,23.05,35.48,2137.04,0.164,100,97.13,100,0.1259,83.57,0.877,87.55,4.39,100
AWS,ap-southeast-1,Kubernetes,16,128,500,9714,99.999,99.93,18.5,23.37,7501.05,0.054,98.64,96.87,98.56,0.1188,85.1,0.359,78.57,4.73,100
AWS,ap-southeast-1,Storage,64,512,250,1345,99.94,99.58,21.16,25.53,1059.7,0.237,99.18,95.49,98.84,0.1418,88.62,0.849,80.24,4.67,100
AWS,ap-southeast-1,Storage,32,128,100,1847,99.985,100,23.11,36.25,1787.19,0.22,99.11,97.54,95.02,0.1167,86.07,0.601,85.75,4.59,100
AWS,sa-east-1,Networking,32,128,500,3738,99.97,99.49,19.9,22.33,3166.86,0,100,97.71,98.3,0.1285,83.35,0.413,74.81,4.8,100
AWS,sa-east-1,Storage,4,16,1000,1750,99.939,100,26.9,35.03,1352.25,0.199,96.44,95.38,94.34,0.1512,94.39,0.798,71.81,4.46,99.92
AWS,sa-east-1,AI,32,64,1000,3844,99.999,99.82,16.12,20.67,3556.26,0,97.84,97.79,92.99,0.1537,84.36,0.408,88.43,4.68,100
AWS,sa-east-1,Database,64,256,500,5015,99.969,99.63,29.91,34.71,3577.49,0.348,98.48,94.75,96.04,0.1447,88.09,0.372,75.1,4.15,100
AWS,sa-east-1,Networking,2,8,50,5852,99.999,100,14.39,18.66,4422.4,0.015,96.17,93.73,93.01,0.1206,95.91,0.398,84.52,4.87,100
AWS,sa-east-1,Networking,4,8,2000,5627,99.909,99.7,24.6,31.06,4576.64,0.28,96.2,93.17,94.33,0.113,83.54,0.882,87.96,4.27,98.61
AWS,sa-east-1,AI,32,256,500,6882,99.999,100,28.81,40.48,5058.35,0.295,98.49,98.02,97.27,0.1308,94.88,0.383,78.03,4.2,100
AWS,sa-east-1,AI,2,4,250,2644,99.999,99.76,26.68,34.44,2139.41,0.288,96.79,96.62,99.87,0.1148,89.49,0.071,90.33,4.39,100
AWS,sa-east-1,Database,8,64,500,2313,99.999,99.75,20.82,31.09,1733.76,0.093,95.17,93.63,92.56,0.1233,88.95,0.29,69.49,4.6,100
AWS,sa-east-1,AI,16,64,100,5073,99.999,100,22.32,31.28,4628.21,0.277,94.65,93.15,96.86,0.1107,90.43,0.352,82.4,4.4,100
AWS,sa-east-1,AI,8,16,500,9284,99.935,99.95,23.17,28.04,8357.3,0.118,96.3,92.3,90.53,0.1188,85.73,0.56,78.35,4.44,99.06
AWS,sa-east-1,Networking,8,32,100,1221,99.987,99.57,25.01,35.11,1072.44,0.191,98.63,95.96,93.39,0.1371,90.19,0.198,83.8,4.35,100
AWS,sa-east-1,Storage,2,4,50,2568,99.999,99.55,22.26,29.09,2099.77,0.249,98.8,95.05,91.56,0.1449,90.41,0.356,79.38,4.51,100
AWS,sa-east-1,Database,4,16,500,306,99.999,100,26.74,38.33,235.53,0.282,94.67,92.06,91.78,0.1339,92.09,0.025,71.06,4.45,100
AWS,sa-east-1,Kubernetes,4,32,2000,791,99.968,99.8,16.95,23.64,580.75,0.086,95.31,94.13,95.3,0.1325,78.34,0.283,90.62,4.67,99.73
AWS,sa-east-1,Compute,4,8,50,9620,99.982,100,17.56,21.61,8339.96,0.146,94.6,89.62,95.94,0.1379,82.16,0.191,88.03,4.6,100
AWS,sa-east-1,Storage,4,16,100,5289,99.999,99.88,21.19,25.7,4822.91,0.249,97.32,92.83,91.97,0.1348,92.09,0.353,75.37,4.48,100
AWS,sa-east-1,Compute,32,64,1000,5796,99.945,99.8,26.02,30.11,5465.31,0.099,94.49,91.78,91.54,0.1124,92.89,0.706,81.16,4.31,99.12
AWS,sa-east-1,Storage,32,128,1000,4012,99.962,99.68,23.31,34.19,3894.87,0.26,98.92,96.88,93.23,0.1425,93.36,0.685,87.24,4.67,100
AWS,sa-east-1,Compute,4,8,100,1853,99.947,99.42,22.17,31.0,1593.36,0.297,97.93,94.9,91.24,0.1256,94.77,0.772,83.72,4.53,99.99
AWS,sa-east-1,AI,16,128,50,6013,99.86,100,18.63,31.34,4909.42,0.08,98.74,97.22,98.45,0.1283,90.48,1.255,82.63,4.56,100
AWS,sa-east-1,AI,16,32,100,8721,99.934,99.76,17.67,29.37,8418.39,0.057,95.34,91.83,93.62,0.1462,86.53,0.91,88.44,4.66,98.96
AWS,sa-east-1,Networking,8,64,100,8847,99.999,100,21.96,28.18,7065.66,0.097,98.19,94.56,100,0.126,84.71,0.194,76.16,4.43,100
AWS,sa-east-1,AI,8,32,500,7431,99.971,99.69,21.98,25.74,5273.82,0.216,100,98.93,95.53,0.0944,90.6,0.678,81.94,4.41,100
AWS,sa-east-1,Storage,32,256,1000,9465,99.978,100,22.92,32.48,7568.06,0.291,98.33,96.33,97.19,0.1061,87.96,0.294,79.05,4.39,100
AWS,sa-east-1,Networking,16,128,2000,9540,99.979,99.81,20.38,27.34,8393.59,0.381,99.59,95.19,96.27,0.1268,87.87,0.554,82.75,4.48,100
AWS,sa-east-1,Kubernetes,64,512,50,6366,99.999,100,23.63,34.7,5025.38,0.155,94.82,89.96,93.94,0.127,74.71,0.085,77.68,4.51,99.13
AWS,sa-east-1,AI,4,8,250,1452,99.888,99.68,23.0,30.65,1239.26,0.222,98.17,97.18,98.02,0.1217,84.29,1.243,73.06,4.3,99.01
AWS,sa-east-1,Kubernetes,4,8,50,4462,99.977,99.68,18.51,26.02,4277.98,0.311,96.85,96.72,97.39,0.1284,96.06,0.355,88.28,4.45,100
AWS,sa-east-1,Database,32,64,500,835,99.999,100,20.66,23.78,744.74,0.297,98.12,97.38,99.02,0.1434,96.96,0.378,78.71,4.46,100
AWS,sa-east-1,Database,16,64,50,5537,99.986,99.97,26.81,35.09,4191.87,0.192,99.95,99.86,94.66,0.1262,96.01,0.478,79.08,4.5,100
AWS,sa-east-1,Compute,4,32,1000,4544,99.999,100,23.91,36.99,3191.4,0.178,98.26,93.92,96.54,0.1446,89.26,0.338,80.69,4.28,100
AWS,sa-east-1,AI,8,32,1000,8809,99.998,99.42,23.4,25.92,8550.91,0.087,97.21,93.49,93.24,0.1171,95.46,0.474,77.74,4.57,100
AWS,sa-east-1,Storage,8,16,2000,4321,99.999,99.78,16.19,21.83,4010.58,0.287,100,99.56,95.7,0.1249,85.6,0.084,88.01,4.68,100
AWS,sa-east-1,Storage,16,32,1000,2602,99.931,100,23.54,34.03,2262.45,0.185,97.46,96.77,95.5,0.1104,86.92,0.84,90.58,4.51,99.61
AWS,sa-east-1,Networking,64,512,100,5301,99.999,99.7,24.04,27.93,4778.55,0.317,95.75,90.95,100,0.1022,100,0.023,79.69,4.41,100
AWS,sa-east-1,Networking,8,16,100,1849,99.978,100,22.68,32.64,1804.75,0.126,98.06,97.66,92.26,0.1517,91.14,0.476,87.73,4.52,100
AWS,sa-east-1,AI,8,16,500,8151,99.94,99.55,22.39,36.42,6222.12,0.003,98.51,97.5,99.29,0.1635,97.35,0.951,86.6,4.54,100
AWS,sa-east-1,Kubernetes,16,128,250,7596,99.999,100,19.26,30.62,6968.12,0.047,100,97.32,91.49,0.126,87.57,0.205,79.52,4.78,100
AWS,sa-east-1,AI,2,4,1000,8912,99.905,99.77,25.98,28.62,7630.06,0.119,96.63,92.5,94.57,0.1397,92.55,0.902,72.69,4.58,99.58
AWS,me-central-1,Database,4,16,2000,7500,99.999,100,24.54,33.64,5627.52,0.063,97.8,95.53,91.75,0.1111,91.01,0.205,89.85,4.61,100
AWS,me-central-1,AI,64,512,2000,2786,99.965,99.74,19.99,28.8,2039.26,0.11,98.61,93.86,95.89,0.1475,84.21,0.473,72.49,4.44,100
AWS,me-central-1,AI,64,128,100,2469,99.999,100,27.69,35.49,2018.37,0.214,98.79,97.77,99.78,0.1466,91.79,0.321,79.87,4.2,100
AWS,me-central-1,Storage,2,16,500,3997,99.985,99.59,27.74,29.83,3305.71,0.151,97.51,93.4,96.45,0.1346,96.93,0.56,80.8,4.4,100
AWS,me-central-1,Compute,2,16,1000,9984,99.936,99.51,30.59,41.32,7125.87,0.252,97.03,93.1,95.94,0.1355,83.73,0.815,72.42,4.07,98.86
AWS,me-central-1,AI,8,32,250,6308,99.999,99.61,15.9,19.49,5905.09,0.263,97.01,95.96,96.34,0.137,94.54,0.438,87.29,4.54,100
AWS,me-central-1,Storage,2,8,2000,4805,99.883,100,25.43,39.49,3712.85,0.13,94.77,92.28,93.09,0.1227,90.18,1.243,83.25,4.5,98.05
AWS,me-central-1,AI,2,4,50,7716,99.952,99.55,20.58,27.96,7233.44,0.32,95.35,95.3,84.4,0.156,87.36,0.548,77.91,4.66,98.17
AWS,me-central-1,AI,32,128,50,1965,99.952,100,18.64,22.92,1774.06,0.168,96.43,91.85,94.51,0.1164,96.36,0.549,75.81,4.59,100
AWS,me-central-1,Networking,8,32,500,1017,99.991,100,19.1,23.8,918.34,0.141,99.28,97.51,98.41,0.1337,80.04,0.411,79.71,4.44,100
AWS,me-central-1,Database,32,64,1000,6482,99.98,100,23.84,35.07,5957.32,0.168,100,98.14,100,0.1473,95.31,0.299,77.62,4.6,100
AWS,me-central-1,Storage,2,4,50,7370,99.88,99.38,21.73,30.02,7026.47,0.269,97.34,93.49,97.25,0.128,94.14,1.393,87.19,4.35,99.45
AWS,me-central-1,Storage,64,128,500,6450,99.956,100,17.26,26.99,4522.42,0.311,97.4,94.8,93.11,0.1482,90.32,0.394,76.99,4.77,100
AWS,me-central-1,Database,8,16,100,4795,99.963,99.71,25.46,31.02,3948.74,0.297,96.28,95.25,96.15,0.1375,85.81,0.306,78.62,4.34,100
AWS,me-central-1,Kubernetes,32,64,100,1267,99.93,100,29.82,43.57,1078.68,0.321,97.37,95.41,95.23,0.1167,91.42,0.583,86.56,4.2,100
AWS,me-central-1,Kubernetes,32,128,250,5544,99.999,99.87,16.24,28.06,4922.21,0,100,95.4,93.31,0.1363,96.74,0.241,71.24,4.64,100
AWS,me-central-1,Database,16,32,100,2454,99.999,99.87,17.75,28.4,2345.05,0.057,99.62,99.47,97.92,0.1434,86.3,0.402,76.03,4.81,100
AWS,me-central-1,Networking,32,256,100,8422,99.999,99.95,26.45,38.75,7774.28,0.198,96.32,93.22,98.86,0.1276,93.01,0.274,85.83,4.45,100
AWS,me-central-1,Compute,32,128,500,9393,99.985,99.94,17.12,31.22,7196.2,0.15,95.33,93.02,93.97,0.1216,90.56,0.411,81.63,4.51,100
AWS,me-central-1,AI,32,64,2000,9871,99.977,99.52,18.13,30.75,8275.87,0.158,100,100.0,93.9,0.1449,85.94,0.631,84.37,4.71,100
AWS,me-central-1,AI,16,32,100,5287,99.943,99.85,28.77,40.1,4706.89,0.492,100,96.94,91.55,0.106,89.6,0.916,86.76,4.48,99.35
AWS,me-central-1,Kubernetes,2,4,2000,9275,99.99,99.94,18.59,29.72,8729.16,0.235,97.18,95.28,93.36,0.1155,94.47,0.275,76.44,4.77,100
AWS,me-central-1,AI,8,32,100,4826,99.999,100,21.9,33.28,3559.65,0.235,92.39,91.97,95.23,0.1383,95.89,0.251,74.28,4.42,100
AWS,me-central-1,AI,16,128,100,7544,99.907,99.72,21.7,31.56,6231.44,0.178,98.84,96.33,96.52,0.1259,86.98,1.035,74.5,4.35,99.71
AWS,me-central-1,Networking,16,128,250,1954,99.858,99.87,17.06,30.23,1411.6,0.155,97.56,94.94,91.36,0.1512,95.93,1.51,80.25,4.63,98.82
AWS,me-central-1,AI,2,16,2000,8934,99.983,100,18.69,26.79,6385.82,0.091,94.81,92.7,99.33,0.1182,91.56,0.393,81.48,4.83,100
AWS,me-central-1,Database,64,256,2000,9335,99.965,99.44,27.62,33.42,8045.65,0.145,100,99.37,93.06,0.1188,90.98,0.646,80.96,4.3,100
AWS,me-central-1,Storage,8,16,2000,1927,99.883,99.32,16.67,20.95,1747.62,0.115,98.11,95.47,92.57,0.1261,93.15,1.329,95.62,4.67,99.16
AWS,me-central-1,Storage,16,64,500,3998,99.927,99.8,16.55,19.26,2985.86,0,98.28,95.96,92.3,0.1354,88.51,0.715,65.56,4.55,100
AWS,me-central-1,Networking,16,128,2000,6490,99.942,100,22.36,30.19,6124.47,0.452,100,99.79,95.51,0.1015,88.2,0.8,70.25,4.55,100
AWS,me-central-1,Compute,8,32,250,4475,99.982,100,19.09,24.24,3864.47,0.045,98.31,94.92,96.09,0.132,83.99,0.477,79.66,4.83,100
AWS,me-central-1,AI,2,8,50,8705,99.999,100,24.64,26.95,6628.31,0.233,100,95.82,96.92,0.112,87.25,0.054,73.91,4.6,100
AWS,me-central-1,Compute,4,16,2000,9374,99.98,100,19.58,30.17,6852.74,0.229,91.74,87.89,97.3,0.1077,94.72,0.194,74.91,4.71,100
AWS,me-central-1,Kubernetes,8,16,500,6466,99.961,99.51,23.22,31.61,6256.31,0.222,97.04,94.58,98.22,0.1195,88.0,0.774,80.49,4.44,100
AWS,me-central-1,Kubernetes,64,256,50,671,99.999,100,24.3,28.24,516.78,0.042,100,98.67,97.13,0.1189,86.98,0.328,86.48,4.45,100
AWS,me-central-1,Database,16,64,500,1248,99.966,100.0,21.92,31.29,1207.02,0.267,96.09,94.08,91.87,0.1283,95.86,0.739,82.53,4.52,100
AWS,me-central-1,AI,2,8,250,3427,99.976,100,23.01,36.67,2767.53,0.286,97.47,94.3,99.31,0.1376,91.63,0.505,82.51,4.41,100
AWS,me-central-1,Networking,4,16,500,1132,99.989,99.79,16.46,31.03,950.78,0.343,97.03,93.43,93.8,0.1512,93.84,0.096,82.08,4.71,100
AWS,me-central-1,AI,32,64,2000,9592,99.972,100,23.54,37.33,8689.67,0.216,98.13,98.06,95.04,0.1143,97.23,0.533,89.19,4.64,100
AWS,me-central-1,Storage,4,32,50,1842,99.999,100,25.54,31.92,1606.92,0.317,97.85,97.24,95.78,0.1262,84.94,0.426,74.93,4.23,100
Azure,us-east-1,Compute,2,16,100,5596,99.987,100,25.24,29.38,5104.19,0.3,96.07,92.11,96.51,0.1262,88.68,0.227,77.5,4.27,100
Azure,us-east-1,Networking,2,4,100,1560,99.932,99.57,18.83,27.02,1215.93,0.127,97.99,95.74,89.01,0.1405,93.11,0.608,84.2,4.6,100
Azure,us-east-1,Storage,16,128,50,5034,99.947,100,24.31,27.56,3855.94,0.334,97.17,96.08,96.48,0.1098,83.79,0.603,77.4,4.58,99.84
Azure,us-east-1,AI,64,256,500,2988,99.999,99.45,31.63,36.9,2136.8,0.271,98.69,98.17,95.55,0.118,86.5,0.316,76.58,4.4,100
Azure,us-east-1,Kubernetes,2,4,100,7387,99.913,99.69,22.05,34.17,5581.99,0.181,99.67,95.32,91.61,0.1366,94.73,0.86,81.24,4.54,100
Azure,us-east-1,Storage,4,8,1000,7554,99.971,99.48,27.48,32.99,6255.98,0.307,99.54,98.14,96.66,0.1234,91.3,0.399,73.9,4.25,100
Azure,us-east-1,Storage,8,64,100,2884,99.894,99.72,21.61,34.82,2204.29,0.113,94.8,94.73,95.92,0.1119,90.92,0.956,83.15,4.57,99.35
Azure,us-east-1,Kubernetes,32,64,1000,183,99.937,99.83,24.59,32.13,178.89,0.234,98.13,97.64,90.47,0.1325,82.81,0.702,88.7,4.37,98.74
Azure,us-east-1,Networking,4,8,250,4946,99.963,99.5,38.78,46.75,3484.26,0.359,92.26,89.95,92.44,0.1108,83.13,0.583,78.89,3.83,97.31
Azure,us-east-1,Compute,16,128,2000,122,99.962,100,22.82,30.36,115.92,0.215,99.36,95.39,94.67,0.1351,87.92,0.437,90.81,4.41,100
Azure,us-east-1,AI,32,256,250,944,99.987,99.63,26.45,35.71,824.45,0.223,96.66,91.75,95.39,0.1312,86.73,0.141,85.18,4.21,100
Azure,us-east-1,Database,64,128,2000,3793,99.904,99.84,31.72,38.57,3189.91,0.288,93.24,90.89,94.47,0.0914,89.91,0.992,85.87,4.23,98.09
Azure,us-east-1,Networking,64,512,50,3185,99.993,100,21.22,35.66,2301.0,0.278,96.5,94.02,92.52,0.1173,97.63,0.11,71.64,4.64,100
Azure,us-east-1,AI,32,64,500,5780,99.878,99.93,27.15,39.57,4080.77,0.279,95.2,92.31,94.59,0.1032,89.44,1.391,81.59,4.3,97.89
Azure,us-east-1,Storage,32,128,500,5082,99.853,100,20.49,27.33,3993.53,0.222,97.64,96.22,91.91,0.114,87.66,1.324,77.39,4.57,98.29
Azure,us-east-1,Compute,4,32,2000,2614,99.963,99.51,25.69,32.5,2557.16,0.161,96.21,91.32,92.54,0.133,82.87,0.397,64.51,4.4,99.21
Azure,us-east-1,Networking,2,8,500,2481,99.999,100,21.05,29.64,1845.11,0.334,95.8,90.95,93.3,0.1192,100,0.332,88.89,4.45,100
Azure,us-east-1,Database,16,64,2000,1940,99.938,99.98,15.47,22.69,1433.73,0.073,96.17,95.89,93.19,0.1147,90.73,0.919,76.32,4.58,99.64
Azure,us-east-1,Compute,4,8,50,8921,99.994,99.79,19.12,27.5,8636.73,0.29,96.32,92.99,93.55,0.1045,89.88,0.35,78.65,4.67,100
Azure,us-east-1,Compute,8,32,250,5147,99.999,99.82,22.85,37.76,3729.14,0.214,96.13,91.28,90.78,0.115,98.79,0.41,82.62,4.47,100
Azure,us-east-1,Kubernetes,4,8,250,7876,99.999,99.86,23.64,30.53,6252.89,0.358,95.97,95.1,92.36,0.1062,86.94,0.011,67.88,4.6,100
Azure,us-east-1,Storage,8,64,500,791,99.969,100,20.96,25.88,683.31,0.046,97.96,94.76,94.18,0.1356,93.48,0.646,86.31,4.65,100
Azure,us-east-1,Compute,16,128,2000,4109,99.999,100,25.21,31.91,3443.56,0.385,95.58,92.15,93.26,0.1068,91.51,0.248,82.41,4.33,100
Azure,us-east-1,Compute,8,16,1000,1058,99.984,100,27.53,34.23,945.98,0.255,97.61,96.15,94.77,0.1246,89.56,0.448,83.49,4.3,100
Azure,us-east-1,Storage,32,64,1000,5385,99.999,99.92,18.62,29.57,4802.29,0.138,93.74,93.67,98.33,0.1324,85.51,0.056,75.17,4.71,100
Azure,us-east-1,Kubernetes,2,4,100,8347,99.956,99.82,26.54,35.38,7939.47,0.123,93.81,93.24,90.3,0.1328,87.35,0.619,89.84,4.21,98.36
Azure,us-east-1,Compute,8,32,2000,6040,99.985,100,27.31,31.55,5898.2,0.011,96.97,96.32,92.85,0.1081,87.49,0.275,78.05,4.47,100
Azure,us-east-1,AI,16,128,50,1373,99.999,99.7,24.54,35.12,1126.89,0.254,92.71,92.49,94.73,0.1204,92.11,0.305,82.7,4.6,100
Azure,us-east-1,AI,4,32,100,3127,99.944,99.85,23.14,32.68,2316.34,0.23,99.14,96.07,91.58,0.1316,83.12,0.623,90.1,4.39,99.41
Azure,us-east-1,Kubernetes,4,32,100,4717,99.99,100,29.91,43.87,3307.62,0.264,93.94,93.02,87.27,0.1378,91.22,0.509,88.89,4.08,98.4
Azure,us-east-1,Kubernetes,4,32,100,6777,99.999,99.51,31.53,43.43,4978.47,0.357,96.46,94.82,95.04,0.1399,89.49,0.36,78.3,4.29,100
Azure,us-east-1,Kubernetes,4,32,500,4861,99.999,99.8,23.6,37.81,4568.84,0.378,99.99,96.62,90.68,0.1168,90.6,0.192,71.08,4.63,100
Azure,us-east-1,Networking,16,128,1000,1766,99.944,99.84,15.57,20.17,1319.63,0.112,95.8,93.68,95.51,0.0945,92.06,0.867,80.95,4.71,100
Azure,us-east-1,Storage,16,64,500,9982,99.999,100,20.35,23.94,8416.78,0.27,97.57,97.43,96.64,0.1046,100,0.253,83.41,4.78,100
Azure,us-east-1,Compute,16,128,2000,5456,99.99,99.65,28.57,40.55,3966.37,0.434,97.88,95.43,96.32,0.1447,97.03,0.476,73.4,4.3,100
Azure,us-east-1,Networking,16,32,500,7474,99.931,100,27.57,40.76,6193.73,0.401,96.37,95.69,94.78,0.1206,84.41,0.705,77.12,4.28,99.08
Azure,us-east-1,Networking,32,256,1000,9475,99.887,99.35,24.97,34.65,7047.19,0.323,95.48,94.06,94.8,0.1158,82.37,1.094,77.35,4.49,97.89
Azure,us-east-1,Compute,32,64,2000,5691,99.911,100,26.88,32.06,5564.35,0.24,96.68,93.24,94.54,0.126,91.95,0.827,82.75,4.36,99.68
Azure,us-east-1,Networking,16,128,500,9406,99.898,99.99,23.61,29.73,6637.93,0.215,96.6,94.16,94.12,0.1369,92.04,1.102,81.92,4.35,99.19
Azure,us-east-1,AI,8,16,1000,5007,99.915,99.72,27.24,40.17,4201.61,0.373,96.85,91.87,89.68,0.1444,91.52,0.948,81.49,4.52,98.58
Azure,us-west-2,AI,2,16,250,4578,99.999,99.6,26.95,37.42,3813.82,0.314,97.71,95.01,99.18,0.1321,84.98,0.159,73.13,4.39,100
Azure,us-west-2,Database,4,8,2000,8557,99.993,99.83,20.02,28.09,6500.13,0.36,94.3,90.45,92.84,0.1115,88.59,0.527,72.29,4.59,99.54
Azure,us-west-2,Storage,16,32,100,2565,99.948,99.51,17.19,31.03,2401.75,0.004,97.89,96.46,97.18,0.1098,86.75,0.732,78.3,4.8,100
Azure,us-west-2,Compute,4,8,100,5187,99.888,99.46,25.14,29.22,4264.32,0.235,96.81,93.52,93.34,0.0891,99.01,0.968,89.28,4.43,99.96
Azure,us-west-2,AI,2,4,250,9956,99.945,99.92,25.38,38.9,9631.68,0.373,99.06,97.88,91.3,0.12,81.87,0.641,76.96,4.35,99.07
Azure,us-west-2,AI,32,128,500,1578,99.952,99.53,26.04,33.11,1461.03,0.197,97.19,96.46,97.49,0.117,95.22,0.759,86.34,4.5,100
Azure,us-west-2,Networking,2,8,1000,6239,99.942,99.65,22.14,27.75,5320.67,0.147,98.39,96.55,94.36,0.0942,94.48,0.853,72.04,4.71,100
Azure,us-west-2,Storage,64,128,2000,4026,99.949,100,27.94,38.85,3538.47,0.213,97.18,97.15,87.83,0.1052,95.38,0.675,92.05,4.41,99.36
Azure,us-west-2,Storage,8,16,100,7290,99.88,100,17.95,31.22,6668.07,0.158,99.1,97.04,94.44,0.0899,87.94,1.37,77.5,4.54,99.07
Azure,us-west-2,Compute,64,256,1000,1187,99.909,99.45,28.36,30.71,1101.25,0.275,95.22,91.27,90.71,0.1323,84.52,0.75,73.15,4.4,97.98
Azure,us-west-2,Compute,2,4,100,8560,99.931,99.5,17.34,24.68,7547.96,0.265,93.12,92.45,96.94,0.1126,93.05,1.025,75.54,4.78,99.43
Azure,us-west-2,Kubernetes,16,64,100,6547,99.999,99.6,17.25,31.25,6204.04,0.211,93.95,89.08,100,0.1113,82.22,0.332,78.9,4.73,100
Azure,us-west-2,Networking,32,128,100,1559,99.979,99.58,23.36,35.42,1338.91,0.355,98.09,96.97,94.32,0.1109,84.84,0.628,90.37,4.58,99.75
Azure,us-west-2,Kubernetes,16,64,100,7166,99.992,100,19.75,27.19,7013.06,0.167,98.01,96.7,98.41,0.1121,93.29,0.269,84.81,4.53,100
Azure,us-west-2,Networking,2,4,500,2282,99.999,100,16.17,23.68,1851.42,0.185,99.29,99.03,96.87,0.1225,92.83,0.307,74.48,4.69,100
Azure,us-west-2,Networking,32,256,2000,845,99.999,99.89,24.16,27.88,681.63,0.389,98.22,97.37,93.37,0.1343,90.8,0.454,76.42,4.63,100
Azure,us-west-2,Database,32,128,100,4366,99.961,100,24.81,36.53,3212.52,0.379,96.16,93.09,89.89,0.1329,100,0.774,79.55,4.28,99.91
Azure,us-west-2,Networking,64,256,100,9204,99.994,100,19.33,24.32,8499.91,0.247,96.8,94.62,94.56,0.1181,97.81,0.065,81.55,4.68,100
Azure,us-west-2,AI,32,128,500,8177,99.999,100,28.14,33.84,6062.88,0.242,97.0,94.18,95.64,0.1714,80.7,0.425,84.95,4.53,99.53
Azure,us-west-2,Kubernetes,4,16,50,4133,99.959,99.51,18.03,28.87,3920.0,0.329,92.86,88.67,94.74,0.1338,83.39,0.528,89.87,4.6,99.03
Azure,us-west-2,AI,64,256,1000,195,99.943,100,25.05,40.05,170.48,0.018,97.31,92.99,96.11,0.1463,87.48,0.911,77.79,4.33,99.51
Azure,us-west-2,Database,32,128,50,6634,99.949,99.5,26.96,31.67,6075.72,0.253,94.64,89.87,94.36,0.1457,94.15,0.604,76.76,4.27,99.85
Azure,us-west-2,Database,64,512,100,5982,99.902,99.92,17.48,25.68,5046.07,0,94.02,89.97,94.41,0.1264,93.91,1.064,74.21,4.87,99.28
Azure,us-west-2,AI,16,128,100,2640,99.999,99.7,21.93,24.96,2326.43,0.316,95.21,91.79,95.7,0.1358,100,0.409,80.05,4.51,100
Azure,us-west-2,Kubernetes,2,4,1000,1863,99.899,99.76,23.72,30.34,1546.48,0.203,97.04,93.34,88.6,0.0919,89.1,1.105,82.6,4.66,98.05
Azure,us-west-2,Kubernetes,64,256,250,9720,99.936,99.6,17.36,31.29,8028.58,0.206,97.2,92.28,91.44,0.1058,91.96,0.914,77.04,4.88,99.56
Azure,us-west-2,Storage,2,4,100,7917,99.901,99.98,25.01,30.95,6999.9,0.244,94.72,89.91,89.18,0.114,84.87,1.202,80.87,4.58,96.98
Azure,us-west-2,Networking,2,4,2000,3183,99.972,99.85,21.88,32.02,2806.18,0.156,97.61,95.3,91.41,0.1212,93.94,0.622,83.58,4.68,100
Azure,us-west-2,Database,16,64,500,421,99.992,100,19.91,22.57,318.43,0.027,94.84,89.94,91.6,0.0999,84.23,0.066,79.35,4.58,100
Azure,us-west-2,AI,2,8,500,8064,99.87,99.54,23.46,28.48,7756.59,0.401,99.6,96.84,90.61,0.0947,90.78,1.07,72.49,4.64,99.13
Azure,us-west-2,Kubernetes,64,256,500,7247,99.991,100,24.43,29.29,5462.91,0.204,95.56,91.34,95.81,0.1292,95.75,0.528,83.4,4.37,100
Azure,us-west-2,Storage,64,512,2000,6002,99.976,99.48,17.12,28.86,5620.69,0.112,97.92,94.89,92.31,0.1441,92.42,0.529,63.48,4.77,100
Azure,us-west-2,Compute,32,64,50,5978,99.984,99.61,21.44,23.86,4450.08,0.314,94.49,93.88,88.39,0.1337,92.93,0.156,79.73,4.61,100
Azure,us-west-2,Storage,32,128,100,8544,99.931,100,22.86,37.37,6101.43,0.398,100,96.95,92.22,0.1315,88.62,0.927,86.19,4.5,99.66
Azure,us-west-2,Kubernetes,64,128,100,6025,99.973,99.81,26.77,30.06,4962.34,0.105,96.45,92.2,93.82,0.133,92.35,0.54,71.13,4.48,100
Azure,us-west-2,Networking,8,32,1000,2905,99.992,99.8,25.97,29.94,2647.49,0.165,95.73,91.72,97.41,0.129,91.7,0.445,74.4,4.26,100
Azure,us-west-2,Networking,8,16,500,2485,99.96,100,17.69,24.91,2099.47,0.259,95.17,94.98,95.15,0.1359,92.01,0.706,84.57,4.49,100
Azure,us-west-2,AI,64,512,250,6969,99.888,99.99,27.49,41.31,5958.57,0.22,96.54,91.94,98.66,0.1234,96.02,0.897,76.16,4.33,100
Azure,us-west-2,AI,64,256,2000,5756,99.999,100,19.47,21.96,4681.13,0.222,96.49,95.86,96.4,0.1265,81.89,0.175,79.44,4.6,100
Azure,us-west-2,Compute,8,64,100,483,99.999,100,25.24,36.69,418.23,0.262,97.54,95.68,99.17,0.1237,91.12,0.501,78.85,4.36,100
Azure,eu-west-1,Networking,16,64,1000,185,99.813,99.5,27.31,40.94,171.22,0.402,94.37,92.62,93.73,0.0968,88.6,1.806,82.06,4.29,96.52
Azure,eu-west-1,Kubernetes,16,128,2000,4157,99.998,99.53,26.96,30.87,3134.03,0.289,96.25,94.13,90.75,0.1259,91.15,0.232,80.53,4.3,100
Azure,eu-west-1,AI,32,256,1000,6568,99.996,99.88,20.18,34.5,5768.08,0.355,95.97,93.44,93.9,0.1303,91.49,0.398,64.81,4.59,100
Azure,eu-west-1,Kubernetes,2,16,100,7561,99.868,99.42,25.1,34.93,7291.37,0.083,98.89,98.69,99.41,0.1533,94.48,1.258,67.27,4.51,100
Azure,eu-west-1,Kubernetes,2,4,100,9760,99.846,99.73,28.44,40.05,7665.95,0.271,96.29,96.06,95.87,0.1353,89.45,1.23,77.59,4.38,98.55
Azure,eu-west-1,Kubernetes,16,128,1000,2275,99.954,99.59,19.27,32.53,1886.12,0.089,97.91,95.86,95.01,0.1314,82.97,0.527,74.07,4.44,100
Azure,eu-west-1,Kubernetes,64,256,2000,1550,99.999,99.98,19.32,28.62,1333.25,0.238,95.78,92.69,89.49,0.1264,88.81,0.07,87.37,4.75,100
Azure,eu-west-1,Kubernetes,32,64,50,8813,99.954,99.4,24.71,38.25,8110.53,0.252,97.96,95.95,98.69,0.1175,83.6,0.589,80.84,4.47,100
Azure,eu-west-1,Kubernetes,2,16,250,6358,99.949,99.96,25.97,31.29,4627.44,0.287,96.29,95.44,95.46,0.1231,94.79,0.454,79.36,4.58,100
Azure,eu-west-1,Compute,2,8,100,6863,99.98,100,22.08,27.19,6613.47,0.247,97.2,94.68,93.42,0.133,95.94,0.457,79.36,4.51,100
Azure,eu-west-1,AI,16,32,500,3929,99.958,100,23.6,35.52,3359.85,0.196,98.83,96.6,93.28,0.1199,94.6,0.659,69.51,4.62,100
Azure,eu-west-1,Networking,4,8,1000,7042,99.999,99.67,22.78,32.85,5011.8,0.325,97.35,92.74,86.94,0.1426,91.53,0.335,79.95,4.31,99.8
Azure,eu-west-1,Database,4,32,1000,4709,99.999,100,25.85,29.45,4038.73,0.227,95.48,93.32,96.86,0.1165,88.59,0.078,85.07,4.33,100
Azure,eu-west-1,Networking,64,256,2000,7517,99.939,99.34,29.83,36.1,5938.87,0.36,100,96.96,100,0.1206,98.42,0.942,83.7,4.25,100
Azure,eu-west-1,Compute,64,256,500,8916,99.999,100,27.99,40.6,7867.07,0.075,100,98.12,92.48,0.1387,99.36,0.231,71.31,4.21,100
Azure,eu-west-1,Networking,2,8,250,3261,99.917,99.55,24.97,31.62,2300.76,0.206,95.71,92.12,100,0.1206,87.22,0.711,74.31,4.52,100
Azure,eu-west-1,Database,64,512,100,216,99.981,99.95,31.0,39.42,175.16,0.399,95.61,92.2,91.16,0.1231,84.55,0.429,82.88,4.41,98.77
Azure,eu-west-1,Kubernetes,32,64,1000,4594,99.977,100,29.62,34.91,4491.77,0.253,92.48,89.28,90.53,0.1313,93.36,0.465,93.43,4.31,98.94
Azure,eu-west-1,Networking,8,16,2000,8591,99.904,99.39,24.79,30.4,7839.51,0.301,96.81,95.83,92.57,0.1185,90.16,0.981,78.78,4.35,98.89
Azure,eu-west-1,Database,16,32,100,3325,99.972,99.48,26.96,39.47,2910.3,0.364,95.73,94.48,95.96,0.1337,86.78,0.52,80.4,4.55,99.73
Azure,eu-west-1,Networking,32,64,50,9929,99.888,99.42,19.36,22.15,8688.84,0.156,95.5,95.17,93.4,0.1121,98.94,0.914,85.66,4.7,100
Azure,eu-west-1,Networking,16,32,50,1014,99.911,100,22.78,27.81,818.1,0.365,96.84,94.92,96.84,0.1057,89.38,1.011,86.08,4.57,99.63
Azure,eu-west-1,Compute,2,8,1000,5477,99.93,99.81,23.0,35.93,3852.75,0.199,98.68,96.9,90.08,0.1134,94.24,1.015,77.21,4.65,99.42
Azure,eu-west-1,AI,2,4,250,9676,99.833,99.24,27.98,40.06,8817.01,0.202,96.34,94.5,99.79,0.1083,94.27,1.406,72.26,4.51,99.26
Azure,eu-west-1,Storage,32,64,500,5733,99.961,99.94,26.52,37.2,5471.46,0.285,99.69,98.03,91.32,0.1152,89.23,0.657,88.08,4.42,99.9
Azure,eu-west-1,Compute,2,8,50,8225,99.951,99.56,24.34,29.45,6271.13,0.261,98.72,95.02,98.16,0.1616,88.68,0.761,87.3,4.51,100
Azure,eu-west-1,Storage,8,16,1000,1987,99.984,99.56,27.36,42.04,1742.15,0.354,96.7,95.39,92.52,0.1108,93.43,0.23,82.59,4.48,100
Azure,eu-west-1,Storage,8,16,50,2348,99.886,100,28.85,33.98,1716.56,0.367,94.47,89.59,93.0,0.0992,79.91,1.315,89.07,4.48,96.56
Azure,eu-west-1,AI,4,8,100,8825,99.915,99.64,26.68,29.28,7658.99,0.341,97.92,93.98,93.68,0.1288,95.74,0.987,90.1,4.23,99.82
Azure,eu-west-1,Kubernetes,32,128,100,1433,99.969,100,17.09,30.56,1249.82,0.22,95.3,94.4,96.58,0.1173,94.3,0.623,73.19,4.51,100
Azure,eu-west-1,AI,8,64,500,9667,99.93,99.58,21.8,26.64,9189.14,0.148,96.16,91.95,94.65,0.1327,92.04,0.773,88.63,4.62,99.91
Azure,eu-west-1,AI,8,16,1000,774,99.882,99.93,25.21,37.67,634.14,0.152,96.07,94.9,94.62,0.1248,92.12,1.103,78.42,4.29,99.07
Azure,eu-west-1,Networking,32,256,50,4628,99.97,99.64,23.19,27.75,3332.06,0.297,95.8,92.39,94.48,0.0692,98.69,0.402,74.18,4.29,100
Azure,eu-west-1,Storage,64,512,250,239,99.955,100,20.77,33.46,190.5,0.449,99.91,94.96,93.86,0.1119,90.54,0.738,82.86,4.48,100
Azure,eu-west-1,Storage,16,32,1000,9717,99.969,99.82,17.44,23.51,8767.68,0.002,97.39,96.34,95.28,0.1148,82.33,0.343,74.57,4.65,100
Azure,eu-west-1,Database,8,64,50,8288,99.985,100,16.96,24.2,6590.21,0.037,95.27,95.16,96.22,0.1159,88.96,0.508,83.06,4.52,100
Azure,eu-west-1,Networking,32,256,1000,9502,99.999,99.49,15.69,20.14,7194.7,0.061,95.01,90.54,96.35,0.1316,87.68,0.062,86.04,4.93,100
Azure,eu-west-1,Kubernetes,32,128,50,3158,99.985,100,32.36,41.17,2551.82,0.346,96.8,95.16,96.39,0.1486,90.55,0.35,65.95,4.34,100
Azure,eu-west-1,Storage,16,128,50,6473,99.999,99.9,21.77,32.99,4766.59,0.247,93.24,90.3,97.07,0.109,82.82,0.245,78.08,4.74,99.89
Azure,eu-west-1,Storage,16,32,500,4144,99.842,99.95,22.58,34.16,3921.0,0.099,98.62,95.12,94.97,0.1398,86.25,1.411,77.57,4.39,98.52
Azure,eu-central-1,Storage,16,32,100,7179,99.844,99.54,26.3,40.6,5394.05,0.172,98.1,94.96,92.75,0.1083,87.09,1.369,88.03,4.3,97.98
Azure,eu-central-1,Storage,16,64,1000,2086,99.97,100,23.95,31.82,1521.66,0.249,94.77,94.41,91.35,0.1053,89.79,0.367,79.99,4.37,99.68
Azure,eu-central-1,Compute,16,32,50,4205,99.999,100,29.89,32.78,3328.64,0.298,97.24,96.54,90.55,0.1123,100,0.282,82.0,4.46,100
Azure,eu-central-1,Networking,4,16,50,8859,99.948,99.79,21.57,29.3,7866.7,0.295,96.06,93.4,94.17,0.1263,79.7,0.502,88.14,4.54,99.14
Azure,eu-central-1,Compute,64,512,50,6499,99.93,99.36,19.97,24.59,5637.87,0.293,98.12,98.04,94.88,0.1225,88.19,0.684,91.07,4.53,100
Azure,eu-central-1,Networking,4,8,2000,2850,99.948,99.58,22.82,32.96,2403.98,0.264,98.84,96.7,91.57,0.1282,87.99,0.732,84.17,4.7,99.6
Azure,eu-central-1,Storage,8,16,500,3585,99.932,99.43,24.38,27.25,3327.68,0.187,96.14,91.22,91.67,0.1097,96.41,0.652,62.15,4.31,99.99
Azure,eu-central-1,Kubernetes,8,16,1000,5414,99.999,99.88,23.28,29.6,4817.44,0.384,98.3,94.05,93.2,0.1377,87.09,0.326,75.81,4.46,100
Azure,eu-central-1,Networking,32,256,2000,3908,99.872,99.41,23.87,27.48,2750.14,0.406,95.65,95.26,94.67,0.1201,91.62,1.143,75.97,4.52,98.84
Azure,eu-central-1,Storage,2,4,2000,9898,99.999,100,23.69,35.92,9360.07,0.295,97.54,93.47,95.96,0.1442,85.0,0.028,81.28,4.54,100
Azure,eu-central-1,Storage,32,64,2000,4168,99.975,99.43,18.14,22.53,3177.2,0.266,99.14,94.37,91.39,0.1182,92.3,0.519,94.14,4.81,100
Azure,eu-central-1,Database,32,256,100,3971,99.897,99.5,23.8,31.32,3299.03,0.272,96.14,91.3,95.71,0.1069,96.19,1.124,84.46,4.29,99.65
Azure,eu-central-1,Database,16,64,100,7812,99.895,100,25.71,38.03,7075.95,0.269,94.12,90.32,88.46,0.1151,96.65,0.853,77.14,4.32,98.67
Azure,eu-central-1,Networking,16,64,250,7531,99.937,99.71,29.03,33.57,6285.65,0.211,100,96.35,98.12,0.1288,90.26,0.965,74.86,4.34,100
Azure,eu-central-1,Networking,8,32,500,5143,99.908,100,19.87,26.87,4188.77,0.418,97.74,96.46,95.64,0.1024,95.03,1.02,78.76,4.61,100
Azure,eu-central-1,Networking,8,64,50,6413,99.999,99.85,21.09,31.3,4924.28,0.39,96.07,94.76,95.18,0.1096,83.19,0.346,78.07,4.52,100
Azure,eu-central-1,Database,4,8,50,1612,99.881,99.58,16.97,25.71,1307.89,0,93.67,92.4,90.68,0.1156,94.38,1.044,88.61,4.75,98.68
Azure,eu-central-1,Kubernetes,64,256,2000,1556,99.999,99.89,27.31,32.03,1436.67,0.304,96.93,96.09,91.82,0.1348,89.46,0.382,88.49,4.39,99.96
Azure,eu-central-1,Kubernetes,64,256,2000,7160,99.973,99.56,27.4,41.73,6423.47,0.294,97.5,97.21,95.8,0.1084,87.05,0.44,80.27,4.19,100
Azure,eu-central-1,Compute,16,128,1000,1889,99.97,99.43,22.23,28.67,1477.34,0.164,94.04,93.54,95.68,0.1182,91.03,0.53,80.01,4.49,100.0
Azure,eu-central-1,AI,2,4,1000,218,99.907,99.62,27.41,39.25,211.32,0.263,95.43,93.72,97.44,0.1342,96.48,1.046,80.37,4.39,99.8
Azure,eu-central-1,AI,2,8,250,1741,99.999,99.65,24.16,26.49,1414.57,0.358,92.18,88.42,88.13,0.1268,87.65,0.069,71.28,4.31,98.97
Azure,eu-central-1,Kubernetes,16,128,100,151,99.999,99.8,23.13,25.72,140.06,0.325,96.01,92.98,94.3,0.116,94.82,0.412,78.12,4.52,100
Azure,eu-central-1,Kubernetes,64,512,50,6405,99.941,100,26.54,39.67,4740.25,0.136,99.48,97.97,93.51,0.1108,96.42,0.724,68.34,4.51,100
Azure,eu-central-1,Networking,2,8,2000,8958,99.952,100,26.75,34.41,8159.94,0.244,99.46,94.95,92.9,0.1314,99.72,0.742,80.86,4.38,100
Azure,eu-central-1,Kubernetes,2,16,100,8857,99.911,100,20.54,30.02,8172.81,0.17,98.68,94.13,95.85,0.0984,91.81,1.173,78.63,4.47,99.9
Azure,eu-central-1,Kubernetes,4,8,250,1995,99.944,100,25.88,40.13,1586.56,0.205,98.21,96.31,92.94,0.1386,93.11,0.736,77.01,4.53,100
Azure,eu-central-1,Networking,16,64,250,2169,99.883,99.74,23.33,31.32,1653.21,0.135,100,97.5,96.28,0.115,86.65,1.011,77.29,4.42,99.84
Azure,eu-central-1,Storage,2,16,250,5160,99.874,100,23.91,34.11,4007.08,0.314,95.66,95.36,90.8,0.1395,100,1.119,85.47,4.33,99.25
Azure,eu-central-1,Database,64,512,50,3033,99.999,99.75,18.95,23.02,2377.11,0.277,95.37,93.0,87.92,0.1237,93.28,0.019,78.2,4.54,100
Azure,eu-central-1,Networking,64,128,2000,9078,99.929,100,25.31,38.36,8266.74,0.095,95.85,95.16,91.37,0.1281,90.79,0.921,79.14,4.54,98.77
Azure,eu-central-1,AI,4,32,2000,249,99.886,99.64,30.0,36.89,181.41,0.344,96.48,96.2,88.21,0.1259,87.26,1.402,65.74,4.42,96.7
Azure,eu-central-1,Networking,64,256,1000,7207,99.999,100,22.94,31.29,5860.14,0.302,99.79,97.91,94.47,0.0989,87.95,0.352,82.47,4.39,100
Azure,eu-central-1,Networking,16,64,2000,7392,99.933,100,25.5,34.12,5345.44,0.107,94.66,93.29,94.3,0.1109,87.11,0.547,81.04,4.42,99.37
Azure,eu-central-1,Networking,64,256,250,9462,99.981,99.91,26.51,33.78,8514.43,0.346,94.1,90.19,91.16,0.1312,95.71,0.5,90.52,4.37,99.71
Azure,eu-central-1,Database,2,4,2000,2022,99.979,100,28.9,32.5,1517.27,0.12,97.32,94.51,92.18,0.1291,92.85,0.236,96.37,4.3,100
Azure,eu-central-1,Networking,32,64,500,101,99.95,100,25.23,34.17,100,0.321,95.27,90.72,92.59,0.1089,90.26,0.469,74.36,4.35,99.74
Azure,eu-central-1,Database,2,4,50,3181,99.999,99.66,30.12,39.81,2418.39,0.385,96.73,93.98,96.84,0.1128,84.81,0.147,77.89,4.28,100
Azure,eu-central-1,Compute,64,256,2000,2446,99.931,99.75,23.66,28.16,2213.99,0.391,94.96,91.94,93.86,0.1585,82.26,0.735,90.69,4.5,98.52
Azure,eu-central-1,Compute,32,64,50,4525,99.967,99.38,25.36,32.08,3862.28,0.384,96.41,95.28,95.73,0.1475,99.97,0.43,68.68,4.47,100
Azure,ap-south-1,AI,2,4,1000,5122,99.873,100,20.16,25.82,3722.42,0.126,97.51,95.92,97.18,0.1446,90.91,1.151,84.59,4.52,99.82
Azure,ap-south-1,Kubernetes,32,256,500,7912,99.918,99.69,22.3,26.16,7059.6,0.189,96.51,93.32,89.72,0.0977,100,0.943,81.56,4.56,99.68
Azure,ap-south-1,Compute,4,16,250,7778,99.91,99.62,23.95,36.54,6376.2,0.432,100,97.97,91.78,0.1233,80.55,0.874,82.06,4.38,98.73
Azure,ap-south-1,AI,4,32,50,1485,99.947,100,18.92,26.43,1244.43,0.369,96.72,94.15,88.55,0.105,84.33,0.675,87.08,4.67,98.68
Azure,ap-south-1,Storage,4,32,50,7062,99.926,100,17.64,30.34,5426.32,0.159,94.3,91.26,86.65,0.0924,88.8,1.036,74.34,4.67,97.65
Azure,ap-south-1,Networking,4,8,250,2284,99.827,99.34,23.15,26.62,1869.14,0.161,97.0,93.17,96.0,0.1319,96.22,1.841,78.48,4.61,98.36
Azure,ap-south-1,Networking,64,512,500,3662,99.999,99.86,19.72,33.88,3546.86,0,97.4,97.37,93.38,0.1268,88.6,0.454,79.15,4.67,100
Azure,ap-south-1,Database,4,16,250,245,99.997,99.79,26.77,30.38,177.31,0.21,98.63,97.5,93.84,0.1351,96.06,0.269,78.07,4.5,100
Azure,ap-south-1,Networking,2,8,2000,7298,99.975,100,27.18,31.76,5995.37,0.144,98.94,95.22,98.69,0.1284,91.25,0.298,82.14,4.37,100
Azure,ap-south-1,AI,8,16,500,8112,99.865,99.37,21.78,35.24,7300.88,0.141,100,98.06,98.55,0.1219,85.55,1.333,80.97,4.68,99.43
Azure,ap-south-1,Networking,2,16,100,952,99.93,99.84,20.7,26.47,926.68,0.199,97.1,96.34,90.81,0.1456,86.24,0.802,80.03,4.43,98.93
Azure,ap-south-1,Compute,4,32,500,3350,99.864,99.67,25.14,29.59,2441.67,0.235,96.22,95.62,89.91,0.1297,87.94,1.517,79.41,4.57,97.0
Azure,ap-south-1,Compute,32,64,50,934,99.905,99.67,27.33,34.87,836.91,0.344,96.42,95.87,93.74,0.1117,90.72,0.787,88.86,4.46,99.37
Azure,ap-south-1,Database,4,8,50,954,99.926,100.0,21.02,28.62,744.01,0.184,95.2,94.64,98.02,0.0965,90.25,0.714,75.79,4.71,100
Azure,ap-south-1,Compute,64,256,2000,9748,99.903,100,23.3,36.84,8598.41,0.258,96.95,94.02,96.86,0.112,87.47,0.844,77.79,4.41,99.78
Azure,ap-south-1,Networking,2,16,1000,5718,99.932,100,28.3,31.96,5220.97,0.227,95.99,92.2,93.64,0.1149,79.77,0.753,74.85,4.38,98.19
Azure,ap-south-1,AI,64,128,500,1209,99.889,100,24.52,30.09,1168.72,0.261,95.77,95.46,92.25,0.1456,100,1.368,84.04,4.45,98.95
Azure,ap-south-1,Database,32,64,100,7272,99.95,100,20.06,24.45,6677.33,0.136,97.62,93.22,95.39,0.1265,97.57,0.478,70.96,4.59,100
Azure,ap-south-1,Compute,4,16,2000,4499,99.921,99.96,23.21,27.14,3206.76,0.234,98.43,94.47,94.84,0.1479,88.25,1.074,80.07,4.48,99.37
Azure,ap-south-1,Compute,64,256,2000,6147,99.895,99.65,32.63,46.31,5824.38,0.322,99.79,99.74,95.6,0.1079,89.35,0.984,79.41,4.28,99.53
Azure,ap-south-1,Networking,32,256,1000,1843,99.937,99.97,17.98,27.84,1778.1,0.173,95.34,94.33,98.2,0.1083,91.57,0.608,83.79,4.69,100
Azure,ap-south-1,Compute,64,256,250,2530,99.968,99.53,22.98,27.43,1899.58,0.309,96.63,96.52,99.48,0.1335,82.84,0.5,82.63,4.46,100
Azure,ap-south-1,Compute,4,8,500,4118,99.881,99.29,25.61,37.36,3346.7,0.247,98.59,98.04,92.39,0.0893,92.89,0.959,86.79,4.56,99.51
Azure,ap-south-1,Compute,8,16,2000,9924,99.999,99.84,24.88,31.28,9607.75,0.377,97.68,94.86,97.03,0.1315,95.47,0.362,82.8,4.58,100
Azure,ap-south-1,Kubernetes,32,256,250,9006,99.999,99.55,29.22,42.09,6563.47,0.258,97.38,95.24,97.44,0.1111,89.42,0.079,77.59,4.14,100
Azure,ap-south-1,Networking,64,512,50,8157,99.962,99.97,25.69,35.69,5942.26,0.347,100,95.52,93.23,0.1366,84.79,0.366,83.22,4.37,100
Azure,ap-south-1,Storage,16,32,2000,5040,99.921,100,21.68,28.48,4763.37,0.201,99.99,96.04,97.5,0.1164,85.06,0.766,90.31,4.69,100
Azure,ap-south-1,Storage,16,64,2000,7938,99.96,99.84,22.2,28.4,6506.67,0.214,97.21,94.73,92.34,0.1165,85.37,0.386,88.02,4.47,99.91
Azure,ap-south-1,Compute,64,128,500,6959,99.891,99.51,22.48,25.57,5831.14,0.154,93.59,89.53,93.51,0.1274,88.54,1.231,84.85,4.64,97.8
Azure,ap-south-1,Storage,8,64,500,2288,99.965,100,23.33,35.98,1825.41,0.35,99.42,94.56,89.1,0.1481,97.71,0.424,80.53,4.67,100
Azure,ap-south-1,Kubernetes,2,16,2000,2444,99.942,99.71,24.64,35.26,2371.11,0.139,99.11,98.96,97.37,0.1229,81.38,0.503,82.11,4.42,100
Azure,ap-south-1,Kubernetes,4,8,500,2395,99.949,99.38,17.81,29.96,1877.35,0.101,96.73,92.33,95.44,0.1023,92.83,0.755,80.05,4.87,100
Azure,ap-south-1,AI,64,256,1000,4327,99.999,100,21.7,36.35,3888.32,0.165,98.02,96.96,94.81,0.1294,89.64,0.269,80.74,4.44,100
Azure,ap-south-1,Compute,32,64,2000,7774,99.878,100,24.82,31.65,6323.59,0.224,96.88,95.07,94.69,0.1295,92.33,1.188,77.73,4.57,99.12
Azure,ap-south-1,Database,2,4,1000,279,99.952,99.4,20.56,26.06,238.4,0.189,94.63,90.68,93.41,0.153,87.45,0.874,74.32,4.78,98.74
Azure,ap-south-1,Compute,8,32,1000,3292,99.93,99.35,27.66,33.97,2632.4,0.38,94.64,90.76,97.27,0.1036,89.87,1.005,81.95,4.2,98.94
Azure,ap-south-1,Kubernetes,8,16,100,7687,99.999,100,26.66,37.52,7431.71,0.275,95.76,93.25,96.08,0.1085,74.46,0.078,74.34,4.27,99.49
Azure,ap-south-1,Database,4,16,250,6003,99.865,100,17.35,22.46,4269.36,0.138,93.06,90.22,89.58,0.1215,82.17,1.576,80.85,4.58,96.01
Azure,ap-south-1,Compute,32,64,500,1641,99.921,100,24.68,31.28,1284.53,0.366,96.46,91.53,95.63,0.1039,84.61,0.67,80.53,4.27,99.48
Azure,ap-south-1,AI,32,128,50,6055,99.982,99.89,20.86,27.63,5691.46,0.254,98.85,95.44,93.22,0.1505,88.56,0.566,79.01,4.5,100
Azure,ap-southeast-1,Compute,64,128,2000,4111,99.93,99.68,19.12,28.53,3055.61,0.268,97.69,94.34,95.79,0.1237,100,0.986,72.72,4.5,100
Azure,ap-southeast-1,Networking,2,4,2000,1875,99.999,99.68,19.52,25.64,1715.81,0.223,93.9,91.52,96.54,0.1221,90.67,0.506,83.39,4.63,100
Azure,ap-southeast-1,Database,4,16,1000,613,99.999,99.82,23.47,38.19,439.81,0.298,97.1,93.31,89.06,0.1293,91.05,0.115,79.95,4.63,100
Azure,ap-southeast-1,Storage,16,32,250,7496,99.992,99.74,20.47,23.67,6652.7,0.194,95.17,94.35,99.64,0.1283,97.0,0.514,74.05,4.51,100
Azure,ap-southeast-1,Kubernetes,64,256,250,9444,99.945,100,24.36,35.05,8681.49,0.211,94.38,89.69,93.31,0.107,100,0.752,79.56,4.59,100
Azure,ap-southeast-1,Storage,4,16,250,1961,99.97,99.41,18.22,32.48,1517.0,0.131,95.1,92.21,85.19,0.1103,84.67,0.672,79.9,4.58,97.8
Azure,ap-southeast-1,AI,32,128,100,5803,99.958,99.86,26.52,33.25,5166.39,0.358,95.7,95.08,93.2,0.1199,98.66,0.486,86.2,4.44,100
Azure,ap-southeast-1,Compute,16,128,250,1957,99.999,100,22.02,29.69,1574.36,0.164,95.38,92.2,93.42,0.1076,83.63,0.151,92.06,4.69,100
Azure,ap-southeast-1,Storage,2,4,2000,369,99.912,99.73,21.25,24.55,309.59,0.215,96.55,95.1,87.13,0.1363,89.37,0.929,81.12,4.61,98.25
Azure,ap-southeast-1,Kubernetes,16,32,250,7701,99.871,100,27.86,34.73,6908.37,0.278,96.14,94.82,93.63,0.1051,100,1.145,81.74,4.44,99.53
Azure,ap-southeast-1,Kubernetes,2,4,50,2612,99.974,99.99,16.58,20.79,2207.95,0.161,94.69,92.74,91.38,0.123,92.71,0.493,78.47,4.54,100
Azure,ap-southeast-1,Compute,4,32,500,2946,99.914,100,26.0,29.64,2192.9,0.279,95.23,91.42,98.69,0.1125,87.68,0.746,81.84,4.47,99.79
Azure,ap-southeast-1,Database,2,4,500,289,99.904,99.94,20.11,23.14,204.55,0.142,96.95,94.68,87.49,0.1286,87.36,0.961,77.21,4.44,98.2
Azure,ap-southeast-1,Kubernetes,4,32,100,6294,99.959,99.47,18.18,28.48,4890.38,0.311,98.77,95.79,92.33,0.1512,93.35,0.615,77.42,4.82,100
Azure,ap-southeast-1,AI,8,16,500,1749,99.939,99.52,24.05,34.98,1260.33,0.279,95.3,91.26,93.7,0.1206,100,0.672,83.76,4.44,100
Azure,ap-southeast-1,Database,2,4,250,5781,99.881,99.43,24.56,38.6,4931.28,0.335,97.42,94.87,98.14,0.1145,90.2,1.046,81.99,4.56,99.78
Azure,ap-southeast-1,Database,4,8,50,2173,99.944,99.54,28.56,34.38,2101.08,0.212,94.6,92.6,97.09,0.1402,90.16,0.823,84.26,4.16,99.31
Azure,ap-southeast-1,Compute,16,32,1000,9726,99.916,99.75,30.59,38.09,9405.56,0.099,98.12,95.09,94.47,0.1141,83.61,1.042,74.7,4.19,98.4
Azure,ap-southeast-1,Storage,16,32,50,8478,99.949,99.53,28.11,37.0,7368.12,0.457,99.74,97.59,88.88,0.1304,96.0,0.607,80.12,4.38,100
Azure,ap-southeast-1,Networking,8,16,50,5319,99.92,99.88,18.12,23.14,4041.68,0.101,96.71,95.62,92.91,0.0845,93.38,0.673,76.95,4.54,100
Azure,ap-southeast-1,Compute,2,16,2000,7009,99.928,99.93,20.11,28.53,6502.6,0.211,96.85,94.58,94.91,0.114,92.49,0.6,76.3,4.79,100
Azure,ap-southeast-1,AI,64,512,50,7665,99.929,100,31.5,34.01,6230.01,0.492,97.81,93.8,89.91,0.1448,90.94,0.887,78.45,4.26,98.71
Azure,ap-southeast-1,Kubernetes,8,32,1000,871,99.889,99.3,27.84,31.42,720.56,0.43,96.64,96.4,87.62,0.1281,89.18,1.071,84.18,4.26,97.6
Azure,ap-southeast-1,Kubernetes,4,8,50,3231,99.935,99.64,16.78,27.73,3000.05,0.158,97.44,97.2,93.93,0.1428,89.01,0.545,79.21,4.59,100
Azure,ap-southeast-1,Networking,8,64,100,2357,99.928,99.57,22.99,36.04,1860.65,0.309,95.06,92.45,97.19,0.1224,84.37,1.023,73.1,4.59,98.68
Azure,ap-southeast-1,Kubernetes,16,32,50,4422,99.958,99.57,17.73,28.14,3532.48,0.215,96.73,94.26,92.08,0.1052,88.14,0.764,76.77,4.72,99.46
Azure,ap-southeast-1,Kubernetes,2,8,100,9775,99.954,99.74,19.21,29.73,7700.16,0.34,97.83,93.25,92.39,0.1261,91.63,0.789,72.02,4.75,100.0
Azure,ap-southeast-1,AI,4,8,250,7031,99.972,99.4,26.94,40.33,6634.12,0.236,97.25,96.32,92.64,0.106,100,0.597,76.54,4.46,100
Azure,ap-southeast-1,Kubernetes,2,8,500,3574,99.985,99.79,27.83,31.1,3010.09,0.354,96.76,95.29,94.78,0.1097,84.79,0.448,73.88,4.34,99.71
Azure,ap-southeast-1,Database,2,16,50,4178,99.984,99.78,23.28,26.14,2986.76,0.31,97.41,93.83,94.52,0.1345,96.88,0.178,87.85,4.34,100
Azure,ap-southeast-1,Kubernetes,16,32,100,3435,99.926,99.56,26.7,35.24,2978.03,0.262,95.31,90.78,92.67,0.1252,90.62,0.94,79.09,4.5,98.66
Azure,ap-southeast-1,Networking,4,8,2000,7875,99.941,100,24.36,36.24,7660.99,0.289,95.64,95.64,92.75,0.1208,94.54,0.479,78.2,4.65,100
Azure,ap-southeast-1,AI,8,16,1000,8343,99.964,99.73,25.95,33.84,6059.48,0.205,98.54,96.11,98.61,0.1212,89.75,0.656,85.58,4.32,100
Azure,ap-southeast-1,Kubernetes,64,512,500,1947,99.942,100,28.8,33.67,1711.69,0.35,96.69,93.8,96.47,0.1243,90.98,0.958,76.3,4.47,99.51
Azure,ap-southeast-1,AI,64,128,250,9027,99.994,99.7,21.41,32.24,8741.08,0.137,95.39,90.42,93.6,0.1246,93.29,0.492,87.03,4.62,100
Azure,ap-southeast-1,Compute,2,8,500,9384,99.999,100,22.59,33.5,7326.6,0.341,100,96.88,93.33,0.1317,100,0.241,78.36,4.39,100
Azure,ap-southeast-1,Networking,16,32,100,4736,99.962,99.86,22.17,35.02,3962.81,0.315,99.66,95.74,94.09,0.115,97.82,0.331,87.44,4.35,100
Azure,ap-southeast-1,Kubernetes,8,16,2000,3323,99.848,100,27.71,32.94,2596.67,0.505,95.48,90.95,95.4,0.1103,93.31,1.554,87.09,4.47,98.11
Azure,ap-southeast-1,Database,64,256,1000,2380,99.936,100,21.56,24.68,1756.42,0.136,95.26,93.38,93.15,0.1232,85.47,0.792,76.98,4.57,98.84
Azure,ap-southeast-1,AI,32,256,2000,5958,99.898,99.6,24.83,34.1,4872.1,0.228,94.05,90.97,94.38,0.138,94.0,1.293,80.33,4.59,98.37
Azure,sa-east-1,Compute,32,128,50,6533,99.999,99.99,28.24,41.15,5419.69,0.292,96.26,95.72,90.39,0.1026,100,0.05,83.38,4.25,100
Azure,sa-east-1,Networking,2,16,1000,8469,99.949,99.66,22.68,31.12,6414.57,0.328,95.24,93.73,97.88,0.1199,81.27,0.521,80.68,4.52,99.6
Azure,sa-east-1,Database,4,8,50,100,99.999,99.88,30.75,33.07,100,0.308,93.47,91.97,95.4,0.13,97.23,0.261,81.77,4.1,100
Azure,sa-east-1,Kubernetes,32,256,500,2118,99.885,99.95,26.35,30.57,1592.2,0.325,94.82,93.37,90.01,0.1156,88.36,1.289,86.76,4.32,97.23
Azure,sa-east-1,Networking,16,128,50,7701,99.904,99.35,26.1,28.24,5451.01,0.137,94.41,91.31,95.03,0.0988,81.64,0.916,92.84,4.41,97.94
Azure,sa-east-1,Networking,16,64,50,2693,99.888,99.63,30.14,37.21,2264.54,0.21,95.96,92.37,97.82,0.0943,86.13,0.925,77.71,4.35,98.99
Azure,sa-east-1,Networking,8,32,50,8025,99.91,99.66,27.16,39.24,7098.21,0.068,98.22,93.44,90.84,0.1097,93.21,0.985,75.49,4.54,99.15
Azure,sa-east-1,Database,4,8,50,1840,99.875,99.66,24.02,37.95,1454.75,0.26,100,96.36,99.12,0.1143,96.34,1.401,93.38,4.64,100
Azure,sa-east-1,Networking,2,4,2000,1294,99.905,99.5,25.39,28.79,1134.53,0.315,98.91,96.13,94.34,0.1213,95.29,0.986,70.97,4.53,100
Azure,sa-east-1,AI,4,16,1000,3250,99.959,99.7,24.46,28.28,3148.45,0.266,97.4,93.07,94.44,0.0856,83.6,0.327,73.78,4.36,100
Azure,sa-east-1,Compute,16,32,100,9444,99.978,99.5,19.83,32.25,7553.46,0.357,94.13,91.28,90.54,0.1193,82.78,0.399,77.25,4.61,98.75
Azure,sa-east-1,Compute,32,256,250,469,99.969,100,33.38,36.26,449.41,0.332,97.77,94.9,98.68,0.1127,89.61,0.681,86.43,4.19,100
Azure,sa-east-1,Storage,32,256,50,9648,99.84,99.97,25.62,31.01,7464.22,0.345,97.1,94.37,94.51,0.1098,87.27,1.446,87.87,4.26,98.01
Azure,sa-east-1,Storage,16,32,1000,679,99.939,99.84,25.26,38.8,554.44,0.237,99.2,98.68,87.11,0.1338,95.82,0.726,80.86,4.43,99.72
Azure,sa-east-1,Database,2,4,50,3314,99.853,99.39,22.31,24.99,2952.59,0.213,96.29,94.15,90.21,0.1322,85.01,1.558,68.16,4.33,96.77
Azure,sa-east-1,Kubernetes,8,16,250,7252,99.982,100,22.55,34.33,5263.19,0.328,96.4,92.39,94.2,0.1251,89.65,0.547,80.0,4.69,100
Azure,sa-east-1,Storage,4,16,50,5246,99.907,99.8,28.73,36.95,4030.97,0.251,98.34,95.63,97.95,0.106,91.76,0.803,79.48,4.14,100
Azure,sa-east-1,AI,16,128,250,6111,99.958,99.98,20.73,31.8,5396.14,0.13,100,96.47,93.6,0.1299,93.57,0.589,79.25,4.72,100
Azure,sa-east-1,Compute,4,16,2000,9159,99.962,99.4,27.74,38.82,8504.92,0.451,96.06,93.56,100,0.1345,90.71,0.631,78.97,4.21,100
Azure,sa-east-1,Database,2,8,1000,6390,99.85,99.6,24.23,28.63,5161.24,0.308,98.62,95.91,94.56,0.1233,91.38,1.412,88.11,4.3,98.85
Azure,sa-east-1,Networking,32,64,50,5686,99.939,99.63,18.49,30.27,5358.53,0.232,92.34,87.68,87.25,0.1189,85.94,0.888,87.41,4.68,97.24
Azure,sa-east-1,Database,32,256,250,2763,99.999,99.69,22.89,28.54,2702.03,0.245,95.88,92.02,100,0.1182,100,0.349,78.48,4.59,100
Azure,sa-east-1,Database,64,256,2000,302,99.996,100,27.65,35.67,238.54,0.271,91.92,89.52,95.88,0.1251,92.72,0.252,80.42,4.17,100
Azure,sa-east-1,Database,32,256,250,1149,99.914,99.97,25.13,30.09,1057.41,0.244,99.02,97.85,97.5,0.1363,84.71,0.775,82.86,4.45,100
Azure,sa-east-1,Database,2,16,2000,3834,99.999,99.48,26.36,39.51,2961.9,0.257,96.46,94.72,98.51,0.1262,83.36,0.185,73.27,4.49,100
Azure,sa-east-1,Storage,32,128,2000,6915,99.998,99.69,25.83,32.51,5388.61,0.393,98.55,93.84,94.63,0.1228,87.09,0.507,85.64,4.49,100
Azure,sa-east-1,Storage,32,64,50,3564,99.971,99.75,19.53,26.0,3274.05,0.063,97.25,93.62,93.8,0.1199,88.87,0.337,82.43,4.78,100
Azure,sa-east-1,Database,32,256,1000,9082,99.944,99.92,19.05,28.94,6665.71,0.32,95.27,94.29,90.29,0.1129,89.44,0.78,84.54,4.51,98.95
Azure,sa-east-1,AI,4,16,250,1990,99.931,100,19.93,29.22,1926.58,0.165,95.51,94.36,94.66,0.1479,94.38,0.59,81.43,4.41,100
Azure,sa-east-1,Kubernetes,4,16,2000,9680,99.916,99.51,19.29,26.6,8933.09,0.166,98.39,93.98,95.26,0.1349,94.69,0.928,82.81,4.76,100
Azure,sa-east-1,Compute,8,64,2000,7798,99.949,99.7,21.92,36.79,5533.0,0.08,100,95.48,95.92,0.131,81.69,0.476,73.74,4.45,100
Azure,sa-east-1,AI,8,32,1000,1865,99.965,99.5,23.96,31.27,1691.27,0.173,97.84,95.45,96.59,0.1434,86.44,0.503,84.15,4.3,100
Azure,sa-east-1,Kubernetes,2,4,50,9824,99.888,99.34,20.7,32.09,8124.33,0.18,97.21,94.74,95.69,0.118,86.4,1.039,72.72,4.57,99.15
Azure,sa-east-1,Storage,8,32,500,5319,99.956,99.7,14.1,25.6,3785.75,0.336,96.27,94.7,91.9,0.1307,100,0.57,82.5,4.8,100
Azure,sa-east-1,Storage,4,16,250,1838,99.999,100,21.29,33.11,1359.17,0.264,100,97.3,99.52,0.1212,82.71,0.022,91.33,4.75,100
Azure,sa-east-1,Compute,8,64,500,7388,99.857,100,23.01,35.99,5781.73,0.351,95.58,91.25,96.98,0.1126,91.61,1.37,79.66,4.56,98.84
Azure,sa-east-1,Networking,64,128,2000,1318,99.922,100,28.21,40.31,1024.49,0.2,95.2,93.03,91.37,0.1074,100,0.975,81.44,4.19,99.33
Azure,sa-east-1,Storage,64,128,2000,230,99.952,99.99,29.31,37.42,217.16,0.305,97.9,97.24,95.95,0.1296,95.41,0.629,86.14,4.2,100
Azure,sa-east-1,Kubernetes,2,8,50,8139,99.918,99.5,23.03,29.97,6103.21,0.162,95.51,92.22,95.15,0.1304,85.62,0.948,78.65,4.58,98.73
Azure,sa-east-1,Networking,16,128,500,9895,99.914,99.43,27.58,39.4,7193.95,0.433,98.74,95.43,98.02,0.1229,89.15,0.829,74.87,4.5,100
Azure,me-central-1,Kubernetes,16,128,100,8025,99.999,99.72,17.26,22.74,6968.08,0.163,98.22,95.4,93.33,0.1062,85.87,0.116,77.2,4.57,100
Azure,me-central-1,Networking,16,64,50,4496,99.915,100,24.26,29.13,3948.18,0.347,93.61,93.06,94.92,0.1149,88.05,1.118,77.58,4.44,98.21
Azure,me-central-1,Storage,2,8,50,5560,99.999,99.63,20.42,27.13,4752.75,0.136,98.37,94.07,91.0,0.0887,95.17,0.107,84.18,4.65,100
Azure,me-central-1,Networking,32,256,100,323,99.96,99.61,24.18,32.48,311.15,0.322,96.54,92.68,95.81,0.1276,93.43,0.4,79.57,4.35,100
Azure,me-central-1,Database,16,32,2000,4523,99.963,99.95,22.78,25.04,3805.03,0.181,92.67,92.19,89.33,0.1379,87.1,0.668,71.22,4.36,98.05
Azure,me-central-1,Kubernetes,16,128,2000,483,99.932,99.62,28.2,35.09,351.58,0.411,97.35,95.96,93.25,0.1029,95.03,0.757,77.92,4.37,99.96
Azure,me-central-1,Kubernetes,64,256,250,9055,99.938,99.97,19.72,27.53,7803.66,0.367,98.34,97.62,94.8,0.1297,92.73,0.735,86.66,4.73,100
Azure,me-central-1,Database,32,64,50,2415,99.872,99.31,28.36,31.13,2044.43,0.374,94.21,90.03,89.71,0.1012,94.32,1.273,76.97,4.17,97.5
Azure,me-central-1,Networking,64,128,1000,8107,99.908,100,23.02,31.71,7154.93,0.162,97.82,97.3,98.24,0.1378,89.91,1.162,72.83,4.63,99.78
Azure,me-central-1,Database,2,4,100,7269,99.967,99.48,22.57,31.39,6890.58,0.085,98.46,98.42,94.13,0.1194,86.3,0.336,89.57,4.36,100
Azure,me-central-1,Storage,32,128,1000,6188,99.922,99.65,23.06,37.44,4834.41,0.159,95.21,94.16,89.04,0.0699,86.55,0.807,79.59,4.33,98.12
Azure,me-central-1,Storage,32,256,500,260,99.937,99.96,26.29,37.41,216.25,0.273,98.84,98.37,93.99,0.1169,93.08,0.603,78.15,4.34,100
Azure,me-central-1,Database,8,64,50,3256,99.936,99.41,31.33,41.45,3070.62,0.24,96.93,93.63,92.7,0.1399,96.24,0.716,85.59,4.31,99.8
Azure,me-central-1,AI,32,64,100,8657,99.877,99.45,20.44,26.05,6860.2,0.223,99.05,96.69,90.02,0.0759,84.63,1.385,83.75,4.75,97.76
Azure,me-central-1,Database,4,8,100,7890,99.981,99.94,21.49,29.21,7502.34,0.328,95.9,95.32,95.16,0.1303,95.21,0.483,75.75,4.56,100
Azure,me-central-1,Compute,32,128,1000,1381,99.999,100,18.85,30.1,1336.12,0.367,94.84,90.9,92.09,0.1143,87.85,0.428,74.0,4.7,99.76
Azure,me-central-1,Database,8,32,2000,5768,99.945,99.87,21.25,28.22,4941.69,0.449,97.0,94.79,93.91,0.1205,89.27,0.527,85.17,4.72,100
Azure,me-central-1,Kubernetes,8,64,50,4573,99.989,100,24.67,29.96,3814.09,0.395,100,95.68,95.26,0.1196,88.32,0.399,88.49,4.45,100
Azure,me-central-1,Storage,64,512,1000,1802,99.962,100.0,24.23,37.55,1712.61,0.336,93.62,93.34,98.02,0.1226,94.68,0.372,82.51,4.44,100
Azure,me-central-1,AI,64,512,2000,373,99.913,99.73,29.18,44.01,355.06,0.341,96.77,93.45,92.91,0.1154,90.63,1.058,78.94,4.42,98.65
Azure,me-central-1,Kubernetes,4,32,250,1475,99.957,99.47,25.07,35.33,1283.82,0.212,98.61,95.81,91.15,0.126,88.44,0.765,68.84,4.6,99.33
Azure,me-central-1,Storage,2,4,50,3090,99.946,99.59,21.46,33.71,2674.46,0.381,96.42,92.8,92.91,0.1016,91.46,0.542,84.49,4.39,100
Azure,me-central-1,Database,64,512,100,5187,99.999,100,26.06,31.0,3889.43,0.316,97.93,96.45,96.02,0.1373,87.91,0.102,79.36,4.37,100
Azure,me-central-1,Compute,64,512,500,2893,99.999,100,25.74,36.86,2337.52,0.191,98.33,97.29,93.51,0.1193,81.73,0.181,68.71,4.29,100
Azure,me-central-1,Compute,32,64,250,3675,99.938,99.37,24.2,28.02,2691.14,0.207,95.65,92.7,92.38,0.0998,93.5,0.792,77.45,4.31,99.4
Azure,me-central-1,Networking,4,16,500,5583,99.894,99.99,31.39,40.5,4200.6,0.276,94.43,91.46,95.39,0.1031,92.59,1.224,79.19,4.32,98.33
Azure,me-central-1,AI,8,64,250,8006,99.932,99.73,20.96,34.67,7780.35,0.331,93.97,89.2,90.45,0.1232,94.11,0.8,87.07,4.4,99.02
Azure,me-central-1,Compute,64,512,100,9405,99.95,99.35,21.89,27.91,7460.81,0.476,97.7,96.88,92.02,0.1448,84.75,0.78,87.46,4.62,99.0
Azure,me-central-1,Compute,4,8,100,7252,99.982,100,25.61,33.81,6466.75,0.311,94.0,90.51,91.6,0.0953,91.39,0.319,74.45,4.33,99.74
Azure,me-central-1,Database,16,32,250,2287,99.914,99.34,26.09,35.86,1782.25,0.168,95.3,90.45,88.58,0.1138,96.11,0.955,82.83,4.5,98.55
Azure,me-central-1,Kubernetes,8,64,50,9916,99.951,99.64,15.13,19.87,8733.63,0.193,95.44,93.32,95.48,0.1382,96.16,0.608,71.56,4.95,100
Azure,me-central-1,Kubernetes,4,8,500,8576,99.978,99.76,20.14,33.35,6201.64,0.183,98.75,95.87,92.72,0.1249,90.34,0.576,73.35,4.41,100
Azure,me-central-1,Networking,16,32,250,7062,99.946,100,29.66,36.51,6137.01,0.332,95.74,93.91,90.89,0.1178,95.32,0.668,87.34,4.32,99.46
Azure,me-central-1,Kubernetes,2,4,50,5623,99.999,99.86,21.99,35.33,4342.05,0.082,96.44,92.1,93.61,0.1263,90.31,0.225,87.72,4.59,100
Azure,me-central-1,Networking,8,64,250,485,99.92,99.57,23.33,33.6,387.97,0.321,96.66,92.97,94.29,0.1234,91.07,0.94,82.31,4.4,99.42
Azure,me-central-1,Kubernetes,16,64,250,5758,99.999,99.55,22.92,34.45,4424.15,0.316,96.23,94.36,88.94,0.1169,90.52,0.27,88.46,4.35,99.88
Azure,me-central-1,AI,32,256,50,5634,99.999,99.52,21.07,26.41,4610.35,0.453,99.82,97.66,95.03,0.1309,83.61,0.334,81.67,4.64,100
Azure,me-central-1,Kubernetes,32,64,2000,900,99.91,99.99,27.22,39.33,821.7,0.119,95.71,91.16,95.92,0.1352,84.0,0.857,79.13,4.55,98.77
Azure,me-central-1,Kubernetes,64,128,250,4475,99.864,99.72,25.65,36.87,3927.98,0.315,94.53,91.48,95.23,0.1296,84.8,1.198,72.91,4.39,97.81
Azure,me-central-1,Compute,32,64,250,5680,99.911,99.88,30.74,39.66,4217.39,0.379,95.43,92.13,91.2,0.1282,93.24,0.8,86.1,4.05,98.86
GCP,us-east-1,Kubernetes,4,32,1000,6148,99.932,100,27.29,36.89,5080.83,0.216,95.1,91.27,93.36,0.1342,87.95,0.854,77.91,4.16,98.66
GCP,us-east-1,Database,32,64,500,2123,99.989,100,22.61,26.68,2075.86,0.169,96.8,94.76,92.19,0.12,84.96,0.479,72.93,4.59,99.57
GCP,us-east-1,Networking,64,128,2000,5306,99.898,99.3,20.93,26.65,4048.63,0.071,99.24,97.24,95.86,0.0877,98.48,1.275,84.9,4.51,100
GCP,us-east-1,Compute,2,8,1000,6950,99.999,99.72,20.34,30.4,6103.47,0.163,94.37,89.64,91.89,0.1295,85.25,0.507,80.0,4.6,99.06
GCP,us-east-1,Storage,8,16,2000,9952,99.999,100,17.1,21.2,8504.74,0.298,97.88,93.19,88.58,0.1212,87.8,0.193,77.8,4.54,100
GCP,us-east-1,Networking,32,128,500,4114,99.938,99.58,17.04,27.38,3158.43,0.22,99.13,94.58,95.99,0.1044,81.37,0.897,79.6,4.6,99.62
GCP,us-east-1,Networking,64,256,1000,7803,99.972,99.85,19.84,23.41,6373.37,0.188,95.51,95.39,97.75,0.0977,85.07,0.609,79.25,4.65,100
GCP,us-east-1,Database,2,8,500,8481,99.923,99.98,17.87,29.73,7806.58,0.333,97.83,96.0,96.52,0.1187,82.27,0.906,82.81,4.68,99.52
GCP,us-east-1,Database,2,8,2000,1313,99.884,99.32,22.63,33.59,1195.75,0.23,95.53,94.15,90.26,0.124,91.18,1.092,84.64,4.7,98.23
GCP,us-east-1,AI,32,128,2000,4871,99.932,100,26.95,37.7,4183.89,0.216,97.36,94.32,97.46,0.1208,87.53,0.618,79.8,4.23,100
GCP,us-east-1,Storage,8,16,1000,297,99.955,99.67,27.38,37.42,269.89,0.376,96.35,92.09,92.93,0.1313,92.42,0.443,71.54,4.36,100
GCP,us-east-1,Networking,32,128,100,8029,99.967,99.72,20.59,25.51,7749.15,0.159,97.62,94.37,95.16,0.1184,81.31,0.405,67.18,4.42,100
GCP,us-east-1,Networking,32,64,2000,3418,99.952,100,21.78,27.31,2992.09,0.331,98.42,98.02,91.94,0.116,84.9,0.868,73.11,4.64,99.08
GCP,us-east-1,AI,4,32,2000,4115,99.971,99.5,27.3,32.91,3084.94,0.351,96.53,92.0,92.7,0.1197,78.89,0.605,78.67,4.46,98.36
GCP,us-east-1,Networking,16,64,50,8897,99.972,99.67,20.12,27.87,8195.96,0.303,99.16,96.17,94.52,0.111,93.92,0.463,86.35,4.43,100
GCP,us-east-1,Database,16,128,100,9749,99.984,100,15.81,25.63,8069.75,0.326,98.06,95.49,93.02,0.1387,95.33,0.377,76.3,4.84,100
GCP,us-east-1,Networking,64,512,1000,5159,99.943,100,19.62,33.23,4704.24,0.201,95.75,91.94,93.31,0.1267,90.08,0.711,89.9,4.68,99.72
GCP,us-east-1,AI,32,64,100,1881,99.963,99.52,18.24,21.58,1580.98,0.13,94.99,94.22,96.34,0.0838,85.87,0.448,81.08,4.52,100
GCP,us-east-1,Kubernetes,64,128,250,8561,99.999,99.73,20.31,34.44,7883.39,0.218,98.05,97.33,90.66,0.1297,86.66,0.244,73.97,4.61,100
GCP,us-east-1,Kubernetes,32,128,500,192,99.964,100,16.94,31.62,186.48,0.06,100,98.96,97.32,0.1239,90.95,0.672,78.39,4.77,100
GCP,us-east-1,Networking,8,64,1000,3367,99.98,100,15.7,19.78,2771.81,0.151,99.5,94.74,94.17,0.0954,87.59,0.518,81.16,4.56,100
GCP,us-east-1,Database,16,32,250,9702,99.944,100,22.31,36.31,8528.99,0.207,99.21,97.59,95.84,0.1144,96.22,0.506,77.05,4.66,100
GCP,us-east-1,Kubernetes,32,64,1000,1541,99.919,100,22.35,34.97,1314.54,0.156,99.18,94.82,89.76,0.0724,96.62,0.995,78.97,4.58,99.83
GCP,us-east-1,AI,64,128,100,5363,99.906,99.7,21.88,27.2,4254.16,0.15,98.0,95.94,88.79,0.1104,90.36,1.13,78.12,4.53,98.46
GCP,us-east-1,Compute,8,16,1000,7263,99.999,99.96,20.72,26.4,6859.63,0.149,97.72,97.26,96.3,0.1157,90.81,0.175,82.68,4.57,100
GCP,us-east-1,Kubernetes,32,128,1000,3227,99.961,99.7,14.17,27.62,2648.29,0.123,96.54,93.3,96.24,0.106,88.42,0.681,70.92,4.67,100
GCP,us-east-1,Networking,2,8,1000,4913,99.999,100,21.3,26.66,3465.06,0.229,96.19,93.9,96.13,0.0905,86.04,0.119,80.98,4.61,100
GCP,us-east-1,Database,32,64,100,2529,99.969,99.6,23.44,35.57,1788.87,0.08,98.71,97.13,89.54,0.1223,88.75,0.521,81.3,4.52,99.75
GCP,us-east-1,Compute,4,8,250,547,99.999,99.8,27.5,35.28,450.24,0.324,96.88,94.64,90.49,0.1241,85.12,0.38,81.62,4.22,99.26
GCP,us-east-1,Compute,4,32,1000,8562,99.999,99.76,25.66,37.4,6281.94,0.121,99.1,95.1,93.28,0.1173,100,0.166,79.9,4.43,100
GCP,us-east-1,Database,16,64,500,1739,99.886,99.76,28.64,34.55,1624.63,0.109,99.48,97.53,95.34,0.1064,93.63,1.41,84.59,4.25,99.2
GCP,us-east-1,Storage,2,4,100,3005,99.936,99.75,20.17,22.97,2234.56,0.144,98.96,97.11,88.21,0.1177,84.53,0.914,82.03,4.42,98.51
GCP,us-east-1,Kubernetes,64,512,100,6081,99.977,99.71,19.67,29.8,4533.17,0.111,96.83,92.92,93.04,0.1075,94.38,0.635,81.21,4.46,100
GCP,us-east-1,Compute,2,16,500,9905,99.955,100,18.6,26.05,7211.16,0.145,99.19,97.12,94.73,0.1208,88.91,0.395,68.99,4.52,100
GCP,us-east-1,Compute,8,32,500,4308,99.999,99.53,25.22,33.43,3456.58,0.132,97.79,96.69,89.88,0.1062,87.35,0.382,84.01,4.59,99.66
GCP,us-east-1,Networking,64,256,250,1824,99.96,100,24.04,32.05,1649.64,0.191,91.1,89.77,97.48,0.1228,88.43,0.615,77.26,4.61,99.2
GCP,us-east-1,Storage,2,16,500,886,99.998,99.59,10.27,15.36,623.75,0,99.28,95.0,88.73,0.0809,90.42,0.213,90.88,4.96,100
GCP,us-east-1,Database,16,128,250,9043,99.883,99.74,23.44,38.4,7989.75,0.144,94.81,90.95,92.75,0.1268,98.53,1.028,89.71,4.38,99.4
GCP,us-east-1,Kubernetes,2,8,500,516,99.985,100,20.54,29.7,394.02,0.159,98.2,96.02,93.38,0.125,86.94,0.265,90.45,4.58,100
GCP,us-east-1,Networking,32,64,100,3734,99.965,100,18.37,27.69,3392.29,0.012,99.36,96.66,92.16,0.1098,91.8,0.542,83.62,4.79,100
GCP,us-west-2,Storage,4,32,2000,3807,99.999,100,15.44,28.6,2826.98,0.283,100,98.52,91.54,0.1044,86.9,0.147,92.51,4.76,100
GCP,us-west-2,Storage,64,256,50,1326,99.959,100,26.1,40.57,1043.89,0.383,96.06,91.95,91.08,0.0755,91.49,0.354,85.16,4.5,100.0
GCP,us-west-2,Compute,64,256,500,9789,99.993,99.84,28.11,41.71,7045.62,0.359,96.69,95.93,92.45,0.0876,78.01,0.118,75.24,4.53,99.3
GCP,us-west-2,Database,32,128,1000,1781,99.969,100,15.65,24.68,1362.48,0,99.34,95.57,95.11,0.0841,98.47,0.552,90.38,4.93,100
GCP,us-west-2,Kubernetes,2,16,500,7078,99.872,99.63,16.84,21.76,6324.92,0.215,99.72,96.72,88.14,0.0938,89.9,1.075,86.05,4.57,99.03
GCP,us-west-2,AI,16,32,2000,1823,99.987,99.49,18.57,27.17,1645.69,0.173,99.95,99.53,95.25,0.0995,77.77,0.315,81.54,4.65,100
GCP,us-west-2,Storage,16,128,250,1803,99.999,100,20.87,30.76,1508.39,0.108,96.71,96.17,90.59,0.1047,88.73,0.443,78.29,4.73,99.87
GCP,us-west-2,AI,8,64,2000,9992,99.916,99.94,22.89,35.97,9076.8,0.128,92.3,88.24,97.33,0.088,88.31,0.96,81.54,4.69,98.73
GCP,us-west-2,Database,4,8,2000,5489,99.999,99.85,26.24,31.53,5074.75,0.237,94.0,92.75,87.21,0.1149,100,0.417,86.35,4.2,99.7
GCP,us-west-2,Compute,4,8,1000,9066,99.911,100,15.72,24.22,8258.49,0.169,95.52,91.49,91.19,0.1217,94.99,0.756,77.92,4.58,99.96
GCP,us-west-2,Networking,64,256,250,8246,99.906,99.32,15.83,22.21,6238.94,0.23,96.24,95.4,90.28,0.122,92.25,0.969,81.91,4.74,99.12
GCP,us-west-2,Networking,32,128,1000,8918,99.99,99.74,25.99,39.88,6432.21,0.391,97.67,95.97,95.62,0.121,87.75,0.409,83.97,4.26,100
GCP,us-west-2,Database,8,64,1000,1446,99.944,100,23.55,38.46,1346.69,0.237,97.49,96.4,94.74,0.12,97.61,0.461,69.8,4.62,100
GCP,us-west-2,Database,4,8,1000,8017,99.987,100,17.48,30.5,6849.27,0.081,94.08,89.18,91.72,0.0691,82.49,0.393,75.44,4.56,99.11
GCP,us-west-2,AI,16,64,250,3945,99.94,100,24.4,39.22,3819.81,0.376,95.98,91.08,97.45,0.1092,89.37,0.604,73.19,4.53,100
GCP,us-west-2,Networking,4,32,250,9177,99.975,99.82,18.43,26.12,7115.45,0.242,100,99.89,90.15,0.0842,96.54,0.493,72.52,4.66,100
GCP,us-west-2,Database,4,8,2000,5906,99.999,99.61,23.55,34.82,5076.39,0.388,95.64,90.71,91.43,0.1155,78.53,0.253,72.87,4.41,98.9
GCP,us-west-2,Storage,4,32,1000,6770,99.998,100,24.92,34.85,6030.51,0.245,96.36,91.48,93.32,0.1055,91.96,0.369,70.45,4.34,100
GCP,us-west-2,Networking,32,64,100,583,99.925,99.46,17.23,26.69,427.61,0.377,95.44,91.96,96.85,0.1156,93.32,1.071,78.51,4.75,99.84
GCP,us-west-2,AI,16,64,500,1586,99.98,100,24.71,31.13,1210.85,0.388,96.6,93.57,92.62,0.1153,89.85,0.534,85.4,4.58,99.88
GCP,us-west-2,Storage,2,4,250,6403,99.929,99.43,27.73,31.97,5500.57,0.251,94.52,89.65,93.81,0.1021,90.07,0.887,78.58,4.39,98.65
GCP,us-west-2,Kubernetes,16,128,100,8412,99.999,99.75,26.95,41.41,5959.87,0.39,97.61,96.15,93.9,0.1264,85.95,0.478,83.07,4.21,99.85
GCP,us-west-2,Kubernetes,4,32,100,5627,99.999,100,17.5,21.01,4802.28,0.092,95.99,94.8,95.1,0.1241,94.05,0.285,82.31,4.74,100
GCP,us-west-2,Kubernetes,64,512,1000,1718,99.973,99.51,19.57,30.7,1517.59,0.305,97.12,95.71,90.97,0.0976,82.83,0.48,80.42,4.56,99.3
GCP,us-west-2,AI,16,64,50,8135,99.983,99.42,21.28,36.18,6972.92,0.147,97.4,94.77,91.37,0.1058,82.32,0.52,84.86,4.52,99.18
GCP,us-west-2,Storage,32,64,2000,5238,99.956,99.88,16.07,30.6,3735.84,0.14,98.86,95.16,94.83,0.123,80.95,0.38,82.52,4.65,100
GCP,us-west-2,Storage,2,8,100,3730,99.955,99.36,19.49,21.69,2823.65,0.233,97.83,93.21,97.13,0.1374,97.36,0.817,80.66,4.48,100
GCP,us-west-2,Kubernetes,16,32,250,6685,99.987,100,21.61,29.11,5140.29,0.115,98.84,97.81,87.59,0.0981,84.7,0.393,79.6,4.47,99.48
GCP,us-west-2,Database,16,64,250,3204,99.984,99.5,16.77,27.82,2781.19,0.097,96.26,93.07,90.85,0.1,86.97,0.356,85.68,4.83,99.94
GCP,us-west-2,Compute,4,32,250,6624,99.951,99.55,24.21,31.34,6223.53,0.23,97.25,93.02,98.06,0.1095,92.03,0.834,78.39,4.47,100
GCP,us-west-2,Compute,4,8,500,3122,99.999,100,24.09,35.68,2244.32,0.152,97.35,94.84,94.13,0.0861,82.68,0.229,81.12,4.65,100
GCP,us-west-2,AI,4,16,250,2975,99.94,99.78,23.16,28.96,2619.06,0.187,97.53,94.24,94.09,0.1059,93.01,0.509,81.57,4.6,100
GCP,us-west-2,Compute,8,64,100,2448,99.918,100,19.98,22.21,1789.93,0.311,96.71,96.52,94.44,0.1085,85.65,1.015,79.74,4.8,98.97
GCP,us-west-2,Networking,16,128,50,3778,99.961,100,19.93,28.13,3221.74,0.384,94.7,92.77,93.69,0.1274,94.99,0.598,80.54,4.7,100
GCP,us-west-2,AI,16,64,100,7541,99.914,100,20.14,34.72,5583.61,0.161,98.41,98.31,91.59,0.1231,86.76,1.188,84.12,4.51,98.62
GCP,us-west-2,Networking,4,16,100,5882,99.973,99.9,24.94,39.32,5572.69,0.143,95.45,94.78,93.81,0.1337,96.3,0.446,80.24,4.41,100
GCP,us-west-2,AI,64,512,250,7691,99.879,100,18.97,22.81,6262.77,0.147,96.03,91.86,91.37,0.1066,86.55,1.023,78.62,4.75,98.46
GCP,us-west-2,Storage,4,32,500,8578,99.851,99.83,24.98,29.22,6061.85,0.285,95.55,92.35,96.74,0.1019,82.24,1.683,81.08,4.51,97.02
GCP,us-west-2,Networking,64,128,500,5280,99.895,99.63,16.66,19.92,4480.42,0.148,100,95.65,92.42,0.1286,91.51,0.875,91.74,4.77,100
GCP,us-west-2,Storage,4,8,250,1181,99.889,99.44,27.65,38.79,1019.63,0.33,99.06,94.56,90.0,0.1194,93.82,1.036,73.63,4.3,99.08
GCP,eu-west-1,Database,32,256,2000,7793,99.947,99.82,17.91,32.2,7305.46,0.179,97.46,93.06,94.47,0.1137,90.81,0.875,69.86,4.64,100
GCP,eu-west-1,Networking,16,128,1000,3079,99.951,100,21.26,27.68,2579.26,0.169,96.14,93.02,90.57,0.1064,92.28,0.438,82.52,4.38,100
GCP,eu-west-1,Kubernetes,4,32,250,4889,99.931,99.52,11.53,13.74,3536.02,0,95.94,91.69,89.76,0.1279,91.5,1.0,78.63,4.72,99.09
GCP,eu-west-1,Database,8,16,50,4012,99.948,100,18.02,32.96,3927.44,0.139,96.03,95.87,95.04,0.109,86.21,0.744,80.79,4.64,99.66
GCP,eu-west-1,Compute,16,32,500,6326,99.901,99.65,24.98,33.64,4906.95,0.182,94.21,93.55,95.03,0.1198,93.58,1.288,79.71,4.52,98.48
GCP,eu-west-1,Database,16,128,50,5320,99.999,99.49,14.5,19.65,3758.27,0.262,99.39,98.21,96.67,0.121,92.59,0.097,88.56,4.69,100
GCP,eu-west-1,Networking,32,64,100,9647,99.889,99.37,15.23,18.61,7997.49,0.275,96.62,92.89,89.24,0.1301,86.8,0.95,92.37,4.96,98.53
GCP,eu-west-1,Storage,4,8,50,1401,99.907,100,24.66,33.1,1056.27,0.311,93.82,90.86,88.71,0.1163,91.56,1.098,73.32,4.61,97.66
GCP,eu-west-1,Database,8,16,1000,9527,99.999,100,19.94,26.12,8543.84,0.257,98.49,95.52,93.88,0.1095,96.05,0.504,75.09,4.63,100
GCP,eu-west-1,Networking,64,128,1000,214,99.886,99.37,12.32,15.14,164.88,0.124,96.7,92.61,91.9,0.0863,83.09,1.083,80.86,5,98.45
GCP,eu-west-1,Networking,64,128,250,9736,99.975,99.75,12.21,21.61,8718.21,0,96.21,92.15,88.33,0.1265,94.27,0.565,77.84,4.84,100
GCP,eu-west-1,Storage,4,8,1000,2894,99.999,99.54,21.99,34.99,2402.55,0,92.83,90.57,94.62,0.0944,92.43,0.494,80.02,4.72,99.84
GCP,eu-west-1,AI,8,32,2000,2547,99.953,99.69,21.4,31.1,2347.28,0.182,98.65,97.9,91.43,0.112,92.8,0.466,85.93,4.63,100
GCP,eu-west-1,Storage,8,16,100,8071,99.914,99.92,18.07,28.73,6632.99,0.25,100,96.47,90.21,0.1241,97.64,0.865,84.57,4.67,100
GCP,eu-west-1,Database,16,64,50,5146,99.929,99.46,18.33,28.11,4049.75,0.082,95.95,92.51,90.2,0.1032,94.06,0.831,73.77,4.85,99.42
GCP,eu-west-1,Storage,16,32,100,5444,99.918,100,12.87,21.06,5186.58,0,95.08,91.59,88.18,0.1044,97.48,0.792,90.22,4.81,99.73
GCP,eu-west-1,Compute,64,512,1000,3983,99.975,99.84,18.21,31.66,3416.31,0.249,98.05,95.4,91.35,0.0887,93.54,0.395,91.79,4.57,100
GCP,eu-west-1,Storage,16,64,100,4625,99.949,100,17.3,19.34,4244.7,0.103,95.13,91.22,93.35,0.1113,85.58,0.588,74.81,4.54,99.51
GCP,eu-west-1,Kubernetes,64,128,1000,2072,99.955,99.56,22.36,27.58,1963.71,0.106,95.81,94.31,92.48,0.1135,80.68,0.548,79.59,4.46,98.75
GCP,eu-west-1,Database,2,8,500,2518,99.914,99.9,22.29,36.47,1873.28,0.141,97.88,96.46,93.9,0.1125,96.46,0.919,79.51,4.7,100
GCP,eu-west-1,Networking,32,128,250,2422,99.928,99.89,26.86,34.0,2068.47,0.169,97.27,95.86,89.87,0.097,88.86,0.738,68.7,4.55,98.91
GCP,eu-west-1,Kubernetes,64,128,500,1146,99.985,99.45,20.03,23.22,835.01,0.282,96.49,94.77,97.06,0.1131,91.61,0.303,78.26,4.63,100
GCP,eu-west-1,Storage,64,128,1000,1565,99.981,99.61,16.99,22.1,1146.0,0.236,96.39,92.17,91.77,0.1128,89.42,0.471,84.07,4.81,100
GCP,eu-west-1,Compute,4,32,250,5391,99.906,99.34,24.68,26.99,4371.17,0.164,96.35,95.35,92.84,0.1273,90.96,1.109,80.9,4.5,98.65
GCP,eu-west-1,Networking,32,128,1000,2789,99.937,99.59,22.38,27.84,1958.04,0.127,94.1,90.33,89.99,0.1402,96.12,0.691,84.28,4.56,99.32
GCP,eu-west-1,AI,8,32,50,7399,99.902,99.87,17.49,20.03,6239.62,0.122,96.82,95.82,94.07,0.0816,79.83,1.185,79.81,4.61,98.07
GCP,eu-west-1,AI,8,32,500,990,99.938,100,18.68,20.99,939.77,0.226,98.9,97.87,91.25,0.1186,81.29,0.499,75.91,4.45,99.63
GCP,eu-west-1,Storage,4,16,500,9288,99.887,99.56,16.93,20.33,8236.29,0.207,97.63,97.57,92.54,0.11,90.31,0.905,86.51,4.61,99.67
GCP,eu-west-1,Compute,2,4,250,3627,99.879,99.74,12.56,23.06,3292.29,0.069,97.99,97.28,94.74,0.0923,90.55,1.117,95.63,4.68,99.93
GCP,eu-west-1,Kubernetes,64,512,2000,597,99.999,99.96,14.66,22.58,447.08,0.269,96.46,96.35,96.13,0.1189,86.24,0.451,88.49,4.89,100
GCP,eu-west-1,Storage,64,256,50,708,99.866,99.74,21.12,23.69,577.36,0.34,97.2,95.79,92.33,0.1068,85.97,1.105,80.43,4.65,98.47
GCP,eu-west-1,Database,4,32,500,131,99.975,99.46,20.97,32.11,112.36,0.289,96.29,94.86,90.0,0.1306,81.96,0.596,72.52,4.55,98.55
GCP,eu-west-1,Compute,64,256,2000,9127,99.917,100,20.11,26.95,8022.71,0.091,97.12,93.76,95.18,0.0963,87.19,1.152,77.24,4.41,99.04
GCP,eu-west-1,AI,32,128,100,5552,99.999,99.74,18.38,31.94,4587.15,0.037,100,99.27,91.89,0.0916,83.0,0.18,73.34,4.51,100
GCP,eu-west-1,Networking,4,8,2000,6593,99.999,99.63,23.05,26.4,4821.63,0.201,99.71,98.89,92.99,0.0969,87.04,0.01,78.64,4.65,100
GCP,eu-west-1,Compute,8,64,500,8670,99.932,100,17.67,32.51,7469.77,0.177,96.28,92.81,88.42,0.079,87.71,0.654,77.33,4.49,99.04
GCP,eu-west-1,Kubernetes,16,32,50,5122,99.963,100,25.08,37.67,4768.91,0.207,98.0,97.07,92.65,0.115,90.49,0.311,84.13,4.25,100
GCP,eu-west-1,Kubernetes,8,64,500,273,99.946,99.38,17.8,27.47,220.74,0.205,96.56,94.1,96.07,0.1134,89.03,0.668,79.36,4.59,100
GCP,eu-west-1,Kubernetes,32,64,500,9719,99.926,99.41,18.45,20.95,9446.69,0.161,98.88,96.17,93.04,0.0865,86.84,0.835,78.47,4.48,99.7
GCP,eu-west-1,Storage,16,128,250,4054,99.915,99.99,18.27,26.14,3204.3,0.035,99.51,96.54,91.48,0.1131,94.26,0.985,87.02,4.83,100
GCP,eu-central-1,Compute,16,64,2000,9357,99.873,99.56,26.88,37.96,8262.57,0.395,98.36,97.55,94.2,0.1163,87.6,1.26,78.58,4.51,98.53
GCP,eu-central-1,Compute,4,16,500,4180,99.999,99.63,21.25,23.82,3870.28,0.355,95.37,91.15,90.11,0.1179,96.4,0.099,71.24,4.39,100
GCP,eu-central-1,Networking,4,8,100,9320,99.999,99.84,21.69,35.36,8596.9,0.075,94.99,94.83,95.01,0.1047,88.59,0.192,79.34,4.71,100
GCP,eu-central-1,Kubernetes,8,32,500,8408,99.999,99.66,16.77,26.18,7946.81,0.211,90.65,88.79,94.23,0.1208,95.59,0.34,89.68,4.83,100
GCP,eu-central-1,Kubernetes,2,16,50,3905,99.972,99.68,24.23,32.86,3549.88,0.168,95.45,92.79,94.83,0.0978,89.4,0.227,81.98,4.56,100
GCP,eu-central-1,Storage,4,8,2000,7878,99.926,100,21.38,34.54,5894.93,0.081,95.03,94.31,91.62,0.1164,81.43,0.631,62.0,4.73,98.47
GCP,eu-central-1,Kubernetes,4,32,500,6026,99.999,99.85,18.13,24.3,4903.9,0.182,98.14,96.27,92.11,0.1008,97.53,0.205,82.21,4.5,100
GCP,eu-central-1,Database,32,256,500,2676,99.963,99.4,25.85,33.27,2245.69,0.379,96.02,92.16,94.84,0.122,81.69,0.574,79.17,4.35,99.01
GCP,eu-central-1,Database,8,64,1000,5459,99.999,100,17.18,30.09,4539.57,0.004,94.19,91.19,93.39,0.1203,87.2,0.303,83.54,4.62,100
GCP,eu-central-1,Database,32,256,1000,1131,99.96,99.67,24.16,30.23,877.6,0.213,99.16,97.41,96.49,0.0939,86.44,0.776,83.32,4.5,100
GCP,eu-central-1,Networking,32,128,2000,3185,99.972,99.95,12.64,23.57,2353.71,0.137,95.3,91.31,90.51,0.1314,88.83,0.404,84.46,4.69,100
GCP,eu-central-1,Compute,4,8,1000,5627,99.989,99.64,26.27,31.79,4721.88,0.266,95.91,92.88,96.45,0.1043,89.34,0.368,90.75,4.2,100
GCP,eu-central-1,Database,2,4,250,8210,99.813,99.69,24.44,29.03,7088.54,0.222,91.92,88.94,96.83,0.1149,96.21,1.522,77.71,4.58,98.07
GCP,eu-central-1,Storage,2,4,50,4644,99.999,100,24.1,31.6,3416.49,0.377,96.62,96.07,95.8,0.098,88.51,0.028,79.07,4.57,100
GCP,eu-central-1,Database,32,256,1000,4470,99.999,99.42,19.36,31.27,3424.83,0.325,98.92,96.21,93.57,0.1265,88.97,0.094,84.17,4.58,100
GCP,eu-central-1,Compute,16,32,50,4133,99.98,99.98,18.67,23.53,3424.86,0.218,97.12,94.22,94.6,0.1168,94.28,0.214,76.85,4.8,100
GCP,eu-central-1,Kubernetes,16,128,500,7350,99.999,99.74,27.78,39.73,6895.51,0.278,96.01,91.63,92.35,0.1123,85.25,0.111,87.08,4.39,99.93
GCP,eu-central-1,AI,32,64,250,2467,99.94,99.57,15.81,20.5,2209.69,0.031,95.75,94.29,96.67,0.1,92.12,0.633,74.54,4.93,100
GCP,eu-central-1,Storage,4,32,2000,1159,99.874,99.5,23.12,31.5,937.5,0.176,97.73,96.45,95.43,0.1481,88.83,1.368,66.28,4.5,98.68
GCP,eu-central-1,Database,4,32,2000,8573,99.886,99.34,16.75,28.64,8031.64,0.262,97.76,94.28,92.63,0.1266,88.89,0.957,92.22,4.73,99.43
GCP,eu-central-1,Storage,4,16,250,3147,99.966,99.54,24.43,27.1,2661.55,0.249,98.06,93.35,94.31,0.0994,77.89,0.602,66.33,4.29,98.99
GCP,eu-central-1,AI,2,4,1000,1362,99.981,99.63,21.76,29.77,1265.08,0.24,96.81,92.15,94.39,0.1116,87.16,0.532,91.78,4.43,100
GCP,eu-central-1,Compute,2,16,1000,1031,99.936,100,22.5,32.41,857.11,0.267,97.46,95.19,91.17,0.1013,84.55,0.694,79.19,4.47,99.05
GCP,eu-central-1,Database,2,8,100,109,99.946,100,25.77,37.22,100,0.261,94.18,91.58,89.21,0.0966,91.5,0.878,69.89,4.45,98.22
GCP,eu-central-1,Networking,32,128,100,8343,99.976,99.4,19.38,32.33,5925.17,0.484,98.62,97.12,97.32,0.112,87.22,0.247,70.04,4.73,100
GCP,eu-central-1,Networking,4,16,1000,2391,99.935,99.8,18.27,25.98,1837.38,0.254,94.81,90.4,93.22,0.1125,91.17,0.764,78.32,4.48,99.55
GCP,eu-central-1,AI,2,8,250,970,99.895,100,28.07,33.9,919.92,0.309,96.45,91.55,92.13,0.1156,89.54,1.248,84.9,4.41,98.04
GCP,eu-central-1,Kubernetes,4,8,50,2491,99.958,99.68,15.87,22.69,1785.47,0.018,95.61,93.88,92.75,0.1299,95.95,0.562,72.72,4.7,100
GCP,eu-central-1,AI,16,64,1000,692,99.928,99.96,16.64,20.63,629.51,0,95.47,91.82,92.59,0.13,96.93,0.985,86.28,4.83,99.84
GCP,eu-central-1,Database,16,64,500,3708,99.999,100,21.88,29.31,3585.62,0.263,98.46,97.18,96.66,0.11,95.13,0.421,82.22,4.39,100
GCP,eu-central-1,Networking,64,256,50,3689,99.822,100,23.23,31.21,3537.57,0.192,92.86,88.61,93.05,0.1292,80.67,1.875,79.61,4.34,95.41
GCP,eu-central-1,Kubernetes,8,64,2000,5449,99.887,99.56,20.01,32.49,5088.82,0.072,97.11,94.94,90.57,0.1053,99.18,1.295,84.72,4.41,99.2
GCP,eu-central-1,Storage,2,16,250,4321,99.982,99.79,22.4,27.64,3295.26,0.267,99.76,97.24,86.95,0.1214,86.54,0.595,73.73,4.6,99.27
GCP,eu-central-1,Storage,4,32,500,1186,99.978,99.86,11.98,19.37,849.1,0.031,96.03,94.49,94.78,0.1095,94.16,0.667,93.76,4.91,100
GCP,eu-central-1,Networking,16,64,100,4793,99.964,99.79,28.22,41.31,3806.17,0.173,99.84,99.09,90.68,0.0888,94.04,0.34,91.15,4.21,100
GCP,eu-central-1,Compute,64,128,50,134,99.947,99.66,21.19,35.12,104.73,0.295,96.57,95.74,89.24,0.1395,88.15,0.771,96.25,4.73,98.79
GCP,eu-central-1,Kubernetes,32,64,100,2884,99.999,100,16.51,29.38,2414.78,0.156,96.17,93.86,95.48,0.1317,88.22,0.044,85.7,4.71,100
GCP,eu-central-1,Database,32,64,2000,4748,99.999,100,22.56,29.23,4207.69,0.164,96.15,94.15,87.85,0.1531,97.53,0.262,81.62,4.59,100
GCP,eu-central-1,Networking,4,8,500,2536,99.956,99.68,19.95,34.93,1816.92,0.24,96.72,95.06,91.8,0.1272,85.99,0.415,80.46,4.64,99.82
GCP,eu-central-1,Networking,64,512,1000,9728,99.935,99.72,26.95,34.03,9249.04,0.217,100,95.98,90.63,0.0945,92.9,0.696,82.56,4.18,100
GCP,ap-south-1,Storage,8,32,100,5456,99.958,99.45,14.73,28.02,4825.03,0.308,97.82,96.56,91.7,0.1005,87.81,0.431,83.84,4.96,100
GCP,ap-south-1,Database,4,32,1000,8215,99.999,99.88,18.67,28.88,7408.45,0.037,97.6,97.59,95.54,0.0942,85.41,0.364,83.19,4.76,100
GCP,ap-south-1,Database,64,512,2000,8373,99.953,99.94,24.94,29.5,7100.69,0.057,96.93,92.11,89.31,0.1592,88.59,0.763,74.92,4.45,98.79
GCP,ap-south-1,Storage,8,16,500,9755,99.898,99.75,15.93,29.81,8124.6,0.325,97.21,94.25,88.22,0.1307,94.32,1.119,77.29,4.92,98.96
GCP,ap-south-1,Networking,64,512,250,6568,99.954,100,25.9,33.06,4672.16,0.363,100,98.63,92.03,0.1055,87.69,0.582,74.03,4.4,100
GCP,ap-south-1,Storage,64,256,1000,938,99.894,99.95,21.11,34.23,796.87,0.047,94.53,93.65,91.31,0.1114,95.16,1.31,86.33,4.63,98.33
GCP,ap-south-1,Compute,16,32,50,2227,99.999,99.69,18.28,22.38,1664.3,0.163,96.75,92.93,95.23,0.1097,85.3,0.221,89.2,4.6,100
GCP,ap-south-1,Database,4,8,50,4024,99.999,99.91,23.76,35.71,3671.36,0.23,93.2,90.53,94.87,0.1124,89.97,0.177,71.77,4.36,100
GCP,ap-south-1,Networking,2,8,100,6455,99.982,99.54,16.29,28.75,4970.85,0.383,97.62,96.89,93.76,0.093,90.94,0.542,82.96,4.73,100
GCP,ap-south-1,Kubernetes,8,16,250,6477,99.974,100,16.89,21.07,5997.94,0.185,94.36,90.87,90.0,0.0816,90.69,0.518,79.62,4.53,99.53
GCP,ap-south-1,Compute,32,128,500,5379,99.939,100,18.92,25.54,3828.5,0.181,99.65,97.57,93.08,0.1043,87.08,0.98,91.72,4.8,99.66
GCP,ap-south-1,Database,32,256,1000,2008,99.913,99.85,18.5,22.06,1716.85,0.025,97.64,96.41,91.38,0.1119,83.05,1.103,78.49,4.81,98.28
GCP,ap-south-1,Storage,64,128,2000,4331,99.999,99.43,7.06,21.74,3372.06,0.236,93.72,91.69,86.14,0.1194,90.09,0.19,79.16,5,99.85
GCP,ap-south-1,Networking,32,256,1000,1740,99.945,100,22.36,26.73,1346.72,0.118,97.45,96.07,98.43,0.1042,86.55,0.542,72.88,4.38,100
GCP,ap-south-1,Compute,32,256,2000,9046,99.941,99.39,25.85,28.38,7085.85,0.391,94.43,93.09,89.94,0.1253,93.52,0.928,93.29,4.37,98.4
GCP,ap-south-1,Storage,16,32,500,6016,99.94,99.44,22.06,27.28,4478.71,0.418,98.77,95.27,90.64,0.0944,100,0.645,82.58,4.44,100
GCP,ap-south-1,Storage,4,32,2000,8450,99.964,99.98,25.08,36.57,7527.22,0.344,95.53,93.38,90.22,0.1281,90.17,0.712,71.44,4.51,98.91
GCP,ap-south-1,Compute,16,128,500,9575,99.951,99.6,23.94,34.37,8997.81,0.313,99.02,98.06,95.21,0.1169,89.29,0.64,82.65,4.41,100
GCP,ap-south-1,Kubernetes,64,128,100,758,99.965,99.48,24.01,38.56,540.48,0.33,97.11,96.06,94.32,0.0954,90.24,0.422,77.95,4.53,100
GCP,ap-south-1,Database,4,8,2000,2119,99.99,100,18.4,26.16,1727.23,0.103,96.1,94.33,89.18,0.0928,87.45,0.18,85.55,4.66,100
GCP,ap-south-1,Compute,16,32,250,150,99.933,99.51,21.96,30.77,137.82,0.303,98.27,96.85,88.69,0.0931,92.63,0.637,80.81,4.43,99.75
GCP,ap-south-1,AI,32,128,250,5067,99.926,99.56,17.56,24.64,4523.62,0.157,97.8,97.71,96.37,0.1109,100,0.67,75.8,4.5,100
GCP,ap-south-1,Networking,64,128,50,4485,99.949,99.59,16.22,28.61,4005.89,0.142,99.57,95.14,97.36,0.1367,90.82,0.781,77.76,4.62,100
GCP,ap-south-1,Database,32,256,1000,8782,99.999,99.59,18.35,24.6,8550.91,0.436,94.56,94.55,93.16,0.1181,87.85,0.353,83.99,4.55,99.98
GCP,ap-south-1,Kubernetes,64,256,1000,3368,99.909,99.67,16.69,23.63,3263.54,0.081,98.37,94.08,91.88,0.0915,87.18,1.043,80.41,4.71,99.14
GCP,ap-south-1,Compute,32,64,2000,1349,99.999,99.84,26.14,33.5,1031.67,0.307,99.71,94.83,91.49,0.1285,93.33,0.506,86.46,4.51,100
GCP,ap-south-1,Kubernetes,2,8,50,9725,99.83,99.83,27.66,30.88,8558.44,0.439,96.32,95.07,88.95,0.0746,88.57,1.819,79.68,4.45,96.18
GCP,ap-south-1,Database,64,256,1000,2836,99.918,100,15.85,20.66,1990.25,0.259,96.58,93.67,88.37,0.1256,91.88,0.865,78.9,4.8,99.18
GCP,ap-south-1,Storage,16,128,2000,2791,99.982,99.59,21.3,25.54,2443.85,0.293,96.74,95.77,93.32,0.1223,81.91,0.22,84.48,4.49,99.97
GCP,ap-south-1,Kubernetes,32,64,50,2031,99.948,99.73,14.66,27.51,1630.2,0.154,95.56,94.76,87.93,0.1135,81.24,0.633,80.76,4.91,98.29
GCP,ap-south-1,Kubernetes,2,4,100,3569,99.999,99.99,22.84,34.12,2932.62,0.21,98.83,94.33,91.28,0.1053,85.9,0.365,87.74,4.57,100
GCP,ap-south-1,Compute,4,32,1000,9394,99.972,99.57,25.27,31.37,7028.57,0.309,100,95.82,90.22,0.1348,86.0,0.529,77.09,4.44,99.72
GCP,ap-south-1,Compute,32,64,2000,2177,99.989,99.91,19.31,27.54,1950.76,0.24,94.14,93.46,92.54,0.1074,86.03,0.54,75.77,4.77,99.21
GCP,ap-south-1,AI,32,256,1000,1315,99.963,99.57,26.06,32.38,1045.36,0.185,97.92,93.67,92.46,0.1,94.76,0.361,81.38,4.34,100
GCP,ap-south-1,Compute,4,32,500,1270,99.897,99.32,23.67,34.52,917.5,0.244,96.73,96.67,89.67,0.1071,91.11,1.317,79.32,4.35,97.86
GCP,ap-south-1,Compute,2,8,100,9698,99.999,99.42,23.98,37.6,8094.13,0.276,99.64,94.8,89.97,0.1213,92.48,0.332,83.3,4.52,100
GCP,ap-south-1,Kubernetes,32,256,250,4886,99.959,100,22.68,30.88,4532.13,0.121,97.67,96.8,90.68,0.1098,88.93,0.577,69.43,4.58,99.72
GCP,ap-south-1,Database,2,16,500,7756,99.999,99.8,21.89,28.38,5435.27,0.214,95.45,92.8,95.25,0.1058,94.6,0.179,75.94,4.68,100
GCP,ap-south-1,Compute,32,64,250,6154,99.935,99.74,17.76,20.3,5723.48,0.199,96.53,95.49,90.16,0.0949,88.83,0.879,84.74,4.63,98.96
GCP,ap-south-1,AI,32,256,1000,3127,99.972,99.63,22.01,27.29,2891.09,0.4,100,96.31,90.38,0.0718,82.93,0.485,78.39,4.48,99.7
GCP,ap-southeast-1,Database,16,64,100,8548,99.987,100,26.97,32.12,6432.81,0.209,98.27,94.88,90.57,0.1071,93.92,0.437,71.44,4.3,100
GCP,ap-southeast-1,Kubernetes,16,64,100,439,99.962,100,25.17,34.04,395.43,0.143,95.73,95.32,96.55,0.0988,98.08,0.408,82.18,4.23,100
GCP,ap-southeast-1,Database,4,16,250,4861,99.97,99.39,20.12,26.54,3951.6,0.221,95.62,91.07,97.46,0.1174,100,0.583,85.03,4.63,100
GCP,ap-southeast-1,Networking,8,64,1000,8789,99.848,100,20.71,29.94,8052.22,0.196,99.47,97.81,90.15,0.1161,100,1.465,68.93,4.75,99.38
GCP,ap-southeast-1,Compute,8,16,250,1042,99.999,99.52,20.86,33.57,789.11,0.264,94.38,89.96,100,0.0831,88.91,0.105,78.53,4.45,100
GCP,ap-southeast-1,Compute,2,16,1000,7550,99.881,99.69,19.95,24.53,6949.51,0.068,96.1,95.01,91.87,0.1196,87.57,1.247,78.1,4.45,98.09
GCP,ap-southeast-1,AI,64,128,50,8372,99.832,100,21.21,34.37,8184.45,0.422,96.55,96.51,97.3,0.1134,84.01,1.731,80.36,4.44,97.62
GCP,ap-southeast-1,AI,2,8,500,1935,99.869,99.87,18.66,25.0,1638.33,0.339,93.77,89.65,93.38,0.1019,90.13,1.364,92.7,4.48,97.96
GCP,ap-southeast-1,Compute,64,128,500,6127,99.924,99.62,18.66,31.17,5808.69,0.307,95.32,94.78,94.88,0.1283,84.98,1.04,80.86,4.71,98.64
GCP,ap-southeast-1,AI,32,64,500,3290,99.998,100,26.63,29.58,3170.4,0.173,95.94,95.48,90.79,0.0821,94.48,0.239,76.02,4.46,100
GCP,ap-southeast-1,Compute,32,128,2000,802,99.994,99.51,16.05,23.19,736.11,0.1,97.16,93.69,95.98,0.1289,88.51,0.267,87.21,4.92,100
GCP,ap-southeast-1,Compute,4,8,1000,3428,99.928,100,24.08,31.1,2982.63,0.311,100,98.94,88.37,0.0986,95.23,0.922,80.51,4.53,99.7
GCP,ap-southeast-1,Compute,16,128,1000,3104,99.938,100,21.75,32.12,2717.2,0.049,97.59,96.27,93.47,0.1128,95.91,0.568,84.32,4.38,100
GCP,ap-southeast-1,AI,32,128,100,5713,99.943,99.4,25.34,29.12,5066.23,0.052,97.2,93.58,91.03,0.0957,94.82,0.48,76.72,4.34,100
GCP,ap-southeast-1,AI,2,16,250,9348,99.944,99.94,20.29,31.58,7300.96,0,96.88,94.87,89.85,0.0942,99.07,0.675,67.13,4.62,100
GCP,ap-southeast-1,Storage,32,128,2000,4956,99.995,100,15.98,27.88,4523.14,0.156,99.06,98.33,88.5,0.0998,93.25,0.47,72.5,4.71,100
GCP,ap-southeast-1,Kubernetes,8,64,50,4923,99.999,100,21.63,26.16,3872.86,0.017,97.47,93.57,87.47,0.118,92.98,0.096,79.09,4.36,100
GCP,ap-southeast-1,AI,32,256,50,6781,99.952,99.57,20.4,28.34,5805.99,0.284,99.23,98.36,96.55,0.0917,85.49,0.591,62.02,4.7,100
GCP,ap-southeast-1,Networking,4,16,2000,9969,99.999,99.74,17.83,27.12,9486.36,0.033,97.69,97.67,92.44,0.1222,86.28,0.017,72.6,4.48,100
GCP,ap-southeast-1,Storage,32,256,500,5692,99.999,99.97,22.35,31.43,5234.03,0.082,96.53,93.78,95.83,0.1275,88.12,0.081,75.25,4.35,100
GCP,ap-southeast-1,Database,2,16,500,7078,99.999,100,25.36,31.44,6703.15,0.272,97.9,93.68,87.59,0.1151,88.83,0.176,77.26,4.39,99.98
GCP,ap-southeast-1,Storage,32,128,2000,764,99.999,100,15.01,25.69,569.94,0.15,93.48,91.53,92.87,0.138,83.57,0.265,92.44,4.81,99.69
GCP,ap-southeast-1,Storage,2,4,2000,3267,99.978,99.98,17.68,20.54,3173.75,0.196,95.77,94.3,92.26,0.0997,87.38,0.442,83.31,4.7,99.95
GCP,ap-southeast-1,Networking,64,512,100,9643,99.999,99.79,19.21,29.5,8442.96,0.283,98.71,95.72,93.89,0.1228,86.72,0.143,93.41,4.47,100
GCP,ap-southeast-1,Compute,16,64,2000,2230,99.922,99.89,18.91,30.33,1907.83,0.359,100,95.09,96.33,0.1077,84.72,1.035,82.03,4.53,99.86
GCP,ap-southeast-1,Kubernetes,16,128,2000,8841,99.949,100,31.57,35.3,6679.93,0.274,94.1,93.09,93.37,0.1198,99.0,0.871,74.52,4.04,99.36
GCP,ap-southeast-1,Networking,2,4,100,1765,99.986,100,22.13,34.86,1423.21,0.242,96.07,93.34,96.08,0.1169,95.11,0.599,77.23,4.55,100
GCP,ap-southeast-1,Compute,32,128,250,4435,99.893,99.58,17.46,30.7,3313.98,0.147,100,97.84,92.55,0.1154,92.46,1.005,86.22,4.61,100
GCP,ap-southeast-1,Storage,16,64,1000,1874,99.999,100,17.19,31.09,1700.57,0.052,98.44,94.05,93.01,0.0951,83.83,0.046,70.47,4.85,100
GCP,ap-southeast-1,Database,8,64,500,2911,99.919,99.56,19.39,27.09,2714.01,0.227,97.97,93.86,88.54,0.1219,87.3,1.026,85.42,4.6,98.42
GCP,ap-southeast-1,Kubernetes,16,32,250,3850,99.911,99.79,19.08,28.16,3491.41,0.035,93.25,92.66,93.21,0.1212,96.56,1.031,91.05,4.63,99.18
GCP,ap-southeast-1,Kubernetes,32,64,50,6081,99.964,100,17.13,22.04,4501.26,0.138,96.61,94.64,91.46,0.1294,88.12,0.459,73.07,4.68,100
GCP,ap-southeast-1,Storage,2,16,250,6734,99.886,100,18.26,33.02,5699.62,0.19,92.2,88.43,91.16,0.1034,84.55,0.978,73.06,4.59,97.55
GCP,ap-southeast-1,Networking,16,128,1000,8977,99.945,100,25.88,28.37,6324.53,0.374,99.66,96.02,98.31,0.0993,91.44,0.607,64.27,4.36,100
GCP,ap-southeast-1,Compute,8,64,250,2229,99.94,100,26.21,29.07,2088.39,0.164,95.4,92.86,90.58,0.1059,95.76,0.525,80.01,4.33,99.86
GCP,ap-southeast-1,AI,8,16,100,9012,99.919,99.38,23.31,25.65,6802.95,0.251,96.46,91.64,88.64,0.0809,98.6,0.952,68.78,4.49,99.23
GCP,ap-southeast-1,Kubernetes,16,64,1000,2556,99.999,99.44,16.91,29.79,2101.57,0,95.69,90.71,93.1,0.0997,89.67,0.073,76.74,4.69,100
GCP,ap-southeast-1,Storage,64,128,2000,3990,99.908,99.35,25.53,37.35,3779.51,0.151,96.75,94.47,87.83,0.1019,85.55,0.934,78.31,4.26,97.7
GCP,ap-southeast-1,Kubernetes,64,256,250,4496,99.959,99.49,30.33,36.92,3642.16,0.248,96.22,93.05,91.9,0.106,96.86,0.735,72.3,4.35,99.62
GCP,ap-southeast-1,Kubernetes,4,8,1000,9481,99.999,100,19.54,25.8,7073.19,0.328,93.84,91.42,95.17,0.1176,100,0.275,77.99,4.59,100
GCP,sa-east-1,AI,32,64,2000,3741,99.922,99.97,25.56,39.77,3337.73,0.415,96.53,96.4,96.57,0.1055,85.35,0.676,65.1,4.23,99.65
GCP,sa-east-1,Storage,8,16,1000,5350,99.963,99.44,14.12,20.1,4175.38,0.14,100,95.88,93.37,0.0811,82.64,0.606,86.58,4.76,100
GCP,sa-east-1,Kubernetes,2,4,1000,5565,99.926,99.43,19.44,25.44,3954.23,0.231,95.3,93.66,91.25,0.0958,91.28,0.758,79.24,4.46,99.24
GCP,sa-east-1,Kubernetes,16,128,1000,1695,99.964,100,25.2,30.66,1590.65,0.495,96.06,95.52,95.16,0.1061,83.21,0.712,80.42,4.48,99.07
GCP,sa-east-1,Database,16,128,1000,2099,99.94,99.9,16.4,28.26,1799.3,0.014,96.06,93.49,89.51,0.0949,92.81,0.485,80.65,4.56,100
GCP,sa-east-1,Networking,32,128,500,1056,99.999,99.91,18.8,27.8,911.75,0.043,97.71,94.18,95.54,0.1066,87.93,0.148,92.62,4.73,100
GCP,sa-east-1,Compute,8,64,1000,7013,99.999,100,19.42,23.73,5532.22,0.162,100,95.16,88.98,0.1159,87.14,0.072,75.15,4.76,100
GCP,sa-east-1,Compute,2,4,100,5127,99.935,100,23.07,26.78,4518.2,0.259,99.78,95.78,100,0.1107,83.72,0.96,80.58,4.56,100
GCP,sa-east-1,Kubernetes,32,64,2000,7074,99.93,99.83,20.13,28.95,5150.6,0.137,91.42,88.96,98.53,0.073,81.57,0.75,90.79,4.71,98.6
GCP,sa-east-1,Compute,64,256,2000,4895,99.942,99.87,19.22,30.82,3435.22,0.112,96.07,91.28,95.69,0.1013,92.51,0.546,81.26,4.61,100
GCP,sa-east-1,Database,64,128,100,1130,99.999,99.81,24.89,35.01,1069.01,0.163,96.69,94.1,89.67,0.1107,79.62,0.037,75.96,4.42,99.37
GCP,sa-east-1,Compute,2,16,100,7827,99.896,99.56,24.55,31.1,6936.63,0.273,96.65,93.84,94.7,0.1165,100,1.068,82.29,4.42,100
GCP,sa-east-1,Networking,8,16,1000,1578,99.874,99.71,20.53,29.73,1400.54,0,95.03,94.12,94.85,0.1216,93.95,1.375,84.89,4.76,98.71
GCP,sa-east-1,Database,4,8,500,3659,99.999,100,18.38,24.61,3551.62,0.404,94.71,91.63,91.16,0.0847,87.0,0.094,91.01,4.56,100
GCP,sa-east-1,Networking,64,512,50,5067,99.965,99.92,26.04,37.17,3882.37,0.333,93.25,92.24,96.78,0.1246,85.03,0.399,77.77,4.4,99.53
GCP,sa-east-1,AI,16,128,2000,8178,99.978,100,28.13,33.52,6388.29,0.403,98.29,95.23,91.61,0.1248,81.99,0.306,82.76,4.2,99.55
GCP,sa-east-1,AI,16,32,100,9455,99.969,100,22.35,30.44,6765.27,0.228,96.02,93.57,99.45,0.1275,90.04,0.514,76.33,4.5,100
GCP,sa-east-1,Kubernetes,4,8,100,560,99.992,99.66,14.82,27.1,407.45,0.175,95.82,91.41,90.09,0.1032,89.08,0.496,72.28,4.6,99.79
GCP,sa-east-1,Compute,32,256,1000,9421,99.89,100,23.29,33.97,8423.59,0.197,97.21,92.58,86.93,0.0976,96.17,1.061,89.37,4.36,98.72
GCP,sa-east-1,Storage,4,8,250,5049,99.964,100,24.95,31.12,3650.24,0.09,94.68,89.91,90.65,0.0952,98.31,0.516,67.55,4.6,100
GCP,sa-east-1,Kubernetes,64,512,100,9715,99.96,99.94,15.09,28.37,7052.05,0.176,100,95.44,95.29,0.1097,93.25,0.578,82.49,4.69,100
GCP,sa-east-1,Compute,2,16,50,2478,99.903,99.44,24.39,37.66,2242.32,0.288,98.99,95.23,94.17,0.1271,88.73,1.236,87.72,4.38,98.94
GCP,sa-east-1,AI,2,8,500,1812,99.982,99.58,22.84,34.23,1329.77,0.209,100,95.34,89.79,0.0931,86.19,0.477,73.05,4.69,99.92
GCP,sa-east-1,AI,4,16,500,5626,99.962,99.45,21.63,27.55,4219.92,0.13,99.07,98.19,89.4,0.1127,97.08,0.564,87.59,4.59,100
GCP,sa-east-1,Networking,4,16,50,9544,99.888,100,11.24,24.16,7081.99,0.1,96.42,91.58,94.53,0.1053,85.45,1.193,81.18,4.8,98.98
GCP,sa-east-1,Storage,2,4,2000,9420,99.938,99.7,19.81,23.07,8425.97,0.18,98.18,96.06,93.01,0.1227,92.72,0.977,77.34,4.68,99.85
GCP,sa-east-1,Compute,4,8,250,1327,99.999,99.46,16.51,24.0,938.43,0.395,97.76,95.29,92.57,0.1069,93.08,0.189,78.26,4.63,100
GCP,sa-east-1,Compute,16,64,1000,466,99.938,99.97,22.1,25.5,438.41,0,98.12,93.73,91.6,0.1111,89.14,0.66,89.32,4.38,99.83
GCP,sa-east-1,Kubernetes,4,8,50,376,99.879,99.72,15.18,25.49,305.9,0,98.34,98.02,93.15,0.0625,87.33,1.156,70.63,4.81,99.19
GCP,sa-east-1,Storage,4,8,250,7957,99.975,99.58,19.18,21.75,7374.74,0.185,99.57,98.96,93.05,0.087,95.93,0.232,83.38,4.66,100
GCP,sa-east-1,Kubernetes,2,8,500,4624,99.962,99.39,19.27,27.99,3446.38,0.068,95.95,95.21,92.62,0.0702,85.22,0.712,76.94,4.54,99.07
GCP,sa-east-1,Storage,2,4,1000,795,99.941,99.83,22.01,36.6,568.49,0.199,95.76,90.99,90.38,0.1244,100,0.882,81.89,4.69,99.79
GCP,sa-east-1,Kubernetes,2,4,1000,7228,99.986,99.58,25.48,33.06,6128.44,0.19,98.0,97.97,95.49,0.0832,90.47,0.242,74.21,4.54,100
GCP,sa-east-1,Networking,4,16,250,7267,99.999,99.67,18.26,23.39,5389.9,0.161,97.24,96.95,93.87,0.1135,89.22,0.077,77.63,4.47,100
GCP,sa-east-1,Networking,32,64,50,2008,99.999,99.47,22.67,24.92,1780.35,0.281,94.85,90.14,94.61,0.0854,86.79,0.336,77.79,4.37,99.95
GCP,sa-east-1,AI,64,256,1000,149,99.931,99.93,26.45,31.77,133.83,0.239,99.59,96.36,94.68,0.1106,91.57,0.86,66.76,4.27,100
GCP,sa-east-1,Database,16,128,100,1166,99.981,99.6,26.07,35.3,1039.89,0.299,95.34,94.84,90.29,0.1146,92.61,0.297,79.57,4.41,99.9
GCP,sa-east-1,Networking,4,8,100,5380,99.928,99.4,22.06,27.82,4803.74,0.088,99.07,95.04,92.61,0.0995,94.51,0.858,82.07,4.38,100
GCP,sa-east-1,AI,4,8,100,7755,99.999,100,22.4,29.74,7391.61,0.25,95.44,92.29,91.82,0.1391,83.79,0.429,79.3,4.36,99.22
GCP,sa-east-1,Compute,2,4,250,9464,99.901,99.8,20.61,34.28,9256.31,0.021,96.6,92.42,89.73,0.1035,90.36,0.834,75.77,4.51,99.01
GCP,me-central-1,Compute,2,16,500,4360,99.951,99.86,23.06,29.69,3977.16,0.034,99.33,97.13,94.86,0.1109,87.12,0.649,79.16,4.63,100
GCP,me-central-1,AI,8,64,50,6961,99.904,99.39,21.73,28.67,5055.32,0.323,96.28,93.04,88.18,0.1364,88.76,0.81,86.91,4.47,98.46
GCP,me-central-1,Compute,8,16,1000,7038,99.905,99.89,19.26,34.25,5839.71,0.194,94.19,92.85,89.06,0.1175,91.02,1.226,80.39,4.46,97.73
GCP,me-central-1,Networking,32,128,50,5909,99.908,99.66,23.06,33.83,5049.34,0.232,95.65,92.04,96.47,0.0936,88.83,1.143,81.21,4.38,98.92
GCP,me-central-1,Kubernetes,64,512,500,3077,99.956,99.79,22.17,35.03,2674.93,0.096,93.94,89.27,95.03,0.1279,87.69,0.541,79.29,4.67,99.56
GCP,me-central-1,AI,2,4,1000,5638,99.982,99.96,22.33,35.06,5495.6,0.119,96.0,93.49,96.99,0.0997,89.32,0.346,81.04,4.51,100
GCP,me-central-1,AI,64,512,100,773,99.98,99.44,19.51,31.3,597.06,0,95.13,92.01,94.18,0.1199,87.59,0.384,78.71,4.48,100
GCP,me-central-1,Kubernetes,64,128,250,9925,99.941,99.59,19.16,24.18,9228.36,0.22,96.95,96.02,95.94,0.1035,90.08,0.71,84.6,4.62,100
GCP,me-central-1,Kubernetes,8,64,50,2812,99.88,99.55,28.69,38.71,2559.3,0.209,94.62,91.13,93.06,0.0949,81.77,1.174,81.46,4.17,97.03
GCP,me-central-1,Database,64,256,2000,1170,99.964,99.83,18.94,29.13,903.75,0.027,100,95.67,91.81,0.1079,87.81,0.564,77.43,4.8,100
GCP,me-central-1,AI,16,128,50,3810,99.997,100,16.28,25.38,3647.51,0,93.49,92.24,87.8,0.1227,87.84,0.33,73.39,4.75,99.13
GCP,me-central-1,Networking,16,128,250,1579,99.929,100,25.71,29.33,1538.09,0.268,95.97,91.75,92.1,0.1096,88.16,0.636,84.51,4.24,99.21
GCP,me-central-1,Database,2,8,50,1253,99.908,100,21.67,33.45,1132.58,0.236,95.35,94.11,97.0,0.1045,93.21,1.011,78.35,4.51,99.8
GCP,me-central-1,Networking,8,64,50,6309,99.944,99.72,21.12,24.88,5465.82,0.162,95.9,94.43,90.93,0.1312,88.48,0.712,71.5,4.45,99.09
GCP,me-central-1,Database,32,256,500,7167,99.944,99.68,21.02,33.3,6600.59,0.209,95.31,91.53,93.51,0.0978,92.2,0.603,86.09,4.45,99.99
GCP,me-central-1,Database,8,16,100,8397,99.964,99.78,20.09,32.48,6185.56,0.261,97.81,96.89,90.75,0.1052,80.4,0.725,79.39,4.64,98.65
GCP,me-central-1,Storage,32,256,250,3850,99.966,100,20.75,24.29,3699.6,0.032,98.42,96.16,95.66,0.113,97.69,0.348,71.31,4.65,100
GCP,me-central-1,AI,8,64,50,6492,99.98,100,21.28,35.12,5055.06,0.257,97.61,93.62,92.86,0.1099,86.51,0.586,80.66,4.4,99.85
GCP,me-central-1,Networking,2,4,500,9747,99.91,100,20.59,33.96,8763.24,0.258,93.06,90.84,92.92,0.1123,83.27,0.806,90.76,4.6,98.12
GCP,me-central-1,AI,16,64,100,7063,99.999,99.99,23.98,28.96,6762.58,0.356,95.57,93.85,94.21,0.1265,90.48,0.388,72.44,4.65,100
GCP,me-central-1,Database,8,64,100,6137,99.999,100,19.99,31.02,4596.32,0.303,96.31,92.33,96.22,0.1138,93.41,0.124,79.83,4.42,100
GCP,me-central-1,Networking,8,64,250,4772,99.934,100,18.03,21.48,3535.0,0.248,98.79,96.55,98.84,0.0938,96.51,1.002,72.64,4.47,100
GCP,me-central-1,Kubernetes,32,256,50,7485,99.88,99.84,23.6,33.94,6841.02,0.24,96.5,92.16,95.5,0.1163,90.08,1.33,77.34,4.65,98.67
GCP,me-central-1,Storage,8,64,50,8994,99.999,100,23.89,26.43,7823.77,0.182,96.66,93.61,94.47,0.1337,89.02,0.172,81.23,4.47,100
GCP,me-central-1,Database,8,64,100,5523,99.999,99.87,14.25,26.5,3884.37,0.268,93.84,91.86,88.34,0.1417,89.27,0.378,77.03,4.65,99.43
GCP,me-central-1,Networking,4,16,250,4267,99.999,99.62,16.02,20.75,3299.51,0,96.52,93.51,95.47,0.0917,91.41,0.276,77.86,4.93,100
GCP,me-central-1,Networking,64,512,2000,5351,99.964,99.79,26.37,36.97,3966.07,0.15,96.67,93.83,93.96,0.1007,81.01,0.726,73.82,4.53,98.65
GCP,me-central-1,Storage,32,64,250,5252,99.883,100,21.73,32.59,4908.01,0.369,97.4,93.09,96.51,0.1003,99.06,1.066,65.06,4.46,100
GCP,me-central-1,Storage,8,16,100,9221,99.92,99.71,16.69,20.03,6874.86,0.179,99.92,97.42,96.87,0.0772,89.32,1.126,85.87,4.68,100
GCP,me-central-1,Networking,32,256,50,9571,99.928,99.79,20.03,24.44,7090.17,0.248,97.72,95.11,93.42,0.1131,90.02,0.666,78.67,4.79,100
GCP,me-central-1,AI,32,256,1000,7978,99.954,99.64,19.01,26.0,6808.17,0.217,99.97,95.48,91.23,0.1202,93.04,0.411,78.11,4.46,100
GCP,me-central-1,Kubernetes,32,64,500,4627,99.887,99.32,24.17,30.19,4348.18,0.2,93.79,89.84,91.47,0.1345,85.0,1.34,83.28,4.65,96.8
GCP,me-central-1,Database,4,8,250,4670,99.999,99.82,17.57,19.82,4038.3,0.139,92.07,88.73,93.45,0.1113,95.25,0.353,80.81,4.62,100
GCP,me-central-1,Database,8,16,2000,1579,99.93,99.6,12.91,20.72,1522.04,0.135,94.03,89.45,92.99,0.107,95.48,0.722,78.71,4.79,100
GCP,me-central-1,Compute,32,64,500,6976,99.92,99.86,20.0,30.09,5158.27,0.074,94.26,91.62,92.17,0.1035,84.54,0.718,73.21,4.55,98.58
GCP,me-central-1,Networking,16,128,2000,8051,99.964,99.96,19.48,26.2,5704.76,0.229,93.14,93.02,90.0,0.1356,85.5,0.711,90.07,4.76,98.17
GCP,me-central-1,Database,8,32,2000,8652,99.877,99.42,17.48,26.67,6508.87,0.45,100,98.16,93.76,0.1174,86.3,0.99,85.98,4.75,99.71
GCP,me-central-1,Storage,2,8,500,7586,99.954,99.5,22.68,27.09,6898.91,0.128,93.55,90.32,93.22,0.1229,87.68,0.401,87.94,4.55,99.41
GCP,me-central-1,Database,16,64,100,2765,99.999,99.67,28.41,40.96,2194.29,0.191,98.34,94.68,91.29,0.1306,87.97,0.449,87.55,4.38,99.78
GCP,me-central-1,Database,8,32,50,5325,99.906,99.36,22.88,36.19,3731.8,0.183,99.61,94.92,92.27,0.1022,90.0,1.004,77.15,4.42,99.46
Oracle,us-east-1,AI,16,64,50,7626,99.944,99.62,34.61,43.15,5932.76,0.551,91.8,87.37,82.0,0.1062,83.29,0.906,86.46,4.05,95.13
Oracle,us-east-1,Compute,4,8,2000,4389,99.892,99.35,25.1,39.24,3239.74,0.164,95.54,93.13,90.44,0.1155,85.36,1.323,75.41,4.35,97.04
Oracle,us-east-1,Compute,2,4,1000,6191,99.968,100,27.13,39.74,5796.48,0.308,95.32,90.92,88.05,0.1274,91.89,0.301,81.56,4.24,99.47
Oracle,us-east-1,Database,32,64,100,818,99.919,99.82,28.31,42.75,671.13,0.276,93.19,92.75,89.48,0.0812,75.84,0.778,81.69,4.39,96.45
Oracle,us-east-1,Storage,4,32,100,9397,99.849,100,27.43,33.91,8039.07,0.319,94.59,94.01,94.77,0.111,95.56,1.507,87.14,4.26,98.17
Oracle,us-east-1,Networking,16,32,250,8921,99.994,99.58,32.28,34.87,8056.54,0.392,92.45,91.35,90.0,0.1025,87.41,0.228,75.06,4.0,98.52
Oracle,us-east-1,Database,8,32,250,8685,99.908,99.76,20.57,23.36,6899.98,0.297,97.12,93.39,87.46,0.0944,89.3,1.166,76.41,4.49,97.95
Oracle,us-east-1,Database,8,64,1000,3298,99.775,99.22,24.94,37.31,2602.18,0.281,96.2,95.51,95.7,0.1141,85.87,2.118,76.72,4.46,96.34
Oracle,us-east-1,Database,64,128,500,5999,99.857,100,29.14,38.48,4333.78,0.349,95.53,90.84,88.57,0.1039,90.08,1.508,79.2,4.24,96.73
Oracle,us-east-1,Networking,64,128,2000,9931,99.929,100,29.74,38.34,9596.24,0.409,92.55,91.83,88.93,0.0844,85.48,0.76,78.15,4.32,97.23
Oracle,us-east-1,AI,64,128,100,489,99.842,99.91,31.1,36.58,468.18,0.222,92.08,87.61,95.18,0.1294,73.79,1.733,85.33,4.12,94.73
Oracle,us-east-1,AI,8,16,50,2687,99.954,100,22.79,29.18,2407.28,0.311,98.95,97.21,89.83,0.0816,85.4,0.801,76.89,4.53,99.0
Oracle,us-east-1,Compute,8,16,500,4728,99.991,100,30.06,33.74,3441.84,0.24,96.78,93.06,89.69,0.0739,91.43,0.367,71.79,4.2,99.7
Oracle,us-east-1,Database,2,4,500,4816,99.967,100,26.52,37.49,4679.0,0.267,96.85,92.16,88.53,0.1078,90.09,0.551,73.58,4.3,99.18
Oracle,us-east-1,Database,2,4,1000,5013,99.823,99.47,21.72,31.72,4850.15,0.308,96.83,93.03,88.84,0.1138,88.82,1.859,74.55,4.68,96.47
Oracle,us-east-1,Storage,16,32,50,1071,99.852,99.64,30.54,39.96,1031.76,0.325,97.12,96.75,89.05,0.1044,86.59,1.658,75.65,4.14,96.32
Oracle,us-east-1,Database,16,128,250,2153,99.874,99.76,18.21,27.76,1906.31,0.107,93.99,93.98,87.94,0.1203,92.53,1.49,71.66,4.8,97.14
Oracle,us-east-1,Storage,2,4,100,5800,99.909,99.37,26.63,40.31,4405.13,0.211,96.95,96.04,90.58,0.1335,93.83,0.818,85.63,4.3,99.24
Oracle,us-east-1,Storage,4,8,250,5523,99.912,100,26.8,40.44,5006.18,0.296,94.17,94.14,89.17,0.0915,85.8,0.917,67.16,4.37,97.47
Oracle,us-east-1,Database,2,4,50,1548,99.86,100,30.89,44.54,1428.0,0.3,99.36,97.69,88.77,0.0898,88.29,1.291,70.21,4.22,97.74
Oracle,us-east-1,Compute,32,64,50,2901,99.844,100,25.03,39.42,2374.7,0.266,93.03,89.04,89.8,0.1112,80.9,1.367,83.64,4.42,95.94
Oracle,us-east-1,Networking,8,32,500,504,99.891,99.99,26.05,38.99,480.84,0.396,95.0,94.06,92.55,0.1189,89.45,0.983,84.25,4.36,98.45
Oracle,us-east-1,Database,4,8,250,8692,99.914,99.68,23.26,32.61,8298.78,0.207,95.34,94.28,84.5,0.0981,84.15,0.909,77.65,4.46,96.96
Oracle,us-east-1,AI,32,256,500,7807,99.938,100,33.32,45.08,6299.32,0.177,96.98,93.15,88.5,0.0956,87.16,0.883,81.41,3.96,97.83
Oracle,us-east-1,AI,4,32,1000,7957,99.973,99.54,23.73,26.42,6185.06,0.321,93.79,90.02,88.38,0.1063,89.74,0.266,87.16,4.43,99.15
Oracle,us-east-1,AI,4,32,100,2316,99.885,99.39,26.02,31.64,1784.59,0.24,97.25,94.63,92.42,0.1176,96.12,1.027,66.91,4.46,99.42
Oracle,us-east-1,Networking,64,128,2000,267,99.862,99.39,22.22,36.94,241.83,0.321,94.75,90.49,92.06,0.1053,87.23,1.242,74.75,4.35,97.64
Oracle,us-east-1,Kubernetes,2,4,250,3277,99.984,99.73,29.78,32.39,2413.77,0.373,95.99,91.86,90.5,0.0895,97.16,0.257,81.16,4.14,100
Oracle,us-east-1,Storage,16,64,500,9677,99.951,100,30.82,34.92,7131.61,0.328,91.42,87.99,89.28,0.1028,95.24,0.69,74.26,4.2,98.18
Oracle,us-east-1,AI,32,256,1000,3674,99.964,100,32.78,45.46,2843.04,0.418,94.1,91.26,84.87,0.1072,91.94,0.32,80.88,4.18,98.37
Oracle,us-east-1,Compute,2,8,500,9228,99.999,99.55,21.02,35.43,7538.83,0.308,96.41,94.44,88.43,0.0884,90.92,0.449,70.21,4.62,99.6
Oracle,us-east-1,Storage,8,64,250,4273,99.896,99.6,29.03,35.01,4146.04,0.239,94.47,92.75,90.25,0.0945,83.66,1.219,77.12,4.42,96.65
Oracle,us-east-1,Compute,16,32,500,2024,99.999,100,33.55,47.51,1561.73,0.369,97.37,95.77,84.67,0.1107,87.69,0.377,85.8,4.14,98.43
Oracle,us-east-1,Storage,32,256,500,9834,99.966,100,26.3,31.42,8921.14,0.314,95.36,92.36,88.28,0.11,88.1,0.428,79.66,4.45,98.89
Oracle,us-east-1,AI,4,32,250,7651,99.932,99.57,27.58,32.51,6138.99,0.391,96.09,92.04,90.31,0.1135,98.78,0.677,90.02,4.21,99.82
Oracle,us-east-1,Networking,16,64,50,6225,99.939,100,27.61,38.58,5862.7,0.294,91.43,89.43,86.06,0.0551,90.03,0.825,76.64,4.26,97.0
Oracle,us-east-1,Compute,8,16,250,4030,99.841,100,30.0,41.47,3939.39,0.287,92.32,90.17,91.94,0.1067,96.11,1.664,82.62,4.35,96.84
Oracle,us-east-1,Compute,32,256,50,9482,99.853,99.62,34.65,47.24,8279.03,0.457,94.11,90.17,87.68,0.1086,91.64,1.269,76.26,4.13,96.6
Oracle,us-east-1,Kubernetes,4,8,500,4624,99.931,99.98,30.9,37.9,4165.64,0.387,93.44,88.67,88.81,0.0943,100,1.016,76.08,4.08,98.33
Oracle,us-east-1,Database,2,8,250,5161,99.921,99.97,35.09,43.05,4267.04,0.226,98.62,98.47,91.29,0.0826,84.06,0.686,79.16,4.08,98.6
Oracle,us-west-2,Networking,4,8,50,1400,99.857,99.69,31.72,35.75,1016.21,0.391,96.59,92.11,88.0,0.085,89.23,1.323,88.9,4.31,96.97
Oracle,us-west-2,Kubernetes,64,512,500,896,99.925,99.47,29.71,40.5,869.27,0.456,93.45,89.74,83.9,0.0906,92.43,0.946,85.53,4.42,96.89
Oracle,us-west-2,Networking,16,128,250,6763,99.921,100,32.16,34.77,4945.19,0.444,93.87,89.8,86.71,0.1132,81.26,1.012,92.69,4.25,96.06
Oracle,us-west-2,Compute,32,256,50,695,99.928,99.35,28.36,34.38,653.14,0.306,92.48,91.88,90.41,0.1373,79.72,0.733,75.04,4.24,96.87
Oracle,us-west-2,Kubernetes,4,16,1000,1522,99.87,99.3,28.08,34.58,1080.35,0.351,93.02,88.49,91.02,0.0845,89.44,1.394,75.18,4.28,96.71
Oracle,us-west-2,Compute,4,16,100,6219,99.946,100,27.22,32.27,5908.74,0.235,92.81,90.6,87.25,0.117,83.39,0.52,82.68,4.32,97.45
Oracle,us-west-2,Compute,8,32,500,3738,99.907,99.35,25.2,39.83,2853.81,0.145,95.53,90.65,90.58,0.1189,90.86,0.978,83.14,4.31,98.36
Oracle,us-west-2,Kubernetes,32,64,100,6344,99.908,99.87,28.16,41.15,4662.27,0.207,91.01,88.22,90.7,0.0944,86.51,1.146,89.12,4.14,96.54
Oracle,us-west-2,Compute,64,512,500,4394,99.862,100,27.34,32.76,3571.05,0.307,100,95.09,92.09,0.1069,88.36,1.175,82.24,4.27,98.84
Oracle,us-west-2,AI,64,128,1000,4884,99.899,100,30.31,34.32,4184.9,0.224,97.82,96.9,84.68,0.1041,89.59,1.213,78.75,4.38,97.11
Oracle,us-west-2,Kubernetes,8,16,250,907,99.93,100,26.25,38.64,862.72,0.291,93.52,92.17,85.68,0.1004,85.07,0.592,77.18,4.5,97.42
Oracle,us-west-2,Kubernetes,64,256,100,9256,99.982,100,25.86,36.44,8172.09,0.251,93.48,93.19,89.44,0.0907,93.34,0.256,77.77,4.27,99.62
Oracle,us-west-2,Networking,64,256,500,1136,99.884,100,30.97,33.91,946.65,0.261,94.48,94.04,90.75,0.106,88.67,1.013,79.73,4.13,97.65
Oracle,us-west-2,Kubernetes,8,32,500,4550,99.999,99.88,28.99,33.74,3301.35,0.266,93.2,92.28,85.05,0.1,88.63,0.169,83.26,4.4,98.37
Oracle,us-west-2,Kubernetes,4,32,50,1265,99.848,100,23.95,29.95,919.54,0.234,91.99,89.84,87.71,0.1105,86.37,1.687,73.92,4.41,95.35
Oracle,us-west-2,AI,2,16,1000,7875,99.906,99.33,30.35,40.17,6594.16,0.263,96.96,93.59,89.12,0.0941,95.35,1.134,88.95,4.07,98.3
Oracle,us-west-2,AI,32,128,2000,9024,99.868,99.9,29.41,38.84,7927.34,0.331,94.53,91.51,93.09,0.1087,86.85,1.516,76.19,4.47,96.84
Oracle,us-west-2,Networking,64,512,1000,5586,99.911,99.87,29.88,42.83,3981.65,0.326,93.06,88.09,89.78,0.1092,90.42,1.101,66.97,4.28,97.25
Oracle,us-west-2,Kubernetes,2,4,100,6995,99.955,100,27.11,35.57,5496.17,0.108,92.93,91.38,87.59,0.1049,91.76,0.511,76.48,4.21,98.43
Oracle,us-west-2,Networking,64,128,250,5516,99.95,100,28.84,31.33,4406.41,0.253,97.55,94.47,85.79,0.1026,88.99,0.77,77.3,4.25,98.19
Oracle,us-west-2,AI,8,16,1000,6328,99.906,99.51,30.68,35.01,5660.54,0.174,95.63,93.56,86.35,0.1422,92.52,0.929,74.54,4.1,97.73
Oracle,us-west-2,Compute,8,64,1000,9268,99.946,100,22.28,32.82,8075.05,0.176,98.3,93.92,90.99,0.1102,88.55,0.558,78.89,4.44,99.91
Oracle,us-west-2,Networking,8,64,50,6580,99.838,99.51,25.7,39.98,5056.63,0.109,93.56,90.68,85.45,0.1015,88.06,1.422,79.06,4.31,95.88
Oracle,us-west-2,Storage,64,512,100,2493,99.911,100,33.3,44.7,2094.47,0.444,91.72,88.51,92.47,0.0827,85.78,0.824,67.86,4.32,97.32
Oracle,us-west-2,Storage,2,4,1000,7399,99.953,100,32.45,38.7,5417.85,0.295,93.7,90.55,89.12,0.1123,89.62,0.827,75.34,4.15,97.66
Oracle,us-west-2,Kubernetes,2,4,50,803,99.879,100,32.9,44.31,752.82,0.302,95.44,90.96,89.74,0.1162,90.4,1.077,88.17,4.29,97.64
Oracle,us-west-2,AI,8,32,250,8763,99.887,99.86,24.16,32.28,6945.68,0.163,99.94,99.55,92.85,0.1056,85.1,0.908,80.45,4.38,99.32
Oracle,us-west-2,Database,8,16,250,5461,99.872,100,29.71,32.34,3933.53,0.413,96.0,93.97,87.48,0.0961,87.93,1.128,79.91,4.38,97.2
Oracle,us-west-2,Networking,16,64,100,4443,99.839,100,31.24,40.77,3133.38,0.325,93.74,91.76,92.26,0.0966,81.58,1.539,80.76,4.11,95.86
Oracle,us-west-2,Database,8,64,2000,2407,99.863,99.33,26.63,39.1,2192.57,0.322,93.79,89.35,88.56,0.1475,85.07,1.139,78.39,4.46,96.64
Oracle,us-west-2,Storage,2,4,100,8891,99.926,100,20.7,30.62,8581.86,0.302,94.02,90.26,93.72,0.0747,92.0,0.733,80.25,4.7,99.52
Oracle,us-west-2,Kubernetes,32,64,1000,3930,99.909,99.75,28.04,32.7,3114.34,0.238,96.31,94.27,88.36,0.0924,90.46,0.733,79.69,4.17,98.56
Oracle,us-west-2,Database,8,16,500,7093,99.936,100,31.55,45.23,6176.51,0.316,94.66,94.38,86.39,0.1096,94.73,0.542,82.02,4.18,98.62
Oracle,us-west-2,Storage,16,32,100,575,99.916,100,34.22,40.06,555.57,0.377,97.6,93.89,90.15,0.0935,88.85,0.702,80.34,4.04,98.73
Oracle,us-west-2,Database,64,128,250,953,99.913,100,27.06,32.42,884.39,0.232,91.63,91.13,82.42,0.0821,92.02,1.14,74.24,4.44,96.04
Oracle,us-west-2,Database,16,32,1000,9942,99.929,99.48,27.0,31.96,7693.5,0.162,91.72,89.37,91.81,0.0987,93.21,1.002,66.13,4.49,97.88
Oracle,us-west-2,Compute,32,64,1000,5723,99.837,100,32.45,44.06,4457.58,0.321,92.2,89.95,92.57,0.1044,90.64,1.78,83.42,4.33,95.96
Oracle,us-west-2,Networking,2,4,1000,7602,99.914,99.39,27.75,40.25,6804.77,0.404,99.24,94.36,88.58,0.0764,93.44,1.057,87.34,4.35,98.8
Oracle,us-west-2,Database,2,16,100,9901,99.914,99.49,29.52,33.84,9624.31,0.181,97.56,95.09,85.9,0.1136,84.41,0.85,84.38,4.33,97.43
Oracle,us-west-2,Compute,4,8,1000,7544,99.904,99.69,28.76,33.05,7091.39,0.316,94.38,89.99,90.19,0.0915,86.43,1.105,92.68,4.21,97.19
Oracle,eu-west-1,AI,64,512,100,3415,99.941,99.61,27.5,36.03,2813.92,0.291,92.37,90.72,88.67,0.1012,89.65,0.729,83.59,4.21,97.72
Oracle,eu-west-1,Database,64,256,1000,5823,99.977,99.54,30.96,36.3,4586.79,0.335,95.88,92.59,85.82,0.0829,94.8,0.537,87.09,4.27,98.77
Oracle,eu-west-1,AI,4,16,500,7868,99.887,99.31,30.22,33.27,7516.88,0.285,93.93,90.91,88.77,0.1177,89.27,1.102,73.45,4.4,97.03
Oracle,eu-west-1,AI,8,16,50,5385,99.999,99.86,23.42,29.56,4928.4,0.246,94.39,92.21,90.69,0.0915,85.17,0.387,79.35,4.52,98.98
Oracle,eu-west-1,AI,64,256,2000,3047,99.947,100,29.03,39.43,2418.9,0.283,96.11,95.57,92.6,0.0957,91.94,0.7,80.11,4.39,99.41
Oracle,eu-west-1,AI,4,32,100,1152,99.909,100,26.48,38.65,1080.74,0.421,94.16,89.74,92.15,0.0928,97.07,0.916,68.24,4.37,99.14
Oracle,eu-west-1,Kubernetes,16,64,250,238,99.953,99.4,31.22,38.28,201.98,0.303,95.0,91.63,92.71,0.1126,80.47,0.874,74.05,4.23,97.41
Oracle,eu-west-1,Compute,16,128,1000,7971,99.901,99.9,31.47,38.69,6310.18,0.306,93.61,89.88,86.04,0.0896,92.55,1.261,79.32,4.15,96.58
Oracle,eu-west-1,Networking,32,64,2000,7245,99.911,99.59,25.66,28.25,5463.64,0.409,94.97,90.11,89.49,0.1016,93.5,0.791,72.85,4.26,98.76
Oracle,eu-west-1,Kubernetes,2,4,500,7415,99.948,100,33.55,43.03,6411.57,0.221,93.61,92.61,86.7,0.1013,85.11,0.678,84.19,4.18,97.04
Oracle,eu-west-1,Storage,2,16,2000,2854,99.895,99.34,26.62,32.99,2275.76,0.286,95.34,93.73,90.68,0.0889,92.09,1.111,81.74,4.22,98.11
Oracle,eu-west-1,Storage,32,256,50,5920,99.872,99.7,27.22,39.34,4836.76,0.295,97.02,94.35,87.29,0.0774,92.09,1.408,84.44,4.19,97.32
Oracle,eu-west-1,Kubernetes,4,32,100,8318,99.862,99.89,25.5,33.78,7661.62,0.322,96.57,96.0,88.48,0.0928,92.26,1.555,69.43,4.29,97.24
Oracle,eu-west-1,Storage,4,16,500,1816,99.901,99.91,33.07,37.54,1761.95,0.539,95.34,94.21,94.09,0.1109,86.76,1.125,86.08,4.16,97.81
Oracle,eu-west-1,AI,8,16,500,9931,99.898,99.95,26.57,40.8,8277.72,0.222,97.19,95.27,84.07,0.1099,88.32,0.83,72.53,4.43,97.75
Oracle,eu-west-1,AI,4,8,2000,8918,99.803,99.9,26.88,30.54,8273.24,0.269,95.96,91.37,90.18,0.1161,89.33,1.883,75.17,4.34,96.29
Oracle,eu-west-1,Compute,64,128,1000,4997,99.866,99.8,31.8,43.31,4525.48,0.476,92.79,88.68,89.5,0.0794,95.39,1.426,80.71,4.27,96.86
Oracle,eu-west-1,Kubernetes,4,16,500,3444,99.879,100,32.45,37.35,2956.13,0.412,92.39,88.57,88.19,0.0871,92.82,1.106,85.97,4.14,96.97
Oracle,eu-west-1,Database,8,64,500,2438,99.905,99.9,23.9,31.59,2109.54,0.275,92.44,89.67,88.98,0.1212,90.63,1.071,76.83,4.57,97.39
Oracle,eu-west-1,AI,64,512,1000,4756,99.884,100,28.88,41.9,4007.1,0.347,93.39,91.1,83.89,0.1126,90.98,0.988,76.65,4.27,96.75
Oracle,eu-west-1,Kubernetes,2,8,250,9672,99.862,100,27.34,37.66,7626.28,0.289,96.26,95.41,87.25,0.0992,86.87,1.51,83.58,4.5,96.43
Oracle,eu-west-1,Database,2,8,500,4849,99.798,99.74,25.19,38.03,3418.85,0.176,96.12,93.34,88.34,0.0895,92.16,1.794,68.5,4.31,96.58
Oracle,eu-west-1,Compute,16,64,2000,8961,99.834,100,26.25,41.18,8121.62,0.248,91.54,91.47,94.88,0.1047,95.04,1.604,74.54,4.59,97.35
Oracle,eu-west-1,Kubernetes,4,8,2000,5751,99.884,99.58,21.36,31.12,4675.12,0.045,100,98.21,85.69,0.0909,91.42,1.248,70.43,4.68,98.25
Oracle,eu-west-1,Networking,32,256,250,7177,99.885,99.32,28.41,38.91,6553.52,0.473,97.16,93.14,85.59,0.0926,98.73,1.189,77.24,4.37,98.12
Oracle,eu-west-1,Compute,2,4,100,4546,99.937,100,26.34,28.91,4415.53,0.355,92.47,89.68,91.97,0.0868,79.28,0.745,82.42,4.47,97.26
Oracle,eu-west-1,Database,16,32,100,2014,99.88,99.29,31.29,45.41,1746.66,0.351,96.58,95.95,87.83,0.1346,99.0,1.348,81.23,4.16,97.89
Oracle,eu-west-1,Compute,16,32,250,8274,99.862,100,36.05,42.89,6495.1,0.318,93.87,89.63,94.11,0.0972,91.18,1.214,74.93,4.07,97.62
Oracle,eu-west-1,Networking,4,16,250,5796,99.906,99.37,30.36,42.0,5402.4,0.331,92.37,87.71,88.4,0.0834,79.85,0.949,78.61,4.09,95.98
Oracle,eu-west-1,Networking,4,32,500,8204,99.947,99.93,33.74,40.25,6974.22,0.265,93.85,92.99,88.36,0.1213,84.34,0.581,76.91,4.2,97.46
Oracle,eu-west-1,Database,8,16,500,1994,99.944,99.44,27.5,33.87,1601.4,0.307,95.37,93.83,89.56,0.1041,88.75,0.473,75.13,4.36,98.91
Oracle,eu-west-1,AI,64,128,250,2412,99.87,100,35.78,48.61,2182.63,0.408,96.93,93.42,87.0,0.1029,94.48,1.462,75.49,3.94,96.99
Oracle,eu-west-1,Kubernetes,4,8,250,3890,99.838,100,28.36,31.44,2965.07,0.333,94.44,91.22,90.49,0.0981,86.57,1.687,86.29,4.51,96.09
Oracle,eu-west-1,Database,32,256,100,9222,99.981,99.83,30.96,43.71,7694.63,0.296,94.71,93.8,89.06,0.1125,91.65,0.37,78.17,4.17,99.1
Oracle,eu-west-1,Compute,64,128,500,8486,99.957,100,29.48,33.92,7991.89,0.201,94.37,91.97,92.58,0.0918,91.45,0.484,87.35,4.32,99.43
Oracle,eu-west-1,Database,8,16,100,6588,99.945,99.37,32.12,37.53,5085.58,0.195,97.52,94.59,92.74,0.1011,92.16,0.897,81.84,4.16,99.08
Oracle,eu-west-1,AI,16,32,1000,377,99.864,99.43,27.43,38.59,362.19,0.259,92.95,88.43,87.27,0.1116,93.27,1.357,78.66,4.18,96.64
Oracle,eu-west-1,Storage,8,64,2000,7600,99.853,100,25.86,39.43,6513.89,0.392,94.54,91.94,85.09,0.0712,85.52,1.337,79.41,4.58,96.02
Oracle,eu-west-1,AI,2,8,2000,9665,99.839,100,29.15,32.12,8552.49,0.218,93.73,90.69,85.39,0.0901,89.42,1.353,85.37,4.12,96.1
Oracle,eu-west-1,Kubernetes,32,128,250,5485,99.933,100,21.44,34.8,5060.16,0.246,93.11,92.7,92.38,0.0921,93.84,0.798,77.34,4.55,99.14
Oracle,eu-central-1,Storage,32,64,50,9571,99.904,99.96,39.69,53.6,8017.35,0.319,95.33,91.35,88.42,0.0785,89.3,1.057,87.72,3.91,96.98
Oracle,eu-central-1,Networking,2,8,500,9555,99.942,100,29.01,33.71,8187.46,0.197,93.03,89.74,90.42,0.0993,95.01,0.878,78.81,4.21,98.37
Oracle,eu-central-1,Database,2,16,250,3297,99.935,99.91,30.86,43.1,2996.7,0.403,95.03,94.41,91.72,0.1013,99.87,0.559,76.82,4.09,100
Oracle,eu-central-1,Database,2,4,2000,7089,99.917,99.62,28.37,41.49,6016.53,0.366,96.72,92.32,84.24,0.09,91.18,1.024,79.1,4.49,97.43
Oracle,eu-central-1,Kubernetes,64,512,500,3469,99.863,99.88,30.79,39.42,3317.07,0.443,93.75,92.54,91.18,0.0798,88.57,1.394,77.62,4.22,96.74
Oracle,eu-central-1,Compute,2,8,2000,4882,99.864,99.37,28.92,34.04,4306.83,0.408,95.72,91.34,84.73,0.1145,94.25,1.33,78.5,4.23,96.89
Oracle,eu-central-1,Networking,64,128,1000,4031,99.869,99.45,28.45,43.41,2853.5,0.358,93.45,92.21,92.38,0.1134,92.46,1.374,89.47,4.42,97.38
Oracle,eu-central-1,Storage,64,256,50,672,99.955,100,24.53,38.12,601.47,0.331,96.97,95.47,88.32,0.1039,84.89,0.529,85.59,4.6,98.77
Oracle,eu-central-1,AI,64,512,1000,120,99.992,100,36.42,43.91,100,0.429,94.07,90.9,91.45,0.1053,89.87,0.528,72.95,4.02,98.57
Oracle,eu-central-1,AI,8,16,50,9526,99.824,99.79,31.76,44.95,7784.16,0.192,90.94,86.34,91.67,0.1165,81.94,1.737,83.46,4.06,94.73
Oracle,eu-central-1,AI,32,128,250,5341,99.901,99.57,24.28,30.56,5018.35,0.258,91.29,90.68,94.64,0.1203,92.77,1.164,82.83,4.49,98.0
Oracle,eu-central-1,AI,32,64,50,6387,99.949,99.84,21.72,27.68,5858.06,0.22,92.57,92.24,88.2,0.0951,89.85,0.51,73.8,4.44,98.51
Oracle,eu-central-1,Storage,4,32,100,3613,99.83,99.42,31.81,43.14,2983.84,0.339,94.3,89.54,87.83,0.0729,88.3,1.662,85.6,4.02,95.6
Oracle,eu-central-1,Database,32,64,500,2283,99.849,99.9,33.73,46.75,2218.09,0.371,95.09,94.92,88.48,0.1025,92.09,1.64,76.94,4.23,96.3
Oracle,eu-central-1,Storage,2,4,50,8205,99.865,99.75,20.9,27.73,6368.65,0.155,96.54,96.24,88.3,0.0954,83.94,1.474,77.96,4.52,96.72
Oracle,eu-central-1,Compute,4,16,1000,7728,99.98,100,29.14,34.46,6617.07,0.349,93.94,92.07,91.42,0.0777,91.76,0.629,85.82,4.42,98.9
Oracle,eu-central-1,Compute,8,64,2000,3605,99.911,99.32,29.62,35.59,3062.08,0.277,96.59,96.34,88.44,0.0953,92.86,0.977,73.73,4.22,98.22
Oracle,eu-central-1,Kubernetes,4,8,50,9841,99.855,99.59,34.1,37.01,7965.88,0.393,92.89,92.73,84.46,0.102,93.38,1.342,74.86,4.31,95.89
Oracle,eu-central-1,Compute,4,8,250,9325,99.911,99.85,27.8,39.59,7732.2,0.246,93.87,93.33,88.14,0.103,90.89,0.728,78.73,4.34,98.1
Oracle,eu-central-1,Compute,64,256,500,2435,99.904,99.47,28.83,40.88,2266.05,0.197,96.93,96.37,95.2,0.0638,72.31,1.136,85.5,4.32,96.93
Oracle,eu-central-1,Database,16,64,250,4112,99.781,99.58,34.31,47.45,3045.0,0.356,96.28,95.82,91.51,0.1075,93.48,2.22,82.34,3.96,95.85
Oracle,eu-central-1,Compute,2,4,2000,378,99.863,99.62,26.29,30.64,351.74,0.297,95.33,92.12,85.75,0.119,93.07,1.404,91.27,4.4,96.86
Oracle,eu-central-1,AI,64,256,1000,5016,99.898,99.4,27.13,39.88,4874.49,0.433,94.06,93.87,94.44,0.0967,89.39,0.996,77.41,4.18,98.37
Oracle,eu-central-1,Compute,32,64,100,7142,99.851,100,26.97,35.94,6514.11,0.239,92.9,88.51,93.0,0.093,90.7,1.401,78.57,4.38,97.28
Oracle,eu-central-1,Compute,2,16,1000,4511,99.885,99.91,30.86,40.11,3803.35,0.331,92.61,90.15,94.52,0.0974,87.43,0.962,77.68,4.32,97.82
Oracle,eu-central-1,Compute,16,128,2000,8768,99.978,99.92,25.22,36.71,8451.2,0.293,95.58,94.42,92.92,0.0993,94.2,0.239,75.24,4.25,100
Oracle,eu-central-1,Database,32,64,50,3770,99.845,99.93,25.8,38.92,2975.27,0.207,96.33,92.7,89.71,0.0699,89.96,1.322,79.44,4.46,97.62
Oracle,eu-central-1,Compute,2,4,100,132,99.909,99.83,28.29,39.57,111.58,0.284,95.07,95.04,91.49,0.0887,92.42,0.931,70.63,4.12,98.58
Oracle,eu-central-1,Networking,8,16,500,143,99.999,100,29.44,39.6,134.15,0.169,96.5,91.83,92.33,0.0909,94.47,0.418,73.57,4.18,100
Oracle,eu-central-1,AI,16,128,2000,832,99.852,99.51,31.23,45.59,753.17,0.219,96.68,94.28,97.56,0.1048,85.32,1.653,80.06,4.06,97.4
Oracle,eu-central-1,AI,32,128,2000,3690,99.9,99.86,30.01,33.08,2682.99,0.426,96.29,92.98,82.61,0.1085,87.05,0.847,76.83,4.27,96.96
Oracle,eu-central-1,Database,8,16,50,3198,99.841,99.82,22.55,34.46,2833.83,0.287,93.16,91.28,89.84,0.093,92.88,1.414,75.99,4.36,97.23
Oracle,eu-central-1,Database,16,64,500,2529,99.895,99.45,26.25,28.46,2160.15,0.247,95.55,92.11,93.29,0.1081,79.11,0.908,82.76,4.41,97.66
Oracle,eu-central-1,Kubernetes,2,4,500,2405,99.945,99.76,28.78,42.54,2280.97,0.135,95.46,90.61,89.09,0.1292,85.43,0.673,87.44,4.37,98.07
Oracle,eu-central-1,Networking,2,4,250,1528,99.912,100,29.5,35.82,1399.72,0.416,93.17,90.03,87.84,0.0978,79.12,0.978,85.46,4.48,96.07
Oracle,eu-central-1,Storage,16,32,50,1096,99.87,99.99,28.54,31.65,784.2,0.266,92.81,92.66,89.29,0.0907,89.22,1.321,79.9,4.12,96.6
Oracle,eu-central-1,Database,32,256,2000,7099,99.92,100,28.72,40.02,5027.67,0.487,94.8,93.18,84.9,0.0759,84.68,0.648,81.33,4.12,97.27
Oracle,eu-central-1,Networking,8,32,2000,853,99.942,99.96,27.37,42.21,639.54,0.34,93.85,93.72,91.54,0.1015,98.88,0.89,79.65,4.35,99.18
Oracle,eu-central-1,Kubernetes,64,128,2000,5164,99.872,100,28.12,36.5,3954.42,0.183,97.31,93.53,87.87,0.1118,100,1.232,84.67,4.15,98.68
Oracle,eu-central-1,Kubernetes,16,32,1000,6522,99.945,99.97,22.89,30.09,5272.9,0.137,98.92,94.14,92.74,0.1187,100,0.518,60.4,4.36,100
Oracle,ap-south-1,Storage,32,128,1000,4907,99.807,99.71,29.26,35.96,4345.0,0.167,95.95,93.4,86.98,0.1013,89.62,1.561,74.95,4.43,96.34
Oracle,ap-south-1,Storage,8,32,100,5139,99.976,99.98,30.13,44.45,4861.69,0.304,93.53,89.31,85.22,0.091,96.1,0.268,80.03,4.36,99.0
Oracle,ap-south-1,Database,2,8,2000,4628,99.923,99.57,22.55,32.51,3353.56,0.332,94.22,93.48,92.14,0.0876,89.41,1.006,83.96,4.59,98.3
Oracle,ap-south-1,Compute,64,512,250,8299,99.942,100,24.64,34.27,6224.71,0.357,97.02,95.72,90.43,0.1056,90.74,0.677,78.43,4.6,99.41
Oracle,ap-south-1,Compute,4,8,100,6179,99.873,99.8,33.42,46.64,4807.94,0.355,93.59,89.87,87.18,0.101,92.5,1.078,94.49,4.15,97.01
Oracle,ap-south-1,Storage,64,512,2000,8377,99.789,99.24,35.82,39.19,6339.19,0.501,96.32,91.75,90.78,0.1064,83.84,1.911,84.08,3.9,95.24
Oracle,ap-south-1,Networking,8,32,50,4043,99.96,99.75,31.81,42.29,3676.34,0.223,95.18,92.03,87.2,0.0888,87.69,0.528,89.11,4.03,98.09
Oracle,ap-south-1,Compute,64,512,50,8412,99.897,100,33.27,42.09,6559.43,0.444,97.48,97.09,88.54,0.1115,86.66,1.261,77.06,4.29,97.08
Oracle,ap-south-1,AI,2,8,100,9244,99.801,99.62,26.57,38.7,7619.08,0.262,96.35,95.79,85.61,0.1084,91.24,1.89,73.18,4.38,95.81
Oracle,ap-south-1,Compute,16,32,100,3422,99.854,99.7,20.63,29.01,2958.87,0.282,95.58,94.45,88.83,0.1145,94.31,1.225,69.54,4.42,98.22
Oracle,ap-south-1,Storage,4,16,1000,344,99.863,100,22.37,30.87,276.09,0.104,93.27,91.81,93.83,0.123,83.95,1.1,88.12,4.34,97.65
Oracle,ap-south-1,AI,2,8,1000,723,99.912,99.99,24.18,32.11,641.51,0.173,93.05,90.83,90.88,0.1084,90.86,0.903,87.63,4.61,98.2
Oracle,ap-south-1,Database,8,64,2000,2427,99.914,99.36,28.72,32.6,1777.35,0.217,94.72,93.74,90.4,0.09,90.09,0.723,90.25,4.3,98.44
Oracle,ap-south-1,Storage,4,16,100,1943,99.827,99.83,22.51,31.06,1674.49,0.178,99.41,95.72,94.73,0.0744,90.71,1.494,84.02,4.59,98.92
Oracle,ap-south-1,Compute,2,4,50,6134,99.941,100,25.95,40.81,5529.89,0.273,92.07,90.91,84.27,0.0912,95.03,0.818,75.96,4.48,97.48
Oracle,ap-south-1,Networking,2,4,250,379,99.944,100,20.54,35.46,294.6,0.128,96.13,94.01,89.02,0.1102,84.0,0.693,78.08,4.65,98.48
Oracle,ap-south-1,AI,2,4,1000,1351,99.991,99.77,23.13,29.97,1070.35,0.291,93.17,91.88,90.27,0.0983,89.81,0.357,81.7,4.43,99.21
Oracle,ap-south-1,AI,16,32,100,6380,99.942,99.41,28.4,35.2,4988.91,0.294,95.33,95.14,83.24,0.1099,84.44,0.608,85.35,4.5,97.11
Oracle,ap-south-1,Compute,16,32,250,6395,99.929,99.56,21.7,29.95,5337.21,0.384,95.48,93.95,88.84,0.101,95.65,0.932,83.83,4.57,98.9
Oracle,ap-south-1,Kubernetes,8,64,250,7620,99.877,99.83,24.53,36.31,5679.64,0.281,94.07,91.82,91.06,0.0558,91.62,1.328,90.3,4.47,97.57
Oracle,ap-south-1,Storage,8,16,50,7396,99.872,99.67,24.81,37.66,5605.61,0.211,93.3,88.47,89.15,0.1041,96.85,1.127,77.15,4.4,98.05
Oracle,ap-south-1,Database,32,128,2000,8356,99.935,99.51,23.31,28.73,6800.13,0.221,93.02,89.62,88.34,0.0755,89.27,0.978,76.4,4.38,97.44
Oracle,ap-south-1,Kubernetes,2,8,50,8698,99.964,100,26.11,29.2,6441.23,0.293,93.2,88.44,91.97,0.1209,86.9,0.742,76.43,4.3,98.24
Oracle,ap-south-1,Kubernetes,16,32,2000,7860,99.797,99.72,27.99,35.66,6601.99,0.239,94.87,90.71,90.95,0.1076,88.86,1.665,82.28,4.45,96.51
Oracle,ap-south-1,Compute,64,128,500,3479,99.933,99.76,33.67,37.05,2606.2,0.266,93.12,88.69,86.3,0.112,91.06,0.572,85.07,4.18,97.68
Oracle,ap-south-1,Storage,8,16,1000,8999,99.871,99.48,30.38,32.8,8408.68,0.199,96.67,93.78,91.16,0.0926,93.19,1.117,82.34,4.44,98.38
Oracle,ap-south-1,Compute,64,256,1000,9104,99.999,99.86,29.19,37.63,8642.75,0.332,94.6,94.24,91.77,0.0981,90.53,0.047,80.9,4.41,100
Oracle,ap-south-1,Database,16,32,500,744,99.958,99.58,24.07,28.47,716.9,0.224,96.81,94.93,90.93,0.1178,100,0.753,88.26,4.6,100
Oracle,ap-south-1,AI,16,64,100,9196,99.935,100,28.09,34.32,7886.4,0.272,97.03,93.96,83.97,0.1207,85.3,0.547,75.78,4.44,97.91
Oracle,ap-south-1,Kubernetes,4,8,500,2688,99.958,99.92,27.75,31.28,2288.72,0.459,94.64,89.76,92.31,0.1033,91.28,0.528,77.2,4.37,99.41
Oracle,ap-south-1,Compute,16,64,2000,5525,99.925,99.78,24.07,28.74,4124.62,0.183,93.0,91.13,86.78,0.1001,85.09,0.847,91.88,4.49,97.03
Oracle,ap-south-1,Database,16,128,500,6053,99.902,99.47,20.26,31.55,4273.88,0.216,98.74,95.76,89.12,0.0678,87.59,0.834,81.76,4.48,99.04
Oracle,ap-south-1,Database,4,32,50,4679,99.896,99.65,33.21,39.74,3320.62,0.365,95.06,94.22,95.34,0.1069,90.55,0.926,90.57,4.0,98.71
Oracle,ap-south-1,Storage,8,16,50,3806,99.941,100,27.78,40.9,3512.71,0.267,96.41,94.98,88.29,0.0823,81.62,0.764,72.83,4.44,97.63
Oracle,ap-south-1,Kubernetes,8,16,500,2774,99.878,99.55,26.83,38.46,2572.38,0.395,95.13,90.3,89.64,0.1088,92.58,1.478,79.55,4.34,97.19
Oracle,ap-south-1,AI,8,64,500,5229,99.958,99.73,24.98,30.14,4560.42,0.298,95.73,94.19,88.55,0.1276,95.43,0.588,86.99,4.48,99.47
Oracle,ap-south-1,Kubernetes,8,64,50,9379,99.916,100,32.17,36.52,8199.1,0.36,94.73,92.87,85.19,0.1113,87.81,0.897,84.37,4.01,96.93
Oracle,ap-south-1,Database,8,16,2000,8434,99.865,99.27,25.07,27.4,6808.49,0.295,97.64,96.5,88.0,0.0878,96.24,1.387,72.65,4.28,98.09
Oracle,ap-south-1,AI,8,16,250,1100,99.928,99.91,33.83,40.44,789.34,0.267,94.58,93.88,83.45,0.1068,97.91,0.733,83.49,4.0,97.93
Oracle,ap-south-1,AI,16,64,1000,7652,99.875,100,25.63,30.9,6653.64,0.364,97.32,96.14,92.3,0.0838,88.92,1.067,73.77,4.33,98.69
Oracle,ap-southeast-1,AI,2,16,100,221,99.88,99.87,32.73,45.52,185.18,0.199,95.37,94.52,90.78,0.095,93.53,1.061,74.76,4.23,98.14
Oracle,ap-southeast-1,Kubernetes,2,4,250,7755,99.884,100,22.21,28.55,7513.12,0.19,95.7,93.05,95.14,0.0896,82.04,1.176,64.45,4.6,98.03
Oracle,ap-southeast-1,Storage,64,256,100,6727,99.902,100,27.26,36.86,5665.59,0.231,94.53,90.62,89.93,0.0939,93.29,0.866,79.8,4.32,98.53
Oracle,ap-southeast-1,Storage,32,64,100,3107,99.904,99.48,27.62,38.24,2267.37,0.342,97.04,95.54,93.43,0.1106,99.01,1.082,73.21,4.45,99.66
Oracle,ap-southeast-1,Database,64,128,50,2877,99.91,100,25.1,34.83,2234.24,0.221,92.7,90.73,92.81,0.1028,85.51,1.114,76.98,4.47,97.38
Oracle,ap-southeast-1,Storage,8,16,1000,6019,99.871,99.52,29.09,40.41,5017.56,0.285,98.22,95.34,89.83,0.0814,92.61,1.339,80.61,4.43,98.04
Oracle,ap-southeast-1,Compute,8,32,50,1522,99.934,99.61,27.12,29.39,1428.56,0.236,92.15,90.55,86.06,0.1146,91.76,0.795,86.99,4.4,97.36
Oracle,ap-southeast-1,Storage,16,64,100,6504,99.885,99.71,34.16,40.39,5851.67,0.331,95.65,93.43,89.41,0.1085,94.99,1.155,82.58,4.28,97.84
Oracle,ap-southeast-1,AI,16,32,50,4343,99.895,99.49,29.73,33.02,3569.41,0.341,96.33,91.76,90.52,0.1152,87.58,1.011,82.93,4.12,97.89
Oracle,ap-southeast-1,Compute,8,32,500,618,99.832,100,30.89,45.56,569.31,0.259,97.65,95.29,87.85,0.1112,83.77,1.751,86.14,4.43,95.78
Oracle,ap-southeast-1,AI,16,128,1000,9350,99.916,99.53,31.13,35.98,7023.45,0.372,95.11,92.63,87.34,0.1216,88.01,0.827,74.1,4.11,97.5
Oracle,ap-southeast-1,Networking,16,128,250,7450,99.744,99.19,22.1,28.9,5560.25,0.342,95.59,92.8,85.33,0.0914,87.73,2.162,78.6,4.52,94.82
Oracle,ap-southeast-1,Compute,64,256,50,298,99.904,99.58,27.96,41.47,236.88,0.189,96.16,94.21,88.99,0.1181,88.93,1.009,76.53,4.53,97.86
Oracle,ap-southeast-1,Compute,32,64,500,8843,99.966,99.63,30.8,38.14,6313.68,0.164,95.41,90.88,89.31,0.1047,95.84,0.319,80.46,4.15,99.81
Oracle,ap-southeast-1,Database,32,128,2000,5857,99.928,99.39,25.87,32.91,4779.0,0.111,91.56,86.74,89.92,0.0739,87.0,0.695,73.29,4.57,97.59
Oracle,ap-southeast-1,Storage,32,256,1000,9459,99.917,99.97,28.29,41.25,7820.58,0.337,93.21,89.72,88.17,0.0874,89.52,0.668,83.1,4.41,97.94
Oracle,ap-southeast-1,Compute,8,32,500,645,99.893,99.5,28.93,38.63,578.98,0.081,97.26,95.06,91.29,0.0846,90.97,0.98,82.78,4.19,98.67
Oracle,ap-southeast-1,Compute,32,64,100,3104,99.808,99.54,32.0,35.06,2585.96,0.248,92.62,90.09,87.9,0.0998,89.56,1.543,74.64,4.16,95.64
Oracle,ap-southeast-1,Networking,16,64,100,9482,99.863,99.58,29.74,43.03,8796.43,0.247,92.99,89.28,84.65,0.0995,90.58,1.345,85.29,4.47,95.87
Oracle,ap-southeast-1,Compute,64,256,1000,2361,99.916,99.76,29.54,37.03,1953.76,0.28,98.53,95.12,94.89,0.1056,94.69,1.021,76.6,4.15,99.82
Oracle,ap-southeast-1,Storage,16,32,1000,342,99.782,99.67,29.53,42.44,294.96,0.379,98.68,94.03,94.13,0.0941,89.72,1.787,74.22,4.35,97.55
Oracle,ap-southeast-1,Compute,4,16,50,7596,99.891,99.88,18.99,24.4,6452.73,0.228,94.87,91.28,86.69,0.0795,91.2,1.073,76.58,4.44,97.85
Oracle,ap-southeast-1,Database,64,128,250,5055,99.872,99.34,22.73,32.08,4518.42,0.299,88.93,85.94,90.84,0.1158,94.97,1.509,76.0,4.63,96.45
Oracle,ap-southeast-1,Kubernetes,8,64,1000,2760,99.938,100,27.18,37.74,2365.86,0.099,96.06,91.7,88.59,0.0832,90.94,0.615,79.59,4.35,98.94
Oracle,ap-southeast-1,Networking,16,128,50,6430,99.817,99.32,20.6,34.08,4989.05,0.215,97.21,92.6,90.45,0.0907,83.63,1.725,77.32,4.47,96.57
Oracle,ap-southeast-1,AI,64,128,2000,8472,99.902,100,28.12,30.83,8159.0,0.289,96.57,96.36,87.54,0.1172,95.86,1.081,82.07,4.31,98.36
Oracle,ap-southeast-1,Networking,64,128,500,2710,99.85,99.28,30.83,44.14,2352.76,0.255,94.26,90.5,89.95,0.0866,95.83,1.349,83.92,4.23,97.41
Oracle,ap-southeast-1,Compute,32,128,1000,3112,99.865,100,24.51,32.01,2418.56,0.356,97.06,92.59,90.7,0.1149,94.39,1.379,83.21,4.49,98.36
Oracle,ap-southeast-1,Storage,32,64,1000,2286,99.92,99.59,25.5,29.78,1677.04,0.413,96.47,95.15,90.76,0.1179,100,1.102,76.29,4.36,99.31
Oracle,ap-southeast-1,Storage,64,256,250,8651,99.857,100,20.61,32.31,8235.73,0.219,96.01,95.19,89.22,0.1197,88.83,1.55,81.77,4.55,97.16
Oracle,ap-southeast-1,Networking,4,16,250,4173,99.963,99.5,28.28,42.33,3232.21,0.105,92.77,90.53,90.68,0.0888,85.39,0.324,80.12,4.4,98.47
Oracle,ap-southeast-1,AI,8,16,250,5914,99.915,99.56,34.7,47.29,4563.45,0.351,95.29,95.21,84.35,0.1137,86.03,1.077,72.45,3.97,96.14
Oracle,ap-southeast-1,AI,32,64,50,5871,99.946,99.77,24.31,38.52,5750.42,0.244,95.76,95.13,91.88,0.1185,92.71,0.634,72.01,4.41,99.66
Oracle,ap-southeast-1,AI,32,128,250,9689,99.943,99.53,29.73,42.84,7624.42,0.404,96.52,91.77,81.81,0.0985,97.38,0.788,76.21,4.09,98.07
Oracle,ap-southeast-1,AI,32,64,50,6388,99.883,100,28.77,33.07,5283.11,0.408,90.84,86.3,87.34,0.0927,100,1.381,78.09,4.14,96.88
Oracle,ap-southeast-1,AI,64,512,100,3628,99.873,99.29,32.58,40.62,3024.62,0.451,93.52,89.62,88.34,0.1079,86.9,1.266,83.33,4.31,96.15
Oracle,ap-southeast-1,Kubernetes,8,64,100,1667,99.868,99.57,32.81,36.82,1515.12,0.462,95.19,94.86,88.39,0.082,90.03,1.117,74.94,4.19,97.19
Oracle,ap-southeast-1,AI,4,32,2000,1203,99.941,99.86,27.08,32.78,1061.74,0.275,96.53,96.44,89.78,0.094,91.82,0.939,75.29,4.2,98.62
Oracle,ap-southeast-1,Storage,16,32,50,9790,99.859,99.88,25.22,36.87,7749.99,0.212,94.45,94.4,86.78,0.0917,86.03,1.458,79.13,4.42,96.09
Oracle,ap-southeast-1,Compute,8,16,50,9442,99.999,100,22.79,37.05,7741.21,0.271,94.25,89.56,88.51,0.0833,88.23,0.287,83.52,4.32,99.19
Oracle,sa-east-1,Networking,64,256,500,8848,99.903,99.64,28.27,30.31,7367.55,0.19,91.05,88.9,92.17,0.1031,96.35,1.083,69.97,4.26,97.91
Oracle,sa-east-1,Networking,64,256,50,5172,99.902,99.71,37.47,42.4,4331.09,0.418,96.01,94.43,90.23,0.1014,96.9,0.824,87.0,4.02,98.78
Oracle,sa-east-1,Kubernetes,4,8,500,5828,99.948,100,29.59,32.17,5315.83,0.301,96.65,93.73,87.12,0.0902,82.85,0.762,73.92,4.4,97.54
Oracle,sa-east-1,Compute,2,4,250,3112,99.936,99.87,20.74,30.66,2448.97,0.254,94.54,90.8,86.98,0.0807,90.05,0.9,86.9,4.65,97.99
Oracle,sa-east-1,Database,2,16,500,6875,99.862,99.96,34.25,48.96,5983.48,0.374,98.28,97.84,84.88,0.0978,79.18,1.445,83.51,4.11,95.44
Oracle,sa-east-1,AI,2,8,250,6383,99.914,99.41,30.88,39.49,5549.41,0.468,94.22,90.54,91.38,0.0899,89.44,0.864,85.2,4.33,98.01
Oracle,sa-east-1,Compute,16,128,250,4177,99.88,100.0,26.8,28.84,3389.82,0.156,91.4,87.4,84.57,0.1118,84.47,1.102,77.82,4.36,95.62
Oracle,sa-east-1,Database,4,32,2000,9044,99.912,99.68,29.33,36.45,7697.31,0.237,98.01,96.82,85.37,0.0828,87.0,0.783,83.28,4.22,97.9
Oracle,sa-east-1,Kubernetes,64,512,2000,444,99.867,99.87,23.82,34.9,312.35,0.193,96.33,94.14,90.1,0.0822,87.63,1.11,86.44,4.54,97.98
Oracle,sa-east-1,Storage,4,8,50,3210,99.856,100,25.25,38.95,2483.97,0.469,96.24,93.72,89.85,0.0832,85.13,1.537,62.5,4.61,96.7
Oracle,sa-east-1,AI,2,16,2000,2024,99.844,100,24.77,38.28,1723.31,0.222,95.15,91.75,84.46,0.0864,92.16,1.389,82.18,4.6,96.69
Oracle,sa-east-1,Kubernetes,8,64,250,9289,99.929,100,28.7,38.42,7540.95,0.307,94.38,90.96,90.39,0.1104,95.29,0.773,83.14,4.27,98.91
Oracle,sa-east-1,Kubernetes,64,128,500,7921,99.945,99.99,26.87,39.14,6162.41,0.115,93.7,93.01,89.57,0.1153,83.2,0.869,82.14,4.55,97.26
Oracle,sa-east-1,Compute,64,128,1000,9476,99.88,100,30.54,37.57,7355.69,0.388,95.88,94.24,86.57,0.1008,87.74,1.163,79.68,4.36,96.9
Oracle,sa-east-1,Kubernetes,4,32,500,1307,99.897,100,24.62,32.45,962.38,0.119,93.45,91.8,89.33,0.1027,93.27,0.93,78.63,4.49,98.21
Oracle,sa-east-1,Networking,2,8,50,2217,99.888,99.88,19.71,21.81,1606.36,0.144,97.88,94.94,87.25,0.0996,96.81,1.172,82.08,4.51,98.91
Oracle,sa-east-1,AI,2,4,250,2316,99.939,99.91,28.46,40.3,1723.71,0.358,94.37,90.08,95.82,0.0647,85.49,0.776,87.13,4.5,98.73
Oracle,sa-east-1,Database,64,512,500,804,99.988,99.52,35.75,41.59,641.33,0.404,97.12,94.17,85.79,0.1226,76.91,0.26,75.82,3.89,97.48
Oracle,sa-east-1,Storage,64,256,250,3788,99.874,100,27.82,37.56,2668.88,0.131,94.19,89.76,87.21,0.0849,92.78,1.179,80.46,4.38,97.28
Oracle,sa-east-1,Networking,32,256,250,2547,99.949,99.89,31.88,36.93,1820.22,0.288,96.67,95.97,86.21,0.1004,93.13,0.81,80.86,4.22,98.25
Oracle,sa-east-1,Database,4,16,500,362,99.932,100,30.74,33.66,354.18,0.244,94.68,93.53,91.13,0.0952,88.3,1.024,86.0,4.12,97.72
Oracle,sa-east-1,Database,16,32,250,8727,99.883,100,28.53,33.71,6423.99,0.284,93.53,89.98,90.18,0.0858,91.39,1.096,79.35,4.48,97.61
Oracle,sa-east-1,Kubernetes,64,256,1000,991,99.877,99.58,32.03,46.15,852.6,0.305,92.91,89.19,83.96,0.0806,88.95,1.306,78.44,4.23,95.54
Oracle,sa-east-1,Networking,2,16,100,3291,99.958,100,23.7,30.85,2759.74,0.148,93.42,89.56,86.25,0.0991,93.99,0.813,89.23,4.34,98.1
Oracle,sa-east-1,Storage,2,16,250,4103,99.956,100,22.29,28.97,2987.28,0.232,95.8,95.08,89.63,0.0902,99.54,0.599,78.68,4.45,100
Oracle,sa-east-1,Storage,32,128,250,4344,99.998,99.99,30.0,42.6,4161.71,0.226,96.76,93.67,93.58,0.1083,86.62,0.487,81.39,4.28,99.55
Oracle,sa-east-1,Database,32,256,100,3767,99.882,99.9,20.09,24.46,3324.29,0.272,94.95,94.62,89.64,0.1266,100,1.234,81.48,4.59,98.86
Oracle,sa-east-1,Kubernetes,4,8,250,8204,99.863,99.95,23.4,34.15,6949.41,0.244,94.64,90.42,88.74,0.1106,91.89,1.258,84.16,4.32,97.58
Oracle,sa-east-1,Kubernetes,8,32,1000,1237,99.938,99.77,37.66,49.92,908.96,0.566,95.26,91.4,89.13,0.0815,92.82,0.99,72.65,3.85,97.68
Oracle,sa-east-1,Compute,16,64,500,3677,99.906,99.75,29.52,43.93,3486.81,0.042,94.31,89.68,88.7,0.1137,95.44,0.956,81.51,4.39,98.17
Oracle,sa-east-1,Database,8,64,250,2876,99.837,99.73,22.99,25.48,2122.13,0.192,94.16,93.5,93.71,0.1025,82.21,1.544,88.61,4.53,96.62
Oracle,sa-east-1,Kubernetes,32,64,500,7529,99.858,99.92,29.85,33.93,7222.43,0.356,95.06,91.04,86.34,0.1228,95.09,1.559,72.77,4.15,96.65
Oracle,sa-east-1,AI,8,32,2000,1262,99.889,99.77,32.27,35.63,994.73,0.19,98.08,95.22,89.36,0.0916,89.07,1.352,73.31,4.28,97.42
Oracle,sa-east-1,Storage,2,8,1000,8391,99.84,100,30.36,43.62,7330.9,0.269,95.43,91.31,91.39,0.1041,86.76,1.577,76.14,4.4,96.59
Oracle,sa-east-1,Compute,32,128,500,1761,99.92,99.88,29.71,42.18,1502.93,0.238,95.63,92.55,83.07,0.1097,88.26,0.678,77.57,4.47,97.4
Oracle,sa-east-1,Kubernetes,4,32,500,7258,99.892,100,16.15,25.84,6860.19,0.204,99.08,97.58,90.49,0.0962,84.01,1.13,83.22,4.77,98.63
Oracle,sa-east-1,Kubernetes,64,512,2000,8155,99.955,99.9,29.88,34.55,6852.91,0.462,92.8,91.15,95.03,0.0954,88.36,0.621,81.29,4.26,98.83
Oracle,sa-east-1,Database,64,128,2000,3375,99.888,100,25.09,39.83,2969.6,0.16,100,98.04,90.97,0.1142,87.74,1.198,77.13,4.45,98.67
Oracle,sa-east-1,Database,32,128,100,8973,99.9,99.72,28.34,35.48,7841.06,0.334,95.37,90.97,88.15,0.1053,88.52,0.858,77.61,4.48,97.84
Oracle,sa-east-1,Compute,8,32,2000,7466,99.88,99.38,24.26,38.57,5806.9,0.014,95.02,92.55,89.03,0.0976,85.29,1.125,84.5,4.49,97.16
Oracle,me-central-1,Compute,2,4,500,8681,99.843,99.35,29.6,35.39,8043.84,0.367,96.77,95.49,83.49,0.1103,92.13,1.287,82.09,4.36,96.74
Oracle,me-central-1,Compute,32,256,1000,7838,99.905,99.62,27.84,35.12,7245.99,0.312,92.86,91.69,87.26,0.1008,92.69,1.031,78.28,4.51,97.26
Oracle,me-central-1,Database,4,16,100,846,99.931,99.87,25.72,36.08,814.06,0.296,97.95,94.3,90.71,0.0894,92.16,0.582,79.62,4.22,99.92
Oracle,me-central-1,Database,64,128,100,4509,99.896,99.78,27.46,35.64,4128.64,0.154,97.08,94.2,84.74,0.0886,82.31,1.073,82.93,4.49,96.61
Oracle,me-central-1,Storage,2,4,250,6477,99.853,100,24.9,31.5,5075.84,0.345,95.03,90.09,87.28,0.1012,84.18,1.563,85.27,4.38,95.9
Oracle,me-central-1,Database,32,128,2000,408,99.951,100,24.58,39.35,357.34,0.193,94.69,93.95,88.5,0.0789,86.28,0.396,86.7,4.26,98.75
Oracle,me-central-1,Compute,32,256,100,5541,99.832,99.52,27.29,31.29,5230.05,0.084,93.02,90.72,90.13,0.1055,87.91,1.458,74.75,4.41,96.33
Oracle,me-central-1,Database,64,256,50,8512,99.966,100,24.13,28.75,8326.1,0.179,95.03,92.0,84.58,0.0981,87.37,0.522,74.02,4.46,98.07
Oracle,me-central-1,Compute,2,16,500,2707,99.903,99.76,34.82,45.17,2022.48,0.368,93.0,91.6,88.52,0.0894,94.88,1.139,82.64,4.1,97.15
Oracle,me-central-1,Storage,16,32,2000,140,99.876,100,29.69,40.55,121.14,0.218,97.44,92.97,85.41,0.1034,89.3,1.175,73.06,4.36,97.23
Oracle,me-central-1,Storage,16,64,250,9326,99.873,99.72,33.16,37.15,8078.57,0.435,94.78,92.41,89.46,0.0997,86.52,1.08,72.11,3.97,96.98
Oracle,me-central-1,Database,4,16,2000,9491,99.974,100,30.19,35.73,8760.58,0.388,92.25,91.97,88.65,0.1165,88.13,0.611,78.72,4.28,97.71
Oracle,me-central-1,Kubernetes,64,256,50,7393,99.862,99.47,29.66,43.08,5594.33,0.0,94.6,92.33,87.6,0.0988,89.0,1.377,74.43,4.45,96.43
Oracle,me-central-1,Kubernetes,32,64,1000,9619,99.881,99.49,32.52,39.78,8372.25,0.302,92.47,90.26,86.1,0.1012,89.78,1.23,83.45,4.38,95.99
Oracle,me-central-1,AI,16,32,100,3996,99.837,99.78,24.64,34.48,2999.05,0.408,94.57,90.18,86.93,0.116,91.86,1.619,84.38,4.33,96.42
Oracle,me-central-1,Storage,64,256,2000,1710,99.873,99.39,27.86,41.76,1584.07,0.21,95.34,95.16,86.2,0.1022,77.04,1.208,76.94,4.35,95.55
Oracle,me-central-1,AI,32,256,100,6450,99.8,99.44,25.22,39.3,4919.37,0.351,93.57,88.96,86.99,0.1143,100,1.818,77.47,4.49,96.56
Oracle,me-central-1,Networking,32,128,1000,3791,99.933,100,27.94,35.69,3029.8,0.11,95.38,92.09,90.79,0.1079,80.48,0.909,84.34,4.28,97.38
Oracle,me-central-1,Database,8,32,2000,636,99.855,99.62,32.49,44.09,538.66,0.214,94.61,94.38,85.96,0.0994,86.07,1.418,75.9,4.0,95.65
Oracle,me-central-1,AI,2,8,500,942,99.855,99.58,22.94,35.25,857.89,0.483,95.79,93.57,85.77,0.0723,95.87,1.587,80.0,4.39,97.04
Oracle,me-central-1,AI,2,16,50,9648,99.834,99.59,21.71,35.18,7970.15,0.186,98.56,95.42,89.33,0.0991,88.5,1.444,75.32,4.35,97.77
Oracle,me-central-1,Kubernetes,8,16,100,7034,99.892,99.5,23.83,38.02,5511.04,0.344,91.66,89.13,89.43,0.1135,91.07,1.171,85.81,4.47,97.07
Oracle,me-central-1,Storage,64,128,1000,2513,99.881,100,25.51,30.22,2117.28,0.423,94.21,91.41,87.77,0.0817,89.14,0.971,75.48,4.22,97.55
Oracle,me-central-1,Networking,4,8,250,1582,99.789,100,36.82,42.12,1272.56,0.235,93.19,88.45,87.7,0.1254,92.03,1.816,76.71,3.9,95.23
Oracle,me-central-1,Storage,8,32,100,2104,99.86,99.32,32.67,42.82,1682.96,0.318,99.19,98.61,90.22,0.1,85.23,1.253,80.98,4.31,97.49
Oracle,me-central-1,Storage,2,16,2000,1640,99.848,99.95,30.86,34.15,1444.43,0.506,94.51,92.11,86.78,0.1072,93.8,1.612,87.48,4.11,96.3
Oracle,me-central-1,Networking,64,256,500,4815,99.999,99.43,30.16,37.42,4167.95,0.292,100,96.15,87.48,0.1312,89.74,0.34,88.89,4.21,99.81
Oracle,me-central-1,Storage,2,16,2000,9686,99.831,100,32.91,40.79,7096.36,0.409,94.86,92.79,87.03,0.1005,74.84,1.415,100,4.07,94.73
Oracle,me-central-1,AI,8,16,50,2302,99.926,100,20.65,30.63,1697.54,0.184,100,96.37,86.99,0.0895,96.57,0.866,68.08,4.58,99.92
Oracle,me-central-1,Database,64,128,50,7871,99.945,100,23.84,31.09,6231.25,0.186,96.18,94.95,87.18,0.1049,90.5,0.574,84.72,4.51,98.96
Oracle,me-central-1,Storage,16,64,100,6275,99.909,99.69,26.22,31.06,5066.71,0.21,95.38,90.86,89.1,0.0912,85.4,1.009,75.88,4.36,97.46
Oracle,me-central-1,Networking,64,128,500,7287,99.827,100,33.81,38.62,6757.45,0.329,95.98,94.36,89.87,0.0865,81.15,1.815,79.76,4.31,95.19
Oracle,me-central-1,Database,4,16,250,4291,99.936,100,25.14,34.59,3172.73,0.13,95.16,94.83,88.22,0.124,77.48,0.665,78.42,4.35,97.27
Oracle,me-central-1,Storage,64,256,250,9606,99.914,100,26.01,33.96,6973.79,0.248,93.52,93.21,94.22,0.1001,87.67,0.95,81.0,4.47,98.3
Oracle,me-central-1,Database,16,64,2000,7234,99.847,99.56,30.18,32.85,5168.66,0.207,94.25,93.03,88.49,0.0934,84.6,1.278,75.38,4.09,96.22
Oracle,me-central-1,Compute,4,16,500,8863,99.84,99.56,30.95,33.96,8549.97,0.488,97.86,94.71,89.5,0.1128,92.1,1.51,78.3,4.25,97.4
Oracle,me-central-1,AI,16,128,1000,137,99.933,99.74,31.3,42.68,118.08,0.386,94.74,93.76,95.46,0.1032,97.8,0.722,83.74,4.35,99.98
Oracle,me-central-1,AI,16,64,2000,5590,99.908,99.34,27.58,39.21,4423.95,0.305,95.11,93.07,87.41,0.1106,88.86,0.782,78.17,4.25,97.85
Oracle,me-central-1,Storage,4,8,50,6683,99.866,99.85,29.39,42.47,6266.42,0.242,96.72,92.38,88.81,0.1085,90.86,1.209,81.5,4.34,97.69
Oracle,me-central-1,AI,64,128,50,859,99.914,100,26.41,35.9,651.26,0.197,93.8,91.22,88.56,0.107,86.3,0.78,83.1,4.49,97.66
IBM,us-east-1,AI,8,32,500,4741,99.873,99.7,32.42,38.29,3565.17,0.185,96.33,93.41,93.04,0.1187,87.03,1.241,81.29,4.36,97.63
IBM,us-east-1,Kubernetes,8,16,500,7535,99.853,99.61,26.57,36.02,7183.68,0.3,94.22,90.06,87.82,0.1043,95.36,1.495,81.34,4.31,96.99
IBM,us-east-1,Storage,16,64,250,9319,99.913,99.61,27.41,39.65,8516.9,0.229,93.23,91.14,91.12,0.1361,89.52,1.135,78.91,4.41,97.41
IBM,us-east-1,AI,16,128,2000,6176,99.945,100,36.91,44.03,5667.64,0.584,95.09,92.29,87.85,0.0954,86.06,0.797,78.09,3.93,97.21
IBM,us-east-1,Networking,32,128,2000,4193,99.909,99.77,32.22,46.23,4004.4,0.325,97.81,97.03,87.03,0.0824,93.43,0.803,71.42,4.01,98.62
IBM,us-east-1,AI,64,512,100,5408,99.874,99.81,39.41,46.99,4219.61,0.282,99.46,97.49,88.94,0.1262,91.43,1.342,78.07,3.9,97.54
IBM,us-east-1,Compute,32,256,2000,1364,99.85,99.49,31.9,39.02,1040.58,0.358,94.28,93.84,89.59,0.1102,83.61,1.593,75.9,4.35,95.54
IBM,us-east-1,Storage,16,128,100,166,99.927,99.54,28.88,42.63,144.72,0.388,97.57,96.2,83.03,0.1156,87.0,0.59,82.07,4.39,97.85
IBM,us-east-1,AI,32,128,500,6602,99.919,100,35.25,45.48,6171.1,0.35,95.46,93.43,80.74,0.1167,85.61,0.843,81.04,4.24,96.1
IBM,us-east-1,Compute,32,256,250,285,99.91,99.88,37.24,47.92,220.43,0.396,92.23,88.64,88.99,0.1181,95.68,0.81,85.24,3.83,97.73
IBM,us-east-1,Compute,16,128,1000,3773,99.897,99.54,32.77,36.98,2758.3,0.406,95.11,91.23,91.83,0.0955,88.94,1.217,72.19,4.36,97.39
IBM,us-east-1,Compute,4,8,100,4559,99.924,100,29.51,41.91,4362.69,0.195,95.47,94.07,91.67,0.1035,98.8,1.084,71.17,4.45,99.01
IBM,us-east-1,Storage,2,8,500,9938,99.894,100,31.53,33.67,7655.17,0.27,94.49,91.2,89.61,0.1138,84.49,0.989,84.95,4.06,97.06
IBM,us-east-1,AI,2,4,1000,9304,99.915,99.61,26.37,41.36,7599.12,0.427,98.5,98.3,94.54,0.1301,93.06,1.052,88.35,4.51,99.67
IBM,us-east-1,Compute,64,256,250,9168,99.888,100,32.32,35.12,6571.4,0.307,96.9,92.71,91.07,0.1298,89.78,1.135,90.95,4.24,98.0
IBM,us-east-1,AI,8,32,50,1515,99.896,99.76,28.08,38.94,1432.48,0.29,98.74,97.22,88.67,0.1034,74.7,1.293,82.4,4.16,96.28
IBM,us-east-1,Kubernetes,64,128,250,1607,99.96,99.8,35.22,49.03,1331.6,0.293,100,98.93,88.07,0.0983,95.23,0.786,83.36,4.14,99.33
IBM,us-east-1,Compute,4,32,50,4013,99.768,99.34,26.56,41.18,2851.25,0.21,93.47,88.48,88.07,0.1041,96.02,2.181,78.1,4.47,95.43
IBM,us-east-1,Database,2,16,100,1450,99.921,99.49,28.65,39.26,1035.87,0.199,94.73,93.01,88.17,0.1326,92.12,0.829,75.52,4.31,98.1
IBM,us-east-1,Storage,2,4,100,6052,99.874,99.66,36.25,46.02,4346.55,0.328,91.6,89.8,86.17,0.1291,88.57,1.318,78.43,3.88,95.34
IBM,us-east-1,Kubernetes,2,4,250,1836,99.831,99.38,26.96,37.58,1660.72,0.185,93.69,92.21,91.14,0.109,96.49,1.555,86.53,4.28,97.33
IBM,us-east-1,AI,4,16,500,2283,99.893,99.57,26.22,34.41,1832.67,0.251,99.43,96.16,96.1,0.1087,94.93,1.187,80.32,4.27,100
IBM,us-east-1,Storage,64,256,100,4370,99.965,100,31.56,33.61,3603.6,0.389,96.79,93.79,84.26,0.108,85.26,0.598,90.81,4.37,97.62
IBM,us-east-1,Storage,32,64,50,7828,99.863,99.42,31.43,42.01,7057.98,0.46,96.71,95.83,94.2,0.111,92.21,1.169,84.82,4.29,98.59
IBM,us-east-1,Database,32,64,250,9783,99.879,99.98,29.42,34.91,7595.69,0.456,97.44,93.53,91.21,0.1046,93.21,1.267,85.1,4.47,98.37
IBM,us-east-1,Storage,4,16,500,2485,99.927,99.82,34.94,49.02,2151.45,0.36,93.0,91.2,89.83,0.1075,80.99,0.732,88.05,4.12,96.76
IBM,us-east-1,Networking,2,4,1000,381,99.897,99.42,29.3,40.56,298.71,0.135,95.13,90.77,85.43,0.0847,96.54,0.993,80.77,4.45,97.82
IBM,us-east-1,Networking,8,32,500,9204,99.844,99.63,32.36,36.64,8331.22,0.236,93.9,92.79,87.25,0.0924,79.85,1.572,80.27,4.02,94.73
IBM,us-east-1,Database,64,128,2000,3824,99.825,99.46,31.17,41.76,2800.37,0.355,95.7,91.11,91.69,0.0901,86.28,1.76,78.51,4.42,96.12
IBM,us-east-1,Storage,32,128,250,8177,99.904,99.73,24.76,30.38,6424.65,0.262,95.68,92.67,86.26,0.0925,80.56,1.054,74.05,4.5,96.55
IBM,us-east-1,Networking,32,256,1000,7131,99.908,99.63,30.14,35.17,5088.48,0.247,93.08,92.66,92.9,0.1123,97.66,1.11,77.51,4.37,98.43
IBM,us-east-1,Storage,32,64,250,9729,99.904,99.7,29.18,33.7,7784.76,0.213,95.12,92.05,87.3,0.1265,88.03,1.13,79.19,4.16,96.98
IBM,us-east-1,AI,8,16,1000,4720,99.873,99.38,27.35,36.01,3490.13,0.273,95.67,95.04,92.07,0.1199,95.44,1.398,77.8,4.21,98.11
IBM,us-east-1,Storage,2,8,1000,5638,99.874,99.73,32.98,45.83,5456.87,0.418,95.14,94.32,88.71,0.1354,92.05,1.291,80.69,4.28,97.09
IBM,us-east-1,Networking,32,128,2000,9926,99.882,100,32.45,46.43,7565.87,0.449,95.53,95.43,92.13,0.1008,91.0,1.014,75.27,4.02,98.26
IBM,us-east-1,Kubernetes,32,256,50,7351,99.922,99.44,33.86,36.2,7103.7,0.187,91.53,90.65,86.68,0.0916,92.57,0.671,76.79,3.98,97.29
IBM,us-east-1,Compute,32,64,500,181,99.774,100,37.1,40.68,168.23,0.374,96.34,93.68,82.01,0.1175,91.27,1.926,77.59,4.21,94.67
IBM,us-east-1,Database,64,512,50,1840,99.826,99.81,27.35,35.68,1397.04,0.188,98.88,97.96,87.63,0.1158,90.09,1.691,78.51,4.5,96.96
IBM,us-east-1,Storage,16,128,2000,4700,99.884,99.28,28.62,30.65,4263.79,0.204,99.66,98.94,93.22,0.0967,89.86,1.15,81.5,4.19,98.98
IBM,us-east-1,Database,4,32,100,1457,99.961,99.8,28.64,31.62,1211.12,0.393,95.2,91.01,88.13,0.1026,97.89,0.482,80.61,4.39,99.59
IBM,us-west-2,Compute,4,32,1000,1810,99.955,99.77,27.13,34.69,1760.64,0.177,97.0,92.52,91.37,0.1286,95.06,0.387,87.42,4.5,100
IBM,us-west-2,Kubernetes,64,512,250,7911,99.841,100,28.8,32.52,5702.01,0.282,97.72,94.99,88.96,0.1132,93.74,1.305,88.36,4.32,98.08
IBM,us-west-2,Storage,4,16,100,2319,99.934,99.7,34.94,48.23,1703.23,0.314,93.9,90.66,91.37,0.1273,83.99,0.716,81.29,4.27,97.52
IBM,us-west-2,AI,32,128,100,453,99.999,100,32.35,37.55,348.16,0.407,93.16,88.79,85.48,0.1137,86.95,0.384,82.99,4.21,97.64
IBM,us-west-2,AI,64,512,1000,6327,99.865,99.61,31.87,37.23,6148.91,0.323,92.61,90.12,86.29,0.129,87.02,1.325,95.71,4.05,95.61
IBM,us-west-2,Storage,4,8,50,1711,99.903,99.52,24.16,35.27,1212.23,0.171,96.87,92.91,91.81,0.1065,94.97,0.969,81.65,4.6,99.37
IBM,us-west-2,AI,8,32,250,3714,99.997,99.84,27.94,34.02,3108.33,0.355,91.84,90.54,86.13,0.1252,80.99,0.403,78.29,4.47,97.01
IBM,us-west-2,Storage,8,64,250,2071,99.941,99.45,30.56,34.24,1529.78,0.409,94.85,93.18,90.11,0.1054,95.47,0.759,80.84,4.28,98.83
IBM,us-west-2,Database,16,64,2000,8164,99.942,99.47,38.69,48.29,7405.68,0.346,95.37,94.68,86.05,0.1203,86.37,0.574,84.95,3.86,97.31
IBM,us-west-2,AI,2,4,100,3309,99.875,100.0,34.5,45.59,2825.98,0.491,100,95.14,84.51,0.117,90.43,1.369,68.03,4.17,97.08
IBM,us-west-2,Compute,8,64,2000,950,99.857,99.5,30.69,38.57,837.83,0.263,100,99.28,89.75,0.1183,85.25,1.481,70.86,4.38,97.24
IBM,us-west-2,Compute,32,256,2000,4519,99.858,100,35.81,37.97,3662.73,0.227,93.96,89.72,92.85,0.0952,84.56,1.237,82.25,4.27,96.71
IBM,us-west-2,Compute,4,8,50,902,99.952,100,25.97,33.01,762.22,0.181,98.44,97.42,89.95,0.1177,88.62,0.511,74.18,4.37,99.69
IBM,us-west-2,Database,32,64,2000,8951,99.844,99.68,27.11,29.23,8120.51,0.33,94.79,93.36,91.05,0.106,83.87,1.419,82.77,4.34,96.55
IBM,us-west-2,Compute,16,64,1000,951,99.914,100,31.69,45.5,735.35,0.18,93.37,88.53,94.4,0.125,96.63,1.15,91.35,4.29,98.52
IBM,us-west-2,AI,16,64,1000,1083,99.875,99.34,29.68,41.52,1046.68,0.283,95.36,95.06,86.08,0.1239,96.95,1.37,80.28,4.32,97.18
IBM,us-west-2,Database,8,16,2000,3599,99.906,99.93,27.75,32.57,3158.5,0.373,94.99,94.01,92.18,0.1126,95.37,0.905,93.52,4.34,99.09
IBM,us-west-2,Kubernetes,16,64,500,1902,99.798,100,30.6,40.5,1623.73,0.555,91.71,91.2,91.73,0.1067,92.57,1.691,72.44,4.17,96.21
IBM,us-west-2,Storage,64,128,500,1630,99.937,99.69,32.99,40.49,1318.66,0.45,92.63,90.7,89.57,0.0919,85.95,0.545,79.35,4.1,97.64
IBM,us-west-2,Storage,16,32,500,782,99.871,99.71,22.14,26.61,620.28,0.289,93.42,91.31,89.73,0.1217,88.38,1.211,83.39,4.58,97.24
IBM,us-west-2,AI,4,32,2000,9820,99.898,99.98,25.27,28.49,7650.18,0.141,95.45,95.23,92.85,0.1071,85.7,1.272,75.41,4.45,97.63
IBM,us-west-2,Database,16,128,100,170,99.924,99.88,23.64,27.69,119.31,0.258,97.45,95.3,87.34,0.1008,97.55,1.019,77.23,4.65,99.04
IBM,us-west-2,Compute,64,512,50,2796,99.847,99.78,37.38,42.48,2247.35,0.359,94.73,90.15,91.35,0.1033,90.67,1.629,73.77,3.87,96.33
IBM,us-west-2,Kubernetes,64,256,100,9202,99.954,99.49,24.21,38.17,8889.47,0.272,99.07,96.56,86.75,0.1276,96.84,0.845,86.75,4.4,99.5
IBM,us-west-2,Networking,4,8,1000,1107,99.999,100,30.47,43.62,820.29,0.357,95.54,94.45,90.49,0.1179,93.97,0.079,89.32,4.26,100
IBM,us-west-2,Database,64,256,500,1639,99.894,99.73,22.42,33.24,1506.96,0.416,94.08,90.53,86.0,0.0949,90.77,1.136,80.83,4.54,97.19
IBM,us-west-2,Kubernetes,2,16,1000,6287,99.854,100,29.56,40.83,4907.13,0.294,99.52,94.8,90.56,0.1262,86.27,1.245,73.1,4.4,98.01
IBM,us-west-2,AI,32,64,2000,3086,99.905,99.73,31.23,42.38,2225.82,0.297,94.94,91.58,98.62,0.0965,93.12,0.989,80.42,4.11,99.46
IBM,us-west-2,AI,2,4,250,708,99.889,100,28.2,35.65,509.33,0.226,97.98,95.18,83.64,0.0847,91.03,0.901,74.38,4.16,97.9
IBM,us-west-2,Kubernetes,16,128,100,3715,99.865,99.52,34.33,44.13,3342.92,0.21,93.96,93.5,94.95,0.1419,87.58,1.133,80.6,4.12,97.58
IBM,us-west-2,AI,64,256,250,4033,99.894,99.44,29.2,40.21,3057.61,0.521,94.41,90.51,87.4,0.1184,92.61,1.256,75.78,4.15,97.02
IBM,us-west-2,Database,4,32,500,2205,99.886,99.66,31.1,34.93,1564.73,0.421,95.56,92.23,86.93,0.1107,88.18,1.181,82.53,4.42,96.81
IBM,us-west-2,Storage,8,16,100,8218,99.926,100,27.18,38.23,7252.19,0.246,96.42,92.19,83.88,0.1261,100,0.689,73.04,4.23,99.06
IBM,us-west-2,Storage,2,4,50,1031,99.878,100,24.74,33.93,873.64,0.187,95.48,93.93,88.76,0.1081,80.99,1.233,83.63,4.38,96.61
IBM,us-west-2,AI,8,64,250,1156,99.837,99.65,37.1,47.18,1003.45,0.436,98.78,95.61,94.11,0.1236,86.38,1.415,88.74,4.07,97.61
IBM,us-west-2,Networking,64,128,1000,1449,99.907,99.56,31.68,46.47,1272.01,0.225,95.27,91.79,89.65,0.1103,95.24,1.122,79.5,4.27,98.01
IBM,us-west-2,Compute,4,8,50,695,99.965,99.87,29.22,31.33,670.76,0.217,94.65,92.41,85.61,0.1091,90.06,0.587,82.65,4.26,98.02
IBM,us-west-2,Networking,64,256,100,7017,99.846,99.34,27.19,39.04,5713.9,0.366,96.81,93.35,86.72,0.1105,85.12,1.288,73.96,4.2,96.64
IBM,us-west-2,Kubernetes,32,256,100,6803,99.938,100,28.11,31.25,5763.98,0.233,98.53,97.73,87.57,0.1178,83.99,0.826,81.66,4.36,98.07
IBM,us-west-2,Database,16,128,2000,8535,99.967,100,30.44,37.57,6439.83,0.278,97.23,94.03,89.0,0.0717,95.52,0.67,76.49,4.45,99.45
IBM,eu-west-1,AI,32,256,100,5309,99.868,99.82,29.24,33.22,4197.13,0.21,94.13,92.65,87.61,0.1277,86.46,1.215,82.91,4.11,96.49
IBM,eu-west-1,Kubernetes,2,8,50,1286,99.994,100,25.33,39.65,1004.95,0.26,93.37,90.51,88.57,0.1389,90.71,0.244,89.67,4.28,99.24
IBM,eu-west-1,Kubernetes,8,16,1000,8830,99.823,99.48,32.08,34.81,8261.56,0.283,96.03,93.01,92.96,0.098,89.54,1.745,72.9,4.19,96.72
IBM,eu-west-1,Storage,32,128,250,7686,99.96,100,29.73,31.97,6763.04,0.317,97.31,97.24,86.04,0.1233,86.82,0.37,73.47,4.28,98.75
IBM,eu-west-1,Storage,32,64,500,9942,99.798,99.21,40.89,45.63,7410.51,0.47,94.17,89.74,87.53,0.1037,88.16,1.676,88.18,4.1,94.96
IBM,eu-west-1,Database,8,16,500,7038,99.94,100,34.77,47.07,6058.18,0.274,99.09,97.46,92.56,0.0847,89.72,0.798,76.02,4.0,99.29
IBM,eu-west-1,Networking,16,128,1000,6120,99.951,99.72,26.5,35.55,5840.49,0.259,96.75,95.48,94.79,0.1341,96.96,0.636,79.73,4.47,100
IBM,eu-west-1,Kubernetes,16,128,1000,6962,99.828,99.58,36.47,41.04,5260.59,0.363,95.92,91.22,87.63,0.1054,86.4,1.523,73.92,4.19,95.78
IBM,eu-west-1,AI,16,32,500,6516,99.919,99.61,25.77,33.76,4999.69,0.403,91.53,87.03,90.81,0.1362,92.06,0.83,86.73,4.44,98.01
IBM,eu-west-1,AI,32,64,2000,4225,99.858,100,37.69,50.96,3819.67,0.53,99.17,97.65,89.91,0.1283,91.19,1.15,73.84,3.97,98.13
IBM,eu-west-1,Database,8,32,500,2806,99.889,100,29.49,41.35,2323.95,0.253,93.18,90.95,96.58,0.1105,86.84,1.265,76.69,4.09,97.66
IBM,eu-west-1,Compute,8,64,250,178,99.896,99.6,39.1,45.67,127.76,0.474,94.64,91.46,92.92,0.1283,83.16,1.01,75.13,3.78,96.97
IBM,eu-west-1,Compute,8,16,250,3818,99.911,100,28.55,39.29,3168.63,0.271,96.38,92.09,94.53,0.1348,95.74,0.832,84.07,4.23,99.91
IBM,eu-west-1,Database,2,4,100,5876,99.854,99.44,28.52,36.51,5542.85,0.233,92.37,90.46,91.12,0.1037,86.96,1.297,78.56,4.5,96.52
IBM,eu-west-1,Database,16,32,1000,3252,99.819,99.3,28.0,38.21,2593.79,0.258,98.63,94.09,91.03,0.1166,91.73,1.663,80.3,4.34,97.56
IBM,eu-west-1,Kubernetes,8,32,250,3703,99.861,99.36,24.26,33.33,3549.94,0.144,94.55,93.3,91.68,0.0858,91.04,1.167,86.43,4.39,97.99
IBM,eu-west-1,Compute,8,32,2000,2832,99.893,99.31,26.92,32.27,2062.89,0.27,98.88,96.92,89.28,0.1064,88.89,0.918,78.48,4.34,98.68
IBM,eu-west-1,Networking,32,128,100,430,99.899,99.91,27.17,38.85,375.46,0.252,95.81,94.16,91.01,0.1055,91.19,1.278,77.19,4.23,97.87
IBM,eu-west-1,Networking,64,512,500,7320,99.903,99.61,37.15,49.31,7066.29,0.438,93.5,88.71,89.38,0.1392,88.77,1.192,72.16,3.97,96.48
IBM,eu-west-1,AI,4,8,100,6150,99.861,99.62,28.13,37.32,4817.78,0.426,96.12,95.45,91.3,0.1206,93.75,1.505,75.96,4.45,97.67
IBM,eu-west-1,Networking,2,4,2000,5526,99.887,99.66,30.86,39.63,4309.54,0.297,95.09,90.67,96.36,0.1068,86.98,1.257,82.17,4.42,97.93
IBM,eu-west-1,Storage,4,32,1000,8026,99.815,100.0,30.62,40.22,5859.12,0.362,98.51,96.56,90.17,0.1146,87.34,1.954,78.83,4.27,96.29
IBM,eu-west-1,Kubernetes,32,64,500,2414,99.882,99.36,28.47,38.51,1726.01,0.213,94.75,91.91,89.95,0.1194,87.91,1.024,78.16,4.33,97.51
IBM,eu-west-1,Storage,2,4,250,2343,99.82,99.28,27.6,40.65,1959.8,0.198,96.44,92.13,90.89,0.1148,88.27,1.806,79.71,4.22,96.42
IBM,eu-west-1,Networking,2,4,2000,6281,99.887,99.6,25.15,29.92,5382.37,0.227,93.33,92.48,89.73,0.125,82.14,1.373,71.79,4.61,96.05
IBM,eu-west-1,Kubernetes,2,8,50,3470,99.879,99.32,36.01,44.99,2875.2,0.279,96.13,93.61,93.43,0.0918,95.24,1.33,88.64,4.0,98.08
IBM,eu-west-1,Networking,4,8,50,5237,99.92,99.56,31.76,35.7,4216.22,0.387,93.55,91.74,91.53,0.1137,88.61,0.687,87.44,4.33,98.16
IBM,eu-west-1,AI,2,16,500,8668,99.953,100,34.81,43.8,7065.29,0.337,94.77,91.27,90.21,0.0897,83.45,0.716,79.4,4.12,97.52
IBM,eu-west-1,Compute,32,256,250,8064,99.861,99.38,31.11,42.19,5741.31,0.286,98.15,98.11,90.98,0.1292,91.76,1.16,80.41,4.08,98.37
IBM,eu-west-1,AI,64,512,1000,5353,99.918,99.68,31.7,45.17,3756.72,0.2,97.37,94.16,93.69,0.1038,91.9,0.95,85.75,4.22,99.12
IBM,eu-west-1,Kubernetes,16,64,250,6481,99.92,99.74,25.14,32.94,5359.69,0.178,98.5,95.99,90.02,0.1223,95.6,0.983,83.99,4.39,99.45
IBM,eu-west-1,Networking,2,4,2000,6681,99.895,99.82,26.09,32.93,6129.02,0.033,94.72,90.49,88.06,0.0821,90.85,1.091,79.82,4.58,97.58
IBM,eu-west-1,Database,4,8,2000,4829,99.827,99.34,21.14,25.43,3788.54,0.26,95.99,91.23,83.92,0.0954,89.8,1.599,82.13,4.72,96.18
IBM,eu-west-1,AI,4,32,2000,1775,99.86,99.51,32.37,43.96,1355.2,0.078,97.38,97.24,84.58,0.1272,88.19,1.22,77.11,4.16,96.65
IBM,eu-west-1,Networking,32,128,50,3646,99.844,99.93,33.56,38.42,3533.56,0.416,97.26,93.62,90.05,0.1165,88.28,1.589,84.85,3.96,96.72
IBM,eu-west-1,AI,4,32,1000,1961,99.874,99.42,27.94,33.59,1886.11,0.179,95.83,91.14,92.71,0.1205,94.85,1.03,86.23,4.47,98.93
IBM,eu-west-1,Networking,4,16,500,2132,99.88,99.73,29.91,44.76,1812.65,0.174,99.54,97.87,91.31,0.0927,93.09,1.161,71.95,4.18,98.97
IBM,eu-west-1,AI,8,64,500,4767,99.842,99.58,27.86,31.61,4138.11,0.186,97.93,95.89,96.33,0.119,94.02,1.506,73.71,4.5,98.88
IBM,eu-west-1,Database,32,256,50,254,99.837,99.33,31.91,43.1,222.74,0.219,96.27,95.27,83.08,0.0859,100,1.508,66.1,4.26,96.8
IBM,eu-west-1,AI,16,32,2000,6889,99.944,100,33.26,41.85,5996.63,0.377,96.73,92.47,96.51,0.0849,87.08,0.495,72.52,4.34,99.86
IBM,eu-central-1,Storage,4,32,50,1964,99.896,100,24.28,30.8,1381.93,0.515,95.67,94.56,94.28,0.1418,87.67,1.229,84.62,4.34,98.26
IBM,eu-central-1,Kubernetes,2,8,1000,8732,99.859,99.63,34.62,47.47,7956.67,0.493,94.73,90.98,91.29,0.0925,84.01,1.253,81.18,4.18,96.54
IBM,eu-central-1,Networking,4,32,1000,9700,99.8,99.54,27.75,32.58,7205.95,0.5,97.08,92.27,80.87,0.1145,93.49,1.916,75.57,4.21,95.32
IBM,eu-central-1,Compute,64,128,250,9236,99.904,100,28.99,34.29,8376.45,0.532,94.89,90.22,89.15,0.1087,91.5,1.018,89.38,4.34,97.89
IBM,eu-central-1,AI,2,16,1000,6574,99.897,99.35,35.37,47.42,5260.79,0.41,96.18,95.09,91.18,0.1418,94.32,0.949,80.61,3.97,98.48
IBM,eu-central-1,Storage,16,128,2000,5632,99.901,100,24.49,31.2,4968.39,0.112,94.95,93.56,91.91,0.1005,89.36,1.186,70.78,4.41,97.99
IBM,eu-central-1,Storage,64,128,500,8020,99.821,99.69,23.63,31.07,6351.95,0.451,97.24,92.43,87.71,0.1034,91.38,1.688,86.04,4.49,96.94
IBM,eu-central-1,Compute,2,8,2000,3808,99.854,99.78,19.56,23.79,3418.74,0.218,96.94,93.5,91.45,0.0868,86.8,1.257,82.5,4.49,98.13
IBM,eu-central-1,Compute,16,128,100,3128,99.884,99.84,25.76,29.05,2459.83,0.467,95.7,91.89,90.57,0.103,92.94,1.32,82.1,4.21,97.94
IBM,eu-central-1,AI,4,32,250,4108,99.92,99.98,23.75,30.31,2884.02,0.151,98.5,95.93,88.09,0.108,94.01,1.086,86.18,4.57,98.87
IBM,eu-central-1,Storage,32,128,50,5161,99.857,100,30.08,38.16,4391.82,0.243,96.52,92.33,83.84,0.0908,87.65,1.301,76.64,4.26,96.32
IBM,eu-central-1,Kubernetes,16,32,2000,1256,99.923,99.71,30.45,39.97,1014.01,0.257,100,98.79,88.73,0.1234,92.75,1.112,74.16,4.08,98.71
IBM,eu-central-1,Database,32,64,100,9436,99.869,100,32.38,35.23,7619.03,0.284,96.26,92.88,89.45,0.0847,86.8,1.458,82.8,4.27,96.61
IBM,eu-central-1,Networking,64,512,100,4917,99.943,99.58,30.06,34.55,3686.52,0.298,94.86,93.71,87.62,0.124,84.47,0.862,81.48,4.09,97.11
IBM,eu-central-1,Compute,32,128,500,4268,99.883,99.84,25.27,30.96,3915.01,0.199,98.14,93.41,91.89,0.1236,100,1.299,76.36,4.54,99.47
IBM,eu-central-1,Database,32,128,100,9265,99.812,99.64,23.02,36.45,8578.92,0.367,98.22,96.98,89.71,0.0927,81.66,1.967,90.06,4.53,95.87
IBM,eu-central-1,Database,4,16,1000,1674,99.92,99.59,26.19,35.33,1325.6,0.259,98.6,95.66,91.55,0.0986,91.57,0.74,66.07,4.51,99.72
IBM,eu-central-1,AI,8,64,2000,6685,99.86,100,25.82,35.35,5491.18,0.14,95.2,91.7,91.15,0.1142,91.29,1.349,91.85,4.26,97.7
IBM,eu-central-1,Networking,2,4,250,7314,99.907,99.79,29.1,41.45,7092.71,0.318,97.99,96.3,93.56,0.1224,87.75,1.218,75.98,4.37,98.38
IBM,eu-central-1,AI,8,16,1000,8376,99.881,100,30.38,39.7,6088.16,0.221,96.69,95.65,90.13,0.0963,93.71,1.313,73.42,4.28,97.95
IBM,eu-central-1,Kubernetes,8,16,250,5411,99.891,100,29.27,38.76,4295.44,0.127,94.28,93.6,93.2,0.0912,90.42,1.35,90.5,4.17,97.57
IBM,eu-central-1,Kubernetes,2,8,2000,8899,99.799,99.52,25.5,38.48,8226.51,0.434,99.01,97.8,95.34,0.0932,89.07,1.775,78.09,4.32,97.96
IBM,eu-central-1,Compute,8,64,50,6838,99.893,99.64,26.98,34.27,6025.04,0.119,97.87,96.25,87.76,0.1134,91.58,1.139,91.4,4.56,98.09
IBM,eu-central-1,Kubernetes,4,16,1000,9571,99.858,100,32.51,44.38,9290.71,0.273,94.08,89.55,88.69,0.1109,89.89,1.46,74.44,4.23,96.34
IBM,eu-central-1,Compute,2,4,500,5466,99.876,99.65,30.66,41.5,4123.58,0.239,94.32,90.42,91.07,0.0988,87.14,1.098,79.68,4.4,97.29
IBM,eu-central-1,Kubernetes,64,128,100,3742,99.838,100,34.38,37.0,2712.42,0.307,98.19,96.69,85.18,0.1176,81.14,1.737,67.87,4.25,95.05
IBM,eu-central-1,Storage,4,16,100,6529,99.849,100,31.18,45.08,4645.51,0.147,96.61,94.13,85.67,0.1185,86.39,1.509,76.63,4.31,96.0
IBM,eu-central-1,Storage,8,64,2000,5576,99.92,99.79,32.86,46.27,4200.25,0.328,99.4,97.02,84.72,0.1057,87.95,1.073,75.44,4.27,97.41
IBM,eu-central-1,Database,2,8,500,7755,99.864,99.85,32.72,38.84,6395.1,0.341,96.91,96.61,91.23,0.0891,98.36,1.325,82.08,4.36,98.48
IBM,eu-central-1,Networking,64,128,500,6204,99.825,99.59,33.83,40.3,4603.39,0.333,97.74,94.45,85.2,0.1179,88.84,1.66,77.93,4.26,95.89
IBM,eu-central-1,Database,4,16,500,622,99.815,99.95,23.47,28.85,552.28,0.486,99.27,98.92,90.64,0.0917,89.98,1.498,83.16,4.38,98.13
IBM,eu-central-1,Compute,16,32,50,9930,99.865,100,24.99,39.9,8529.42,0.233,99.35,96.84,84.34,0.1211,96.23,1.124,66.93,4.47,98.54
IBM,eu-central-1,Storage,8,64,250,7806,99.783,99.85,32.87,41.2,6580.49,0.338,95.4,93.34,86.94,0.0879,82.01,1.74,87.16,4.15,94.87
IBM,eu-central-1,Kubernetes,64,512,50,6209,99.879,99.51,26.27,35.12,4942.77,0.184,95.8,94.64,88.28,0.0906,92.95,1.28,79.02,4.52,97.6
IBM,eu-central-1,Storage,8,16,250,4658,99.93,99.71,24.86,27.73,4073.33,0.053,99.72,97.07,93.12,0.122,94.19,0.59,78.16,4.29,100
IBM,eu-central-1,Networking,32,256,50,4250,99.811,99.23,31.88,37.81,3379.11,0.313,97.04,95.63,92.52,0.0916,96.31,1.574,89.75,4.34,97.91
IBM,eu-central-1,AI,4,32,500,3797,99.972,99.47,19.42,32.59,3229.1,0.192,99.57,97.18,85.35,0.1154,85.5,0.431,83.42,4.67,99.31
IBM,eu-central-1,AI,64,128,50,2415,99.86,100,33.05,39.19,1871.41,0.428,93.13,88.45,88.94,0.1168,99.96,1.525,77.6,4.32,97.08
IBM,eu-central-1,Database,32,128,250,1048,99.912,99.83,25.47,39.38,940.73,0.136,94.17,92.37,82.74,0.0904,88.39,1.19,89.12,4.47,96.19
IBM,eu-central-1,Storage,32,64,100,8915,99.917,99.51,37.54,46.98,7707.26,0.312,95.88,95.6,94.72,0.1043,88.58,0.938,69.14,3.87,98.31
IBM,ap-south-1,Storage,8,16,2000,2935,99.879,100,32.16,43.84,2620.83,0.415,96.05,93.12,87.25,0.126,88.37,1.09,83.34,4.33,97.18
IBM,ap-south-1,Compute,8,16,50,4945,99.886,99.35,28.31,35.02,3806.9,0.212,97.68,97.49,93.73,0.112,88.7,1.333,79.7,4.35,98.17
IBM,ap-south-1,AI,64,512,50,877,99.812,99.96,24.4,36.39,713.91,0.18,92.81,90.65,88.33,0.1519,95.29,1.662,73.91,4.53,96.57
IBM,ap-south-1,Networking,64,128,1000,9783,99.932,100,32.37,36.35,8529.65,0.389,94.13,89.54,88.67,0.1157,79.29,0.755,95.86,4.02,96.75
IBM,ap-south-1,Networking,16,128,500,1628,99.996,99.93,30.92,41.19,1544.47,0.404,96.0,95.38,86.09,0.1188,98.97,0.115,73.84,4.39,100
IBM,ap-south-1,Database,2,16,500,5930,99.936,99.91,28.22,40.35,5230.9,0.18,97.29,95.93,92.83,0.1074,90.62,0.993,82.32,4.52,98.97
IBM,ap-south-1,Storage,32,64,100,5862,99.806,99.47,30.33,34.38,5008.23,0.153,98.85,94.29,91.28,0.1248,88.18,1.57,76.27,4.4,97.36
IBM,ap-south-1,Kubernetes,32,128,50,2471,99.873,100,28.9,35.21,1961.26,0.437,98.7,98.58,86.81,0.0912,84.02,1.51,92.48,4.34,96.49
IBM,ap-south-1,Database,2,8,1000,569,99.944,100,38.3,51.31,427.28,0.557,95.58,93.58,90.42,0.1091,100,0.89,81.71,3.96,98.91
IBM,ap-south-1,Networking,2,16,1000,9675,99.837,99.75,29.86,43.57,9381.1,0.297,97.15,96.48,90.8,0.1109,85.53,1.472,72.86,4.27,96.93
IBM,ap-south-1,Kubernetes,16,64,500,3993,99.934,100,31.78,45.84,3867.28,0.273,96.85,96.36,90.78,0.1238,90.31,0.947,82.05,4.04,98.44
IBM,ap-south-1,Storage,32,128,2000,7427,99.907,99.89,29.06,33.76,6399.68,0.409,95.72,90.75,90.35,0.1092,86.22,0.807,85.29,4.4,98.12
IBM,ap-south-1,Networking,64,512,250,5146,99.961,99.72,32.81,35.43,3778.04,0.203,95.63,94.43,90.97,0.1235,92.45,0.496,88.16,4.18,99.3
IBM,ap-south-1,Storage,2,16,250,3721,99.947,100,34.61,43.25,3118.79,0.373,96.97,93.12,87.84,0.13,84.37,0.684,75.5,4.25,97.78
IBM,ap-south-1,AI,8,64,2000,8862,99.838,99.45,23.05,36.76,6597.56,0.363,97.08,95.85,87.35,0.1169,92.25,1.68,73.39,4.56,96.96
IBM,ap-south-1,Storage,64,256,2000,7020,99.839,99.81,30.39,36.01,5887.38,0.546,97.05,93.38,90.85,0.0951,100,1.69,83.32,4.4,97.97
IBM,ap-south-1,Networking,8,64,100,1429,99.931,99.79,28.65,38.82,1138.19,0.307,95.28,92.6,87.39,0.1486,84.49,1.016,77.41,4.49,96.95
IBM,ap-south-1,Kubernetes,8,64,500,2663,99.85,99.61,31.53,41.56,1953.8,0.315,95.94,92.87,88.5,0.1333,93.56,1.445,75.74,4.1,97.11
IBM,ap-south-1,Networking,8,16,1000,6707,99.827,100,31.97,34.62,5141.07,0.282,94.6,93.68,83.46,0.1159,94.77,1.861,76.89,4.39,95.32
IBM,ap-south-1,Networking,8,64,500,2643,99.909,99.86,32.87,44.56,1943.53,0.305,95.37,93.46,93.68,0.1025,87.42,0.881,73.38,4.27,98.34
IBM,ap-south-1,Kubernetes,64,128,50,8392,99.929,99.7,29.42,31.48,7739.25,0.322,95.29,91.56,92.39,0.0997,93.04,0.984,84.44,4.09,98.65
IBM,ap-south-1,Networking,2,8,250,4379,99.875,100,38.17,40.7,3488.37,0.2,94.43,90.69,86.75,0.1039,90.38,1.442,77.81,4.14,95.91
IBM,ap-south-1,Compute,8,64,100,6573,99.977,100,26.45,37.44,5151.23,0.222,96.8,94.58,89.36,0.0853,85.82,0.538,75.57,4.44,98.89
IBM,ap-south-1,AI,4,8,250,5358,99.873,99.36,22.33,35.52,4724.27,0.152,92.09,89.35,86.82,0.118,92.91,1.35,82.07,4.62,96.62
IBM,ap-south-1,Kubernetes,8,32,500,8488,99.881,99.98,36.61,38.9,5947.61,0.206,94.36,89.89,88.05,0.1022,96.17,1.191,87.59,4.22,97.32
IBM,ap-south-1,Networking,8,32,50,2609,99.821,99.4,27.31,31.46,2044.68,0.31,99.61,96.51,86.07,0.0847,96.59,1.531,80.59,4.35,97.82
IBM,ap-south-1,Kubernetes,8,64,1000,7896,99.882,100,34.3,36.78,6302.12,0.368,94.52,93.2,86.11,0.1376,97.14,0.949,82.82,4.23,97.78
IBM,ap-south-1,Database,32,128,2000,8171,99.97,99.77,34.73,36.77,7551.61,0.372,96.44,96.17,91.47,0.1065,80.17,0.535,84.23,3.96,98.08
IBM,ap-south-1,Networking,4,16,1000,7699,99.733,99.4,32.67,43.03,6820.68,0.515,98.15,95.08,94.67,0.0863,83.39,2.365,74.25,4.11,95.42
IBM,ap-south-1,AI,32,128,100,2933,99.861,99.65,33.05,37.95,2843.07,0.291,98.77,97.23,91.97,0.1291,88.51,1.244,75.88,4.18,98.08
IBM,ap-south-1,Networking,64,256,100,3995,99.93,99.93,26.19,38.27,3877.89,0.251,96.85,94.42,90.46,0.0977,80.72,0.937,82.83,4.39,97.68
IBM,ap-south-1,Compute,16,64,50,2645,99.916,100,21.46,33.56,2424.29,0.203,96.24,92.96,94.28,0.1109,98.2,0.881,79.88,4.74,100
IBM,ap-south-1,Networking,8,32,1000,7384,99.875,99.62,28.66,40.03,6677.12,0.153,94.12,93.5,90.18,0.1224,77.32,1.403,77.69,4.49,95.53
IBM,ap-south-1,Kubernetes,4,16,250,6208,99.879,100,26.05,33.09,4558.81,0.396,93.32,93.16,90.65,0.0939,91.71,0.981,80.32,4.58,98.04
IBM,ap-south-1,AI,16,128,2000,4518,99.838,100,27.91,33.97,3709.7,0.082,93.5,92.95,85.86,0.0977,94.67,1.633,70.79,4.27,96.15
IBM,ap-south-1,Compute,16,64,500,4195,99.87,99.72,32.12,42.88,3439.74,0.417,93.98,91.54,90.0,0.1238,89.13,1.218,85.01,4.29,96.94
IBM,ap-south-1,Networking,4,8,250,1844,99.891,99.72,24.5,38.34,1329.22,0.295,94.28,91.21,93.79,0.0827,90.2,1.024,88.06,4.52,98.53
IBM,ap-south-1,Networking,64,512,500,7335,99.902,100,21.75,26.3,7087.04,0.188,98.93,95.61,97.66,0.1004,88.77,1.167,78.0,4.6,99.86
IBM,ap-south-1,AI,16,64,1000,2612,99.881,99.55,30.58,45.47,1955.73,0.343,97.8,94.84,88.46,0.1044,86.6,1.157,80.4,4.09,97.42
IBM,ap-south-1,AI,16,64,1000,1798,99.912,99.39,31.1,34.08,1323.25,0.371,98.01,93.99,95.09,0.1209,98.68,1.017,85.41,4.17,100
IBM,ap-southeast-1,Networking,4,16,1000,5115,99.824,99.54,34.15,39.7,4036.62,0.479,95.61,92.18,89.05,0.1158,87.0,1.868,79.46,4.12,95.39
IBM,ap-southeast-1,AI,32,256,2000,5713,99.932,100,32.0,38.4,4719.17,0.301,93.27,90.57,89.96,0.138,87.65,0.572,82.4,4.11,98.05
IBM,ap-southeast-1,AI,8,16,1000,4678,99.967,100,22.78,37.08,3615.38,0.199,94.68,93.06,88.41,0.1057,89.54,0.398,82.35,4.53,99.17
IBM,ap-southeast-1,Storage,4,16,50,3304,99.947,99.78,30.05,38.32,3032.28,0.399,98.09,94.76,88.38,0.108,90.35,0.788,84.34,4.28,98.72
IBM,ap-southeast-1,AI,64,512,250,142,99.818,99.61,30.61,45.07,126.8,0.401,98.43,94.2,91.25,0.1139,91.63,1.709,84.82,4.25,97.35
IBM,ap-southeast-1,Database,4,8,100,2751,99.858,100,32.19,40.26,2178.74,0.21,94.46,92.85,92.42,0.0894,86.7,1.19,80.14,4.39,97.27
IBM,ap-southeast-1,AI,32,64,1000,8071,99.868,100,27.72,38.88,5945.04,0.416,95.58,95.23,80.26,0.1075,87.66,1.355,77.43,4.38,95.57
IBM,ap-southeast-1,Compute,4,32,500,7711,99.943,99.68,28.74,31.61,5775.87,0.507,98.63,94.72,88.34,0.1336,85.31,0.577,85.04,4.45,98.8
IBM,ap-southeast-1,AI,16,128,2000,510,99.833,99.46,28.51,41.75,409.38,0.283,96.39,94.55,90.43,0.1097,98.55,1.798,74.95,4.24,97.43
IBM,ap-southeast-1,Compute,64,128,50,6788,99.866,99.39,32.25,38.65,6278.64,0.391,92.93,89.4,87.24,0.0928,86.15,1.198,86.96,4.27,95.95
IBM,ap-southeast-1,Networking,4,32,100,3203,99.928,99.78,31.86,41.22,2702.38,0.215,96.67,92.36,86.48,0.1108,98.93,0.58,73.01,4.06,99.36
IBM,ap-southeast-1,AI,2,4,50,5759,99.844,99.5,32.33,37.63,4123.19,0.288,94.68,89.86,89.48,0.0864,93.02,1.718,83.69,4.14,96.31
IBM,ap-southeast-1,AI,8,16,100,7443,99.861,99.49,32.04,39.99,6785.75,0.139,95.35,93.41,91.63,0.1432,90.7,1.545,73.27,4.06,96.93
IBM,ap-southeast-1,Database,64,256,2000,3920,99.929,99.66,25.23,29.53,3262.53,0.258,92.71,89.08,92.15,0.0924,94.51,0.856,80.22,4.23,98.71
IBM,ap-southeast-1,Compute,2,4,250,8993,99.878,99.67,34.85,42.55,6403.85,0.281,97.39,92.43,95.76,0.0873,84.81,1.376,87.19,4.24,97.63
IBM,ap-southeast-1,Database,16,128,1000,5996,99.923,100,24.2,27.57,4699.01,0.055,98.51,96.55,90.8,0.1271,88.11,0.643,74.19,4.52,99.6
IBM,ap-southeast-1,Database,16,32,1000,9361,99.897,99.91,27.78,34.17,7568.11,0.204,94.57,91.67,88.84,0.1328,82.37,1.294,79.55,4.33,96.27
IBM,ap-southeast-1,Kubernetes,64,256,50,7208,99.842,99.79,33.68,45.01,6251.42,0.556,96.21,94.16,86.5,0.1154,92.61,1.471,90.02,4.17,96.61
IBM,ap-southeast-1,Kubernetes,16,64,1000,6237,99.808,99.97,31.33,35.2,4724.11,0.142,94.75,91.02,87.77,0.1177,90.63,1.651,71.61,4.39,96.06
IBM,ap-southeast-1,AI,4,16,50,2230,99.841,99.93,28.61,43.18,1678.03,0.313,96.66,95.5,87.04,0.1052,92.92,1.6,80.32,4.46,96.84
IBM,ap-southeast-1,Database,32,64,250,4686,99.826,100,34.85,49.22,4348.75,0.494,97.54,96.41,86.36,0.1182,89.63,1.579,75.57,4.25,96.3
IBM,ap-southeast-1,Database,16,128,500,5393,99.902,99.83,24.68,35.98,3911.52,0.172,96.88,95.55,89.92,0.098,80.3,0.808,82.56,4.43,97.89
IBM,ap-southeast-1,Database,4,8,50,9580,99.832,100,24.99,31.54,8101.6,0.31,98.24,96.62,90.11,0.1354,97.05,1.496,63.94,4.25,98.51
IBM,ap-southeast-1,Compute,8,16,500,9228,99.968,99.54,22.41,29.57,7882.39,0.153,99.09,94.33,87.52,0.1159,92.09,0.594,80.01,4.53,99.76
IBM,ap-southeast-1,Database,32,256,250,9278,99.848,100,32.41,36.12,7037.15,0.214,92.83,92.03,87.85,0.1105,86.52,1.622,68.77,4.11,95.26
IBM,ap-southeast-1,Compute,4,16,1000,6035,99.899,99.84,27.64,34.74,5605.8,0.13,94.69,90.89,90.73,0.1093,91.62,0.958,73.23,4.54,98.28
IBM,ap-southeast-1,AI,64,128,100,8735,99.845,99.61,30.28,34.35,6308.42,0.355,96.01,91.57,89.37,0.1189,87.93,1.594,76.81,4.3,96.42
IBM,ap-southeast-1,Networking,16,128,100,1216,99.988,99.96,32.86,43.32,989.36,0.405,97.0,93.6,92.47,0.1192,91.76,0.102,79.93,4.35,100
IBM,ap-southeast-1,Compute,16,32,500,8858,99.928,99.57,28.01,32.63,8023.44,0.445,92.57,91.86,87.75,0.1048,98.86,0.859,74.32,4.25,98.27
IBM,ap-southeast-1,Kubernetes,16,32,50,4353,99.819,99.68,39.48,44.96,3234.23,0.471,94.29,91.19,92.59,0.1126,96.53,1.777,81.49,4.11,96.61
IBM,ap-southeast-1,AI,16,128,500,2266,99.916,99.47,30.36,39.67,1632.91,0.338,95.81,94.68,91.11,0.0985,87.44,0.948,69.43,4.12,97.96
IBM,ap-southeast-1,Storage,64,128,500,9692,99.874,99.49,32.0,42.21,9252.54,0.176,95.54,93.4,96.45,0.1001,92.32,1.194,74.85,4.29,98.64
IBM,ap-southeast-1,Networking,2,8,250,7628,99.858,99.39,37.49,43.38,7464.59,0.591,97.23,96.43,88.47,0.0992,84.14,1.543,74.18,4.0,95.83
IBM,ap-southeast-1,Database,2,4,250,9522,99.999,99.66,26.91,40.93,9104.76,0.259,96.56,92.15,87.82,0.122,84.46,0.225,81.85,4.32,99.04
IBM,ap-southeast-1,Compute,8,64,500,8601,99.822,99.9,30.16,43.91,8108.7,0.27,96.84,94.25,91.11,0.1123,87.15,1.8,83.38,4.1,96.4
IBM,ap-southeast-1,Storage,4,16,1000,407,99.874,99.97,28.4,38.54,338.56,0.451,95.75,95.42,84.24,0.1118,89.72,1.372,73.2,4.47,96.38
IBM,ap-southeast-1,Storage,16,64,2000,2367,99.917,100,32.22,42.01,1758.83,0.423,96.21,94.87,90.64,0.1047,82.06,0.687,93.07,4.12,97.93
IBM,ap-southeast-1,Storage,16,32,50,1962,99.89,99.3,27.45,35.83,1473.54,0.261,91.35,91.28,91.03,0.1147,96.29,1.31,84.32,4.18,97.29
IBM,ap-southeast-1,Compute,4,16,1000,8742,99.93,99.75,29.7,39.99,8080.37,0.365,98.81,97.19,93.36,0.1217,88.33,0.979,72.04,4.16,99.05
IBM,ap-southeast-1,Compute,8,16,1000,425,99.897,99.9,27.66,39.13,389.03,0.32,95.73,94.72,92.17,0.1104,91.32,0.939,81.66,4.16,98.74
IBM,sa-east-1,AI,16,64,500,6761,99.977,100,33.16,38.4,5322.89,0.404,95.3,90.6,92.81,0.131,93.46,0.55,78.17,4.31,99.54
IBM,sa-east-1,AI,16,128,100,1102,99.885,99.3,25.69,30.61,883.62,0.415,98.92,96.92,84.5,0.1194,87.93,1.02,78.25,4.3,97.68
IBM,sa-east-1,Storage,4,32,250,2959,99.826,99.46,29.57,41.95,2255.59,0.223,97.17,92.5,90.61,0.1278,87.64,1.645,75.45,4.15,96.73
IBM,sa-east-1,Kubernetes,2,4,100,7032,99.854,99.31,37.18,39.46,5222.72,0.384,93.77,91.48,83.03,0.1145,95.62,1.45,80.23,3.86,95.65
IBM,sa-east-1,Networking,2,4,100,2263,99.847,99.88,36.55,42.77,1892.98,0.571,98.51,93.68,93.89,0.0986,92.22,1.652,78.47,4.19,97.7
IBM,sa-east-1,Networking,64,512,250,5685,99.875,99.76,30.96,44.08,4924.6,0.411,96.39,96.21,94.57,0.1079,98.93,1.066,72.07,4.1,99.59
IBM,sa-east-1,Kubernetes,8,16,250,3757,99.884,99.6,26.58,36.6,3640.83,0.512,98.36,94.07,86.62,0.1102,94.89,1.362,76.95,4.21,97.91
IBM,sa-east-1,Compute,4,8,1000,2253,99.941,99.71,29.5,36.84,1588.11,0.306,98.66,95.97,88.52,0.1049,93.35,0.895,86.06,4.36,98.97
IBM,sa-east-1,Compute,2,8,500,1298,99.874,99.35,33.05,41.56,928.49,0.216,94.45,92.14,87.25,0.1197,84.5,1.186,81.54,3.98,96.08
IBM,sa-east-1,Database,32,64,2000,9813,99.905,99.83,30.28,33.53,9387.2,0.313,96.24,92.08,86.89,0.1034,92.78,0.788,73.02,4.37,98.34
IBM,sa-east-1,AI,16,128,50,6422,99.949,100,28.08,37.04,4700.18,0.392,93.0,88.34,89.3,0.114,88.7,0.585,85.35,4.52,98.19
IBM,sa-east-1,Storage,16,64,500,9222,99.861,99.82,29.47,43.81,7691.31,0.279,96.07,92.87,89.93,0.0781,90.25,1.468,73.32,4.37,97.11
IBM,sa-east-1,AI,64,128,500,3553,99.866,100,32.62,44.77,2950.8,0.353,96.6,93.58,94.75,0.1074,98.42,1.554,71.96,4.13,98.53
IBM,sa-east-1,Database,8,16,2000,4282,99.867,99.78,32.69,38.07,3655.18,0.148,91.59,89.69,93.33,0.1171,85.28,1.307,74.96,4.03,96.35
IBM,sa-east-1,Compute,16,32,50,7062,99.872,100,34.0,41.23,5637.64,0.266,96.02,93.5,88.21,0.1015,98.33,1.521,77.71,3.96,97.36
IBM,sa-east-1,Storage,64,128,100,5826,99.765,99.26,28.14,40.15,4777.24,0.285,94.52,91.14,87.92,0.1106,90.42,2.235,72.34,4.49,94.83
IBM,sa-east-1,AI,16,32,250,4739,99.819,99.88,28.24,30.99,3334.04,0.345,97.59,95.98,91.42,0.1097,88.85,1.929,85.02,4.13,96.61
IBM,sa-east-1,AI,64,512,50,9333,99.836,99.45,27.39,35.35,7078.69,0.332,94.29,93.81,87.5,0.1355,90.59,1.574,83.15,4.44,96.21
IBM,sa-east-1,Database,4,32,50,550,99.91,99.75,30.3,44.48,419.4,0.35,90.61,89.22,92.15,0.0941,90.7,1.213,66.05,4.29,96.86
IBM,sa-east-1,Database,16,64,100,8488,99.834,99.24,25.81,29.85,6795.35,0.081,94.3,92.28,89.26,0.113,91.31,1.499,81.15,4.52,96.78
IBM,sa-east-1,Compute,2,8,500,7769,99.797,100,32.32,39.12,7512.37,0.339,97.5,92.89,91.11,0.1358,91.05,1.903,86.01,4.04,96.63
IBM,sa-east-1,Database,8,16,500,6695,99.819,99.25,32.63,36.28,6188.13,0.367,95.56,92.39,88.3,0.1006,93.86,1.715,69.92,4.21,96.34
IBM,sa-east-1,Kubernetes,4,16,500,5391,99.933,99.87,23.59,25.78,5065.07,0.219,99.05,98.3,92.5,0.1016,88.9,0.612,82.02,4.65,100
IBM,sa-east-1,Networking,4,16,50,5018,99.866,99.39,32.13,41.05,3616.11,0.346,94.57,91.63,88.76,0.1176,93.34,1.42,79.74,4.09,96.83
IBM,sa-east-1,Networking,32,128,50,6378,99.924,99.94,31.6,40.98,6126.64,0.364,97.79,93.76,84.07,0.0811,81.98,0.983,78.81,4.26,96.62
IBM,sa-east-1,Networking,64,512,100,5077,99.882,99.8,25.94,40.54,4338.9,0.273,96.78,93.0,87.56,0.129,91.05,1.051,89.09,4.26,98.04
IBM,sa-east-1,Kubernetes,2,8,50,5700,99.958,99.77,27.08,40.44,4359.4,0.251,95.2,92.69,91.37,0.1047,95.09,0.669,75.68,4.55,99.49
IBM,sa-east-1,Compute,16,32,250,8346,99.857,99.41,30.71,37.31,5893.1,0.451,95.69,90.96,93.34,0.1463,95.61,1.603,72.24,4.2,97.72
IBM,sa-east-1,AI,16,128,250,547,99.907,99.55,37.78,47.33,526.47,0.364,95.83,91.12,94.14,0.1167,89.93,1.205,83.39,3.91,97.78
IBM,sa-east-1,Networking,8,16,100,6727,99.909,99.35,29.65,41.52,6278.76,0.357,96.07,92.85,90.19,0.1125,91.83,0.956,65.45,4.38,98.33
IBM,sa-east-1,AI,2,4,50,8846,99.833,99.52,26.55,31.48,6923.68,0.279,96.38,94.97,88.24,0.1078,89.56,1.358,73.36,4.46,97.17
IBM,sa-east-1,Kubernetes,16,128,2000,9666,99.917,100,25.11,38.79,8143.16,0.139,96.16,95.89,89.65,0.1087,88.94,0.787,80.16,4.6,98.66
IBM,sa-east-1,Database,4,32,500,5231,99.852,99.83,28.45,30.93,3950.64,0.375,99.19,96.98,98.72,0.0817,96.66,1.452,80.63,4.12,99.92
IBM,sa-east-1,Database,32,64,100,1620,99.885,99.59,33.31,43.01,1562.57,0.366,96.21,92.9,87.49,0.1039,93.61,1.142,74.36,4.08,97.56
IBM,sa-east-1,Database,8,16,100,9398,99.947,100,29.59,36.27,8367.21,0.363,98.4,96.85,85.61,0.1052,84.11,0.878,76.75,4.23,97.56
IBM,sa-east-1,Storage,4,32,500,1929,99.956,99.51,28.54,36.44,1700.08,0.24,98.31,94.84,90.38,0.109,83.78,0.829,70.47,4.45,98.34
IBM,sa-east-1,Compute,64,512,250,8718,99.858,99.34,32.51,40.74,7716.75,0.355,93.21,91.91,88.51,0.105,87.57,1.541,83.98,4.15,95.61
IBM,sa-east-1,AI,16,128,500,7314,99.939,99.46,28.37,41.71,5867.89,0.241,94.99,90.59,89.5,0.1125,90.6,0.901,80.88,4.24,98.07
IBM,sa-east-1,Networking,32,256,100,6178,99.89,99.62,26.0,35.75,5017.65,0.312,98.73,95.59,86.64,0.1126,87.23,0.887,68.42,4.51,98.22
IBM,sa-east-1,Kubernetes,4,16,2000,2267,99.795,100,31.18,45.58,1649.78,0.215,97.03,94.01,89.23,0.1111,93.58,1.928,81.24,4.06,96.51
IBM,me-central-1,Networking,2,4,50,1414,99.909,99.87,23.02,35.66,1033.78,0.235,92.67,90.37,89.0,0.0718,94.91,0.942,83.7,4.4,98.21
IBM,me-central-1,Networking,32,64,100,1537,99.892,99.92,29.84,41.77,1365.35,0.247,94.26,90.1,89.43,0.0872,100,1.133,80.81,4.12,98.39
IBM,me-central-1,Database,32,128,500,2194,99.928,99.96,38.76,42.39,1581.0,0.381,98.1,94.96,92.33,0.1268,88.07,0.913,68.99,4.03,98.41
IBM,me-central-1,Networking,64,256,50,2369,99.904,99.59,31.1,33.37,2315.86,0.114,98.81,96.82,88.21,0.1107,93.95,0.878,77.85,4.18,98.94
IBM,me-central-1,AI,4,8,100,3206,99.817,99.68,33.52,42.11,2863.85,0.267,94.12,92.05,90.86,0.1382,85.25,1.621,78.29,4.29,95.75
IBM,me-central-1,AI,64,128,2000,9464,99.883,99.46,24.16,28.1,9215.13,0.378,97.23,92.67,94.95,0.1028,81.49,1.382,83.39,4.43,97.64
IBM,me-central-1,Compute,32,256,250,2810,99.93,99.96,28.65,34.57,2680.63,0.22,96.1,91.49,91.18,0.0859,86.23,0.821,81.02,4.34,98.34
IBM,me-central-1,Kubernetes,2,4,250,3746,99.9,99.97,34.14,43.45,2647.7,0.336,96.94,95.21,89.36,0.105,86.33,1.043,80.4,4.07,97.48
IBM,me-central-1,Kubernetes,64,128,500,8794,99.822,99.39,30.73,34.7,6578.66,0.279,95.79,94.62,91.07,0.1264,94.95,1.781,69.33,4.06,96.93
IBM,me-central-1,AI,64,128,100,2488,99.912,99.54,34.44,40.59,1792.08,0.362,91.84,89.5,88.22,0.1193,83.45,1.034,67.14,4.09,95.86
IBM,me-central-1,Kubernetes,8,32,1000,5274,99.892,99.68,28.51,36.38,5111.92,0.316,98.05,96.96,87.89,0.1089,92.55,1.208,80.82,4.23,98.03
IBM,me-central-1,Storage,4,16,500,7686,99.905,99.7,28.58,41.63,5725.21,0.364,96.33,96.12,89.2,0.1347,90.16,0.861,80.05,4.31,98.36
IBM,me-central-1,Kubernetes,32,64,2000,4240,99.954,99.88,29.81,43.05,3574.99,0.335,98.19,94.61,96.48,0.1207,91.38,0.768,87.4,4.38,100
IBM,me-central-1,Storage,8,32,1000,5816,99.892,99.73,30.24,32.53,4288.98,0.403,94.53,91.16,91.28,0.093,88.94,1.01,78.54,4.18,97.78
IBM,me-central-1,Kubernetes,64,256,250,1184,99.935,99.64,35.41,37.66,937.29,0.279,96.38,95.81,93.96,0.1073,89.15,1.001,75.52,4.23,98.36
IBM,me-central-1,Storage,4,8,2000,880,99.942,100,30.34,32.83,861.42,0.353,95.85,91.33,91.67,0.082,89.93,0.838,74.97,4.2,98.64
IBM,me-central-1,Kubernetes,16,64,100,9509,99.93,100,32.82,46.06,8182.26,0.403,94.27,93.65,86.88,0.0898,92.54,0.615,81.78,4.04,98.16
IBM,me-central-1,AI,64,512,250,251,99.891,99.32,37.9,52.16,193.57,0.365,94.56,92.24,92.25,0.1064,91.53,1.068,75.24,3.91,97.62
IBM,me-central-1,AI,2,4,250,1656,99.848,100,30.22,38.92,1428.18,0.171,95.71,95.68,92.4,0.0781,92.41,1.51,71.23,4.3,97.55
IBM,me-central-1,Networking,64,256,50,3297,99.958,99.86,35.29,46.34,2961.82,0.245,96.68,96.44,93.33,0.0971,83.89,0.399,63.52,4.03,99.09
IBM,me-central-1,Database,8,16,250,4540,99.882,100,20.07,24.34,4259.58,0.088,96.91,95.09,99.18,0.1273,87.58,1.111,91.37,4.49,99.75
IBM,me-central-1,AI,8,64,2000,7233,99.918,99.56,26.16,28.68,6489.12,0.202,93.68,93.59,89.4,0.1486,92.08,0.695,79.54,4.27,98.49
IBM,me-central-1,Networking,32,64,2000,9815,99.796,100,31.39,37.41,8057.08,0.373,98.7,97.6,84.44,0.1303,100,2.079,75.64,4.3,96.45
IBM,me-central-1,Database,8,64,100,840,99.849,100,36.31,46.1,720.54,0.261,98.57,94.64,91.14,0.0998,93.98,1.698,81.25,3.97,97.4
IBM,me-central-1,Database,16,64,100,7344,99.921,99.79,27.48,29.48,6925.65,0.548,97.46,94.81,96.28,0.1015,87.06,0.916,90.18,4.51,99.35
IBM,me-central-1,AI,64,128,100,2005,99.896,99.43,27.35,29.46,1801.71,0.193,95.7,91.96,88.36,0.1091,95.27,1.092,72.13,4.35,98.17
IBM,me-central-1,Kubernetes,64,128,50,8223,99.869,99.4,38.47,47.91,7461.0,0.382,91.89,87.66,85.14,0.13,91.35,1.423,90.31,4.05,95.15
IBM,me-central-1,Database,2,4,100,8633,99.853,99.77,24.05,27.94,8174.93,0.148,93.01,88.7,84.44,0.1094,80.64,1.358,77.18,4.36,95.1
IBM,me-central-1,Database,4,32,500,6586,99.885,100,28.78,36.89,6287.15,0.157,95.43,92.37,88.2,0.0823,96.45,1.171,78.46,4.19,98.05
IBM,me-central-1,Database,16,128,2000,4239,99.919,100,27.48,37.04,3098.24,0.382,95.96,92.76,89.24,0.1206,87.3,1.059,79.05,4.24,97.68
IBM,me-central-1,AI,32,64,2000,6506,99.978,100,31.39,40.09,5026.23,0.235,91.05,87.86,93.67,0.0933,88.77,0.636,79.61,4.18,98.2
IBM,me-central-1,Networking,16,64,1000,5248,99.81,99.43,32.06,46.88,5028.32,0.217,94.23,89.25,90.06,0.114,94.23,1.796,79.41,4.06,96.26
IBM,me-central-1,Storage,4,8,500,1703,99.923,99.82,22.82,33.73,1414.16,0.071,95.82,92.68,94.0,0.1068,91.04,1.044,74.19,4.64,99.04
IBM,me-central-1,Networking,4,32,2000,8309,99.886,99.51,30.6,37.02,7919.92,0.194,94.3,90.66,92.17,0.0718,97.39,1.386,81.44,4.07,97.92
IBM,me-central-1,AI,16,64,100,2698,99.848,99.38,30.89,40.99,2395.48,0.284,95.45,94.75,91.32,0.1272,89.07,1.293,79.22,4.32,97.3
IBM,me-central-1,Database,8,16,1000,4081,99.879,99.47,26.63,40.51,3250.55,0,96.95,95.69,92.69,0.1081,90.62,1.04,84.65,4.21,98.77
IBM,me-central-1,Storage,32,128,500,6516,99.913,100,31.52,34.73,5566.51,0.316,92.78,88.86,94.42,0.1243,91.14,1.016,77.08,4.25,98.11
IBM,me-central-1,Kubernetes,4,8,1000,3980,99.851,100,25.3,36.33,3192.4,0.223,97.54,95.69,93.0,0.1214,90.11,1.319,77.1,4.57,98.45
IBM,me-central-1,Kubernetes,4,32,250,7123,99.949,99.54,30.2,44.19,6518.15,0.184,94.59,90.31,87.24,0.1047,85.4,0.519,79.64,4.19,97.81
IBM,me-central-1,Database,2,4,1000,3015,99.858,99.44,22.99,35.64,2448.44,0.125,100,97.19,93.08,0.1021,87.38,1.207,78.66,4.47,98.97
Alibaba,us-east-1,Compute,8,64,50,6660,99.948,99.4,38.2,40.5,4731.23,0.244,96.9,96.04,80.77,0.0848,87.95,0.774,76.45,4.07,96.56
Alibaba,us-east-1,Kubernetes,16,64,1000,7892,99.967,100,28.55,33.07,6369.4,0.268,93.43,89.76,82.24,0.0989,86.66,0.385,87.26,4.28,97.35
Alibaba,us-east-1,Compute,64,512,100,1942,99.925,99.56,34.06,41.49,1372.93,0.394,94.83,94.1,86.94,0.0957,88.45,1.03,70.29,4.26,96.85
Alibaba,us-east-1,Storage,8,32,1000,9269,99.843,99.76,39.83,48.94,7877.96,0.341,93.07,89.61,86.61,0.0668,91.68,1.326,76.58,3.76,95.85
Alibaba,us-east-1,Database,16,128,1000,968,99.912,100,32.21,35.99,868.33,0.235,93.68,90.84,88.95,0.0705,90.05,1.148,83.78,4.04,97.0
Alibaba,us-east-1,Database,16,32,2000,4311,99.999,99.84,26.37,34.43,3231.21,0.157,89.65,88.35,86.8,0.0684,90.35,0.133,83.45,4.48,98.29
Alibaba,us-east-1,Networking,16,64,500,966,99.901,99.9,33.94,48.33,920.95,0.203,93.3,92.99,85.64,0.0864,94.73,0.867,62.05,3.98,97.38
Alibaba,us-east-1,Networking,64,128,2000,6287,99.878,99.82,38.29,48.68,4403.21,0.422,95.94,92.35,89.29,0.0907,91.03,1.45,84.01,3.91,96.64
Alibaba,us-east-1,Networking,16,64,250,7832,99.944,99.48,33.0,41.81,6288.71,0.433,96.47,91.48,87.32,0.0799,84.21,0.894,78.23,4.22,97.14
Alibaba,us-east-1,Compute,8,16,500,395,99.939,99.85,36.76,39.02,384.57,0.295,94.91,94.91,85.19,0.075,88.94,0.711,79.01,3.89,97.22
Alibaba,us-east-1,Kubernetes,8,16,50,7956,99.857,99.85,34.38,40.09,7683.39,0.263,96.6,92.94,86.44,0.0925,88.97,1.255,76.71,3.96,96.73
Alibaba,us-east-1,Database,2,16,50,5466,99.902,100,33.72,44.51,5244.0,0.334,96.0,94.19,85.96,0.0903,93.94,0.812,81.88,4.2,98.05
Alibaba,us-east-1,Database,32,128,100,3862,99.86,99.53,28.69,38.75,2738.84,0.436,92.16,89.14,86.34,0.0956,95.26,1.563,71.06,4.24,96.04
Alibaba,us-east-1,Kubernetes,64,128,1000,7018,99.836,99.98,41.24,53.12,6853.6,0.412,91.76,88.68,83.7,0.0821,95.03,1.481,78.24,3.98,95.1
Alibaba,us-east-1,Kubernetes,8,16,250,3560,99.867,100,34.41,48.12,3282.81,0.303,94.34,89.43,83.41,0.0705,100,1.563,87.17,4.0,96.32
Alibaba,us-east-1,AI,64,512,2000,7428,99.862,99.56,35.36,48.25,6605.7,0.194,93.14,89.16,90.68,0.0675,90.05,1.264,74.08,4.08,96.67
Alibaba,us-east-1,AI,64,256,1000,8441,99.915,99.67,35.52,48.17,7355.8,0.287,92.67,92.45,85.8,0.1034,92.38,0.848,79.81,4.06,96.95
Alibaba,us-east-1,Database,32,128,100,3092,99.875,99.79,40.8,44.22,2439.14,0.569,98.32,93.77,85.2,0.0617,96.91,1.447,83.74,3.72,96.99
Alibaba,us-east-1,Database,16,128,500,8483,99.823,99.27,30.22,33.21,7664.65,0.15,93.11,89.78,82.84,0.0698,88.84,1.597,74.8,4.38,94.82
Alibaba,us-east-1,Kubernetes,64,512,50,753,99.901,99.6,32.5,47.08,708.09,0.317,94.24,89.98,88.75,0.0652,89.73,1.038,85.14,4.18,97.21
Alibaba,us-east-1,AI,32,64,2000,2408,99.976,99.96,32.45,42.37,2227.94,0.176,92.13,90.66,86.84,0.0751,91.62,0.461,93.9,4.19,97.96
Alibaba,us-east-1,AI,8,64,500,3053,99.926,99.77,36.06,48.57,2528.63,0.237,96.33,95.43,86.02,0.0844,97.43,0.761,85.93,3.9,98.46
Alibaba,us-east-1,AI,64,512,500,9761,99.941,99.35,33.79,42.46,9403.73,0.299,94.28,93.1,88.12,0.0731,76.99,0.914,91.92,4.29,95.94
Alibaba,us-east-1,AI,64,128,500,153,99.834,99.75,24.44,39.32,125.73,0.214,92.67,88.19,83.46,0.0915,88.14,1.824,83.41,4.54,94.65
Alibaba,us-east-1,Kubernetes,8,32,500,9996,99.884,99.99,40.36,43.27,8869.87,0.216,92.09,88.56,89.73,0.1219,88.3,1.11,80.8,3.73,96.25
Alibaba,us-east-1,Networking,2,16,500,5593,99.834,99.29,30.84,33.3,5271.9,0.354,89.69,88.48,85.72,0.0575,93.54,1.679,87.92,4.37,94.84
Alibaba,us-east-1,AI,64,256,50,8896,99.818,99.43,36.98,44.42,6935.28,0.174,94.29,91.16,87.65,0.0735,87.76,1.887,77.78,3.89,94.77
Alibaba,us-east-1,AI,16,128,50,6573,99.842,99.54,35.76,42.07,6224.38,0.244,94.25,90.7,90.9,0.0895,95.29,1.464,78.57,4.02,97.04
Alibaba,us-east-1,Storage,64,512,100,5647,99.955,99.75,41.25,48.88,5399.46,0.289,97.38,94.31,85.45,0.0804,85.71,0.377,87.23,3.79,97.89
Alibaba,us-east-1,Storage,32,256,100,8826,99.934,100,33.73,44.44,6267.17,0.38,95.37,92.59,87.84,0.1032,96.02,0.944,88.2,4.0,98.17
Alibaba,us-east-1,AI,64,128,50,3507,99.961,99.9,26.88,34.63,2968.42,0.32,92.03,89.89,85.81,0.0783,90.61,0.749,77.18,4.38,97.34
Alibaba,us-east-1,Networking,16,128,500,576,99.875,99.46,31.76,36.7,484.78,0.411,98.92,98.88,84.29,0.0836,87.65,1.134,69.12,4.3,97.08
Alibaba,us-east-1,AI,8,64,2000,6133,99.835,99.29,34.45,47.62,5023.41,0.395,91.25,87.41,90.07,0.102,92.1,1.749,77.35,4.18,95.37
Alibaba,us-east-1,Database,16,32,50,2161,99.886,99.45,31.21,37.69,1897.55,0.34,89.83,88.27,84.37,0.1155,93.52,1.376,79.71,4.04,95.31
Alibaba,us-east-1,Database,8,32,250,6826,99.8,99.62,33.14,40.99,6116.78,0.354,93.46,92.94,89.89,0.0866,90.37,2.056,87.33,3.98,95.09
Alibaba,us-east-1,Networking,32,128,2000,4777,99.822,99.89,37.39,50.75,3655.35,0.238,99.14,97.75,89.34,0.0751,90.82,1.615,87.96,4.05,97.0
Alibaba,us-east-1,Database,4,8,100,3021,99.866,99.69,32.93,39.51,2698.17,0.301,93.82,90.52,89.98,0.1092,88.87,1.302,84.76,4.26,96.65
Alibaba,us-east-1,Storage,32,256,2000,4671,99.931,100,32.93,42.66,3311.26,0.208,98.13,97.9,88.23,0.1079,96.12,0.658,80.23,4.09,99.47
Alibaba,us-east-1,Storage,64,512,500,1592,99.913,99.85,31.12,41.24,1357.03,0.313,96.63,96.25,89.15,0.0908,84.4,0.859,82.98,4.1,97.7
Alibaba,us-east-1,Database,16,64,100,5442,99.871,99.93,34.47,46.44,4778.34,0.287,93.18,90.14,86.56,0.1071,94.45,1.064,73.74,4.09,97.02
Alibaba,us-west-2,Database,8,32,250,9411,99.844,99.33,38.33,51.99,9160.23,0.474,93.26,89.71,86.44,0.1019,88.05,1.367,85.41,3.84,95.4
Alibaba,us-west-2,Networking,2,16,100,5752,99.951,100.0,31.82,35.69,4237.35,0.447,97.96,94.1,80.9,0.0899,86.25,0.855,69.64,4.38,96.88
Alibaba,us-west-2,Compute,8,16,50,3130,99.959,99.99,38.15,42.09,2519.0,0.358,97.51,96.83,88.41,0.0591,92.27,0.73,81.17,4.01,98.54
Alibaba,us-west-2,Kubernetes,32,256,1000,2418,99.875,100,35.3,39.54,2249.49,0.225,94.73,93.31,90.51,0.0914,82.02,1.471,89.32,4.06,95.78
Alibaba,us-west-2,Kubernetes,4,16,2000,461,99.861,99.84,33.2,35.71,425.6,0.44,93.0,90.14,88.01,0.0913,86.06,1.474,81.3,3.99,95.52
Alibaba,us-west-2,AI,32,128,50,2333,99.903,100,28.45,31.57,2223.78,0.238,98.45,97.88,88.73,0.0658,96.77,1.228,79.45,4.42,98.71
Alibaba,us-west-2,AI,64,256,500,1224,99.9,99.43,39.18,47.18,1091.78,0.335,95.99,94.54,86.77,0.0815,93.04,1.073,80.39,3.85,97.16
Alibaba,us-west-2,Database,2,16,2000,3439,99.72,99.76,33.8,43.09,2445.27,0.289,91.32,88.54,91.75,0.0709,88.91,2.319,78.11,4.07,94.19
Alibaba,us-west-2,Kubernetes,8,16,100,2017,99.891,99.99,32.3,35.21,1737.04,0.222,91.77,88.14,84.07,0.1111,100,0.982,92.6,4.3,97.22
Alibaba,us-west-2,Database,64,256,500,982,99.999,99.49,33.44,41.73,883.04,0.322,92.28,87.77,84.93,0.1018,83.66,0.014,85.34,4.05,97.67
Alibaba,us-west-2,Compute,2,8,50,1935,99.882,99.36,36.71,42.25,1440.59,0.392,92.23,87.44,77.26,0.0795,87.09,1.341,85.36,4.09,93.79
Alibaba,us-west-2,Compute,64,256,500,5781,99.88,99.48,31.69,34.67,5191.89,0.284,93.98,93.85,84.59,0.0903,87.5,1.147,71.4,4.12,96.05
Alibaba,us-west-2,AI,64,512,2000,998,99.838,99.3,41.68,56.09,909.59,0.68,92.25,88.39,84.83,0.0999,87.83,1.675,74.62,4.07,94.08
Alibaba,us-west-2,Compute,32,128,500,9884,99.965,99.47,26.03,29.81,8018.1,0.103,94.44,94.3,82.36,0.0734,95.45,0.661,76.94,4.6,97.97
Alibaba,us-west-2,Storage,32,128,50,4594,99.844,99.54,29.75,42.72,3470.36,0.332,90.51,86.62,88.3,0.0773,95.83,1.645,85.52,4.26,95.84
Alibaba,us-west-2,Compute,32,256,100,4087,99.814,99.59,35.08,43.9,2866.86,0.294,97.27,96.56,85.1,0.0817,85.05,1.935,89.31,4.16,94.73
Alibaba,us-west-2,Networking,4,32,50,9538,99.964,99.91,32.05,36.19,9250.71,0.426,91.75,87.2,84.24,0.091,92.72,0.666,73.99,4.17,97.16
Alibaba,us-west-2,Compute,4,8,100,8814,99.918,100,34.33,40.38,6750.71,0.34,94.74,91.05,88.85,0.1049,84.26,0.863,79.41,4.13,97.09
Alibaba,us-west-2,Storage,4,8,500,3835,99.915,100,36.22,38.7,3640.46,0.26,93.8,93.29,84.44,0.1167,89.96,0.807,78.7,4.11,96.82
Alibaba,us-west-2,Compute,32,64,2000,5205,99.861,99.34,27.95,31.49,4942.97,0.391,97.44,93.06,87.65,0.0891,85.09,1.263,76.4,4.24,96.93
Alibaba,us-west-2,Compute,8,32,250,4517,99.846,100,36.56,41.77,3488.47,0.359,93.87,89.97,82.47,0.1063,99.72,1.483,80.76,3.85,96.09
Alibaba,us-west-2,Kubernetes,4,16,2000,4567,99.851,99.34,31.44,38.77,4465.28,0.368,100,95.74,83.71,0.084,90.87,1.407,88.28,4.36,96.97
Alibaba,us-west-2,Compute,4,8,1000,6267,99.897,100,29.7,42.85,4855.52,0.329,90.18,89.14,86.97,0.1043,93.43,1.304,80.66,4.16,96.11
Alibaba,us-west-2,Compute,32,128,2000,7488,99.968,99.44,34.95,44.41,5647.67,0.506,95.65,92.93,86.87,0.1021,87.69,0.463,72.16,4.2,98.07
Alibaba,us-west-2,Storage,4,16,1000,4226,99.85,99.91,33.02,35.22,3840.34,0.22,95.7,94.05,86.55,0.1103,79.35,1.409,75.18,4.24,95.3
Alibaba,us-west-2,Compute,32,128,250,4770,99.842,100,31.42,46.17,4108.41,0.263,90.95,86.11,91.48,0.1,91.16,1.636,83.75,4.22,95.94
Alibaba,us-west-2,Kubernetes,2,8,2000,1195,99.848,100,30.51,36.2,927.14,0.162,92.74,89.37,87.07,0.0716,88.14,1.595,78.19,4.12,95.44
Alibaba,us-west-2,Networking,8,64,1000,8069,99.865,99.55,28.02,30.19,7192.58,0.322,94.98,91.42,86.37,0.0764,89.14,1.358,76.36,4.15,96.47
Alibaba,us-west-2,AI,64,128,50,4533,99.941,100,29.06,40.14,4366.07,0.265,95.44,92.26,88.31,0.1137,96.94,0.899,80.28,4.19,98.7
Alibaba,us-west-2,Networking,4,32,100,8019,99.91,99.72,38.32,46.72,6672.8,0.319,94.97,90.38,88.37,0.1007,92.41,1.216,77.8,4.01,96.92
Alibaba,us-west-2,Networking,16,32,50,5697,99.854,99.85,33.77,47.02,5150.39,0.527,96.9,94.3,85.45,0.1006,88.13,1.65,88.6,4.34,95.75
Alibaba,us-west-2,Database,32,64,50,6924,99.911,99.89,36.3,39.37,5624.86,0.359,91.94,91.64,90.74,0.0997,87.06,0.764,76.67,3.96,97.18
Alibaba,us-west-2,AI,16,32,2000,8557,99.966,100,30.07,38.54,7823.75,0.364,92.35,88.97,85.64,0.09,90.45,0.635,79.42,4.28,97.45
Alibaba,us-west-2,Kubernetes,2,16,100,5680,99.882,99.77,37.6,49.63,4126.78,0.5,92.87,92.04,88.25,0.0891,89.07,1.357,82.08,4.05,95.85
Alibaba,us-west-2,Networking,16,128,50,2531,99.834,99.99,33.03,45.81,2281.19,0.421,93.54,92.0,95.01,0.083,91.38,1.649,78.43,4.32,96.95
Alibaba,us-west-2,AI,2,4,100,7839,99.964,100,34.41,46.95,6790.48,0.452,94.41,91.85,85.67,0.0786,83.96,0.532,88.19,4.15,97.19
Alibaba,us-west-2,Networking,4,8,50,8270,99.908,99.74,27.24,35.93,7424.51,0.083,93.85,90.37,83.3,0.0716,92.87,0.874,78.71,4.21,97.24
Alibaba,us-west-2,AI,4,32,500,5795,99.933,99.42,35.65,42.79,4521.21,0.476,92.2,88.82,81.85,0.0849,92.22,0.758,77.11,4.24,96.36
Alibaba,us-west-2,Kubernetes,8,32,500,9560,99.822,100,40.41,44.13,8850.75,0.435,96.13,94.14,88.54,0.1004,100,1.5,80.64,3.78,97.31
Alibaba,us-west-2,Kubernetes,64,256,250,2915,99.926,100,32.88,44.18,2402.32,0.336,97.34,93.24,90.12,0.0936,89.63,0.608,85.7,4.24,99.02
Alibaba,eu-west-1,Networking,32,128,100,2532,99.873,99.99,38.0,47.26,2111.73,0.446,92.2,92.07,87.91,0.1123,85.03,1.256,72.8,4.12,95.46
Alibaba,eu-west-1,Kubernetes,16,128,100,3280,99.915,99.78,37.22,51.49,2495.38,0.369,96.61,94.01,87.7,0.0726,100,1.028,88.98,3.9,98.43
Alibaba,eu-west-1,Compute,64,128,100,5621,99.88,99.86,31.27,43.99,3990.33,0.371,93.85,91.14,81.56,0.098,88.39,1.325,82.56,4.05,95.35
Alibaba,eu-west-1,AI,4,32,500,282,99.877,99.91,36.59,46.74,267.43,0.383,91.54,89.71,87.46,0.0884,89.43,1.432,83.08,3.99,95.4
Alibaba,eu-west-1,Database,64,128,250,7714,99.884,99.67,35.81,47.6,6531.09,0.324,97.69,94.84,81.92,0.0943,98.0,1.268,96.41,4.02,97.08
Alibaba,eu-west-1,Networking,8,64,250,5132,99.849,99.57,41.15,50.16,3799.44,0.312,93.15,91.7,89.28,0.0694,87.99,1.316,78.07,3.91,95.82
Alibaba,eu-west-1,Storage,32,128,1000,8772,99.858,99.87,36.05,40.83,7923.15,0.569,96.64,93.57,92.91,0.0784,91.61,1.537,87.73,4.06,97.36
Alibaba,eu-west-1,Networking,64,128,50,6199,99.91,100,34.34,45.11,5370.08,0.251,95.03,91.63,88.82,0.0917,81.7,1.204,80.64,4.15,96.16
Alibaba,eu-west-1,Compute,64,512,500,703,99.835,99.79,36.53,49.85,687.06,0.252,91.82,90.59,86.12,0.1061,87.13,1.738,74.78,3.89,94.34
Alibaba,eu-west-1,Database,4,32,250,3134,99.843,99.92,41.32,50.68,2528.25,0.464,95.81,94.78,88.18,0.1003,87.04,1.452,73.05,3.99,95.86
Alibaba,eu-west-1,Networking,32,128,50,3394,99.837,99.45,32.72,44.84,3124.53,0.306,94.72,92.15,88.77,0.0981,95.34,1.633,89.27,4.34,96.6
Alibaba,eu-west-1,AI,4,32,500,3442,99.845,100,36.66,43.73,3067.55,0.458,94.87,93.94,85.53,0.1222,97.5,1.641,83.79,4.06,96.21
Alibaba,eu-west-1,Database,4,32,50,7080,99.877,99.72,33.65,39.58,5146.39,0.433,89.78,89.67,88.86,0.0863,98.03,1.24,89.82,4.18,96.69
Alibaba,eu-west-1,Networking,16,128,1000,3339,99.849,99.85,29.87,38.17,2911.38,0.243,97.44,94.08,84.23,0.0909,93.29,1.421,66.57,4.35,96.9
Alibaba,eu-west-1,AI,64,512,250,9262,99.912,99.53,36.05,43.49,8431.6,0.423,94.78,92.32,81.63,0.0873,86.7,1.185,84.24,4.09,95.38
Alibaba,eu-west-1,AI,2,16,2000,5434,99.962,100,41.02,54.96,3849.44,0.358,94.9,90.43,88.8,0.0971,95.83,0.351,72.47,3.73,99.07
Alibaba,eu-west-1,Networking,32,64,500,4580,99.881,99.52,37.13,47.18,3261.65,0.422,91.38,91.09,82.76,0.0886,95.08,1.203,72.22,3.99,95.61
Alibaba,eu-west-1,Compute,16,64,500,2809,99.877,99.63,36.82,44.1,2575.48,0.377,95.29,94.77,88.27,0.0922,89.93,1.152,84.3,4.06,96.9
Alibaba,eu-west-1,Compute,32,256,50,3533,99.859,99.72,37.02,42.92,3088.31,0.367,94.48,92.27,86.08,0.0703,94.93,1.528,79.24,3.97,96.12
Alibaba,eu-west-1,Networking,16,32,100,3006,99.914,99.82,36.42,47.26,2933.27,0.374,96.51,94.47,89.91,0.0874,89.17,1.038,82.05,4.03,97.64
Alibaba,eu-west-1,AI,2,4,250,2109,99.853,99.57,39.0,46.41,1603.18,0.255,93.25,92.13,90.15,0.0644,91.34,1.53,79.95,4.16,96.0
Alibaba,eu-west-1,AI,8,32,100,8597,99.999,99.96,34.9,47.44,8146.5,0.528,96.07,91.51,88.47,0.112,93.5,0.436,70.04,3.98,99.17
Alibaba,eu-west-1,AI,8,64,1000,9576,99.963,99.59,39.89,46.52,8380.27,0.394,97.03,92.98,85.2,0.0833,95.14,0.36,85.57,3.96,98.86
Alibaba,eu-west-1,Compute,16,128,500,1358,99.818,100,34.53,47.59,1194.72,0.302,94.04,89.79,84.92,0.0817,77.85,1.807,91.16,3.92,93.63
Alibaba,eu-west-1,Compute,16,128,50,9933,99.854,100,35.08,46.99,8596.79,0.365,90.92,90.71,87.59,0.0689,100,1.304,86.93,4.28,96.76
Alibaba,eu-west-1,Networking,4,16,2000,1296,99.932,100,32.22,43.54,1039.0,0.23,96.02,95.68,84.99,0.0869,90.22,0.672,83.59,4.23,97.9
Alibaba,eu-west-1,Networking,4,32,50,3860,99.999,99.45,27.54,35.12,3341.74,0.391,94.8,92.03,79.71,0.0753,91.34,0.253,75.34,4.19,97.98
Alibaba,eu-west-1,Database,64,128,2000,3868,99.929,100,30.09,36.31,3366.85,0.307,93.9,91.0,87.03,0.0997,81.44,0.862,89.84,4.38,96.56
Alibaba,eu-west-1,Database,64,256,1000,7152,99.808,99.61,31.93,44.93,6410.42,0.503,93.19,90.34,85.88,0.0785,83.21,1.975,65.03,4.26,93.88
Alibaba,eu-west-1,AI,4,8,50,2409,99.883,99.54,26.31,38.53,2220.93,0.314,97.92,94.08,86.06,0.0628,86.22,1.326,79.81,4.25,96.89
Alibaba,eu-west-1,AI,64,128,2000,8284,99.912,99.72,32.3,39.82,7664.72,0.253,93.22,93.07,85.3,0.0752,100,0.866,70.77,4.09,97.92
Alibaba,eu-west-1,Networking,2,8,100,7583,99.876,99.88,38.02,47.12,6569.56,0.406,93.48,92.19,90.09,0.1026,89.37,1.408,79.23,3.93,96.19
Alibaba,eu-west-1,Compute,2,8,1000,5983,99.785,99.58,36.24,49.27,5277.91,0.415,92.85,90.82,84.97,0.1004,87.05,2.057,86.98,4.12,93.66
Alibaba,eu-west-1,Kubernetes,2,8,250,8216,99.97,100,42.6,53.86,6673.36,0.344,92.14,91.47,86.48,0.0827,99.85,0.684,78.77,3.72,97.77
Alibaba,eu-west-1,Compute,2,4,500,6439,99.932,100,38.84,48.6,5226.7,0.453,94.72,91.98,86.1,0.0897,85.28,0.609,89.0,3.98,97.06
Alibaba,eu-west-1,Storage,2,8,250,6300,99.912,100,37.92,40.74,5276.25,0.367,98.52,97.49,85.17,0.0968,85.09,0.884,82.04,4.13,97.16
Alibaba,eu-west-1,Networking,8,16,250,6494,99.881,100,33.87,39.89,5129.53,0.438,95.16,93.35,81.11,0.0972,91.2,1.148,78.18,4.09,96.11
Alibaba,eu-west-1,Storage,4,16,100,1536,99.889,99.42,35.86,45.83,1192.27,0.375,94.37,93.16,85.73,0.0825,97.32,1.299,79.38,4.03,96.8
Alibaba,eu-west-1,Networking,32,128,250,3806,99.866,99.49,26.99,32.64,2959.57,0.213,97.75,95.32,80.91,0.0647,83.49,1.084,76.33,4.49,96.22
Alibaba,eu-west-1,Compute,16,64,1000,9012,99.939,99.91,40.62,48.17,6422.29,0.543,94.19,91.08,91.53,0.0674,93.46,0.752,75.85,4.08,98.26
Alibaba,eu-central-1,Database,64,128,50,9387,99.806,99.57,39.34,48.09,6998.34,0.128,95.25,91.85,91.17,0.0967,81.43,1.858,64.15,3.84,94.81
Alibaba,eu-central-1,AI,4,16,100,5023,99.757,99.48,33.86,46.57,3718.21,0.337,92.76,92.12,76.66,0.095,97.7,2.015,78.96,4.15,93.64
Alibaba,eu-central-1,Compute,64,512,100,9169,99.895,99.74,34.19,45.76,7058.92,0.305,95.14,90.21,87.86,0.0925,89.31,0.932,74.22,4.18,97.37
Alibaba,eu-central-1,AI,32,64,1000,9045,99.921,100,33.37,44.76,8121.46,0.385,92.78,92.42,83.12,0.1222,86.92,0.693,82.87,4.13,96.46
Alibaba,eu-central-1,Database,4,8,250,2332,99.862,100,35.09,48.77,2059.98,0.268,94.39,94.37,86.3,0.0914,86.22,1.143,85.92,4.19,96.18
Alibaba,eu-central-1,Database,8,16,1000,9889,99.848,99.93,36.31,41.09,8882.22,0.275,92.26,88.21,92.43,0.0982,86.3,1.51,77.2,4.16,95.86
Alibaba,eu-central-1,Kubernetes,32,128,100,7180,99.911,100,30.24,42.53,5211.43,0.302,93.25,90.77,81.03,0.0863,96.5,0.866,74.57,4.24,97.04
Alibaba,eu-central-1,Storage,64,128,2000,8794,99.858,99.41,33.74,44.98,8452.14,0.304,94.73,91.87,85.93,0.0835,88.33,1.599,76.71,4.17,95.43
Alibaba,eu-central-1,Database,32,64,500,4826,99.867,99.71,33.39,37.81,4621.14,0.347,92.89,88.25,87.73,0.0999,95.75,1.501,78.99,4.31,96.38
Alibaba,eu-central-1,Kubernetes,64,512,1000,3677,99.899,100,29.13,34.46,2892.71,0.097,94.36,90.06,87.05,0.0919,94.85,1.04,79.42,4.23,97.74
Alibaba,eu-central-1,AI,16,128,100,2755,99.919,100,30.0,40.94,2047.8,0.342,96.73,95.66,84.58,0.1092,96.47,0.92,66.96,4.4,98.23
Alibaba,eu-central-1,Kubernetes,8,32,100,7090,99.874,99.44,41.05,46.95,6151.53,0.415,89.58,87.43,86.42,0.0579,75.97,1.4,80.85,3.94,93.17
Alibaba,eu-central-1,Kubernetes,2,8,1000,5872,99.902,99.39,33.87,48.85,4443.15,0.294,93.62,88.62,84.07,0.0854,83.5,1.043,88.59,3.95,95.57
Alibaba,eu-central-1,Compute,8,16,100,4382,99.885,99.51,34.88,38.03,3544.44,0.361,96.54,92.91,89.81,0.1048,90.76,1.298,74.0,4.09,97.28
Alibaba,eu-central-1,Kubernetes,64,256,2000,5638,99.78,99.75,29.64,40.86,5111.81,0.374,93.96,92.73,81.08,0.0967,91.95,2.047,80.92,4.17,94.19
Alibaba,eu-central-1,Compute,4,32,500,5612,99.852,100,32.85,41.19,4556.55,0.224,92.36,92.0,87.53,0.1061,94.91,1.466,77.51,3.97,96.3
Alibaba,eu-central-1,Compute,32,128,100,9199,99.942,99.83,34.74,43.13,7841.57,0.316,94.84,91.44,89.05,0.0979,96.5,0.527,75.26,4.3,99.1
Alibaba,eu-central-1,Kubernetes,2,4,100,1841,99.849,99.83,38.22,45.58,1288.81,0.348,91.52,90.21,90.88,0.0901,84.29,1.332,80.43,3.9,95.5
Alibaba,eu-central-1,Kubernetes,2,8,250,7641,99.877,100,33.26,42.68,7144.25,0.478,96.28,93.62,85.47,0.104,89.33,1.027,73.92,4.13,97.12
Alibaba,eu-central-1,Storage,64,128,500,7507,99.886,99.65,34.99,46.89,6674.95,0.482,92.7,91.84,89.64,0.0715,91.47,1.143,82.33,4.12,96.86
Alibaba,eu-central-1,Kubernetes,8,32,1000,7783,99.957,100,38.67,48.71,6855.03,0.289,95.6,95.01,89.46,0.1094,86.07,0.425,77.02,3.84,98.27
Alibaba,eu-central-1,Networking,64,256,100,3096,99.868,99.69,26.27,32.69,2171.19,0.365,92.47,89.04,85.34,0.1032,80.7,1.311,92.7,4.38,95.11
Alibaba,eu-central-1,Storage,32,128,100,5781,99.734,99.54,33.93,43.61,4821.8,0.448,98.22,93.26,80.08,0.1074,86.49,2.546,79.05,4.27,93.03
Alibaba,eu-central-1,Kubernetes,4,16,500,8173,99.823,99.61,27.04,40.37,7472.25,0.211,92.9,89.19,88.42,0.1098,94.67,1.547,79.54,4.46,96.59
Alibaba,eu-central-1,AI,64,128,250,5893,99.93,99.69,27.9,41.13,4518.82,0.411,93.78,93.66,80.8,0.0932,87.42,0.886,76.58,4.28,96.2
Alibaba,eu-central-1,AI,64,256,2000,8688,99.847,99.28,31.76,34.11,6633.79,0.254,94.64,90.31,84.11,0.0863,86.28,1.447,87.17,4.26,95.31
Alibaba,eu-central-1,Compute,4,8,2000,8843,99.845,99.52,36.93,44.22,6656.81,0.36,96.41,92.93,84.5,0.0733,89.08,1.431,81.31,4.05,95.84
Alibaba,eu-central-1,Storage,8,16,250,121,99.871,99.79,30.11,32.49,100,0.378,95.32,93.29,85.85,0.078,80.26,1.082,84.48,4.23,96.04
Alibaba,eu-central-1,Kubernetes,4,16,500,7755,99.87,99.41,38.14,45.26,6930.36,0.629,95.37,91.08,85.9,0.0925,90.82,1.258,68.89,3.97,96.31
Alibaba,eu-central-1,Compute,8,16,250,9842,99.89,99.77,35.06,37.97,9520.95,0.186,96.79,94.61,83.47,0.0853,90.93,1.318,71.12,4.06,96.34
Alibaba,eu-central-1,Kubernetes,16,64,1000,4398,99.833,100,31.57,46.52,3775.33,0.197,94.85,93.59,86.69,0.0971,90.29,1.764,71.72,4.31,95.64
Alibaba,eu-central-1,Compute,32,256,100,5693,99.97,99.9,35.04,39.43,4533.35,0.357,94.03,92.01,81.71,0.1118,88.79,0.256,74.92,4.27,97.53
Alibaba,eu-central-1,Compute,64,512,1000,2061,99.943,99.94,32.05,45.27,1580.71,0.276,95.62,94.35,79.35,0.0695,94.18,0.74,66.77,4.01,97.2
Alibaba,eu-central-1,Kubernetes,64,512,100,4170,99.763,99.92,34.1,46.22,3439.63,0.263,91.03,87.89,89.98,0.0782,86.0,1.901,83.21,3.98,94.45
Alibaba,eu-central-1,Database,8,16,500,686,99.94,99.86,32.95,41.85,626.44,0.294,97.55,96.41,83.7,0.0734,88.25,0.616,80.79,4.2,97.87
Alibaba,eu-central-1,Storage,64,256,2000,218,99.949,99.59,27.95,37.94,190.46,0.16,95.7,91.61,86.47,0.0772,85.28,0.501,76.91,4.14,98.07
Alibaba,eu-central-1,Networking,64,128,500,8168,99.878,100,30.45,45.37,7145.11,0.42,91.21,86.71,79.57,0.0883,87.7,1.417,78.87,4.05,94.27
Alibaba,eu-central-1,Kubernetes,2,8,2000,6190,99.791,99.23,37.03,49.19,5762.63,0.449,93.12,88.56,89.44,0.1166,92.6,1.732,89.95,3.97,95.6
Alibaba,eu-central-1,Compute,16,32,100,449,99.97,100,32.12,39.32,335.06,0.326,95.5,93.3,91.84,0.0994,90.08,0.373,84.15,4.07,99.5
Alibaba,eu-central-1,Networking,4,32,500,3515,99.89,99.49,33.58,38.38,2604.16,0.471,94.16,92.7,85.35,0.0741,89.78,1.158,76.21,4.07,96.33
Alibaba,ap-south-1,AI,16,128,100,1008,99.848,99.47,41.74,56.32,926.24,0.489,92.6,89.05,86.45,0.0883,95.05,1.671,73.54,3.75,95.2
Alibaba,ap-south-1,Kubernetes,16,32,1000,8708,99.907,99.45,33.18,38.25,8121.84,0.259,93.41,92.62,89.97,0.067,91.49,1.162,75.57,4.01,97.09
Alibaba,ap-south-1,AI,8,16,1000,5916,99.895,99.63,32.66,40.73,4709.86,0.392,91.59,87.97,83.93,0.0937,88.94,1.046,79.08,4.36,95.78
Alibaba,ap-south-1,AI,2,16,500,5479,99.902,100,31.42,37.82,4605.13,0.2,94.18,92.78,88.92,0.0708,84.02,1.197,88.68,4.12,96.41
Alibaba,ap-south-1,AI,32,64,2000,4282,99.861,99.96,40.13,54.26,3046.64,0.422,95.67,93.91,85.65,0.0798,88.04,1.316,80.61,3.78,95.9
Alibaba,ap-south-1,Storage,32,64,50,8419,99.881,99.86,31.86,39.67,6252.89,0.236,90.76,89.4,87.01,0.1011,81.63,1.369,82.09,4.12,94.72
Alibaba,ap-south-1,Networking,4,32,500,2531,99.929,99.69,28.75,38.75,2347.31,0.289,95.52,93.86,90.04,0.088,91.56,0.579,87.51,4.38,99.06
Alibaba,ap-south-1,Kubernetes,64,256,500,4444,99.965,99.73,30.36,39.69,3242.1,0.244,92.75,91.98,86.89,0.1218,85.13,0.672,82.34,4.08,97.04
Alibaba,ap-south-1,Compute,16,64,250,441,99.862,100,35.45,39.37,327.82,0.364,91.69,86.98,84.29,0.0827,96.95,1.347,88.75,4.2,95.97
Alibaba,ap-south-1,Networking,16,128,50,1015,99.813,99.4,42.62,49.24,806.1,0.431,95.45,93.27,88.48,0.1226,86.92,1.981,93.36,3.66,94.55
Alibaba,ap-south-1,Storage,4,8,250,8024,99.849,99.34,26.46,38.63,6548.32,0.137,99.97,96.25,85.78,0.0896,90.73,1.387,69.88,4.56,97.58
Alibaba,ap-south-1,Compute,2,8,50,6171,99.944,99.39,30.79,42.12,5285.85,0.312,94.23,92.31,84.68,0.0814,94.95,0.677,88.4,4.34,97.94
Alibaba,ap-south-1,Storage,64,512,500,690,99.757,99.71,32.53,42.93,653.66,0.45,95.63,91.68,85.61,0.0862,92.52,1.96,77.83,4.23,95.33
Alibaba,ap-south-1,Networking,4,8,100,6750,99.877,100,35.01,46.21,6063.43,0.286,91.85,91.64,81.51,0.0628,92.39,1.453,73.64,4.08,94.89
Alibaba,ap-south-1,Compute,16,128,100,1128,99.816,99.96,31.98,40.74,956.43,0.271,92.13,90.11,92.94,0.1186,92.88,1.851,78.34,4.35,96.11
Alibaba,ap-south-1,Storage,32,64,250,8496,99.87,99.53,31.57,39.82,6390.5,0.326,94.69,90.45,82.81,0.0821,86.08,1.115,77.65,4.14,95.85
Alibaba,ap-south-1,Database,16,128,500,6759,99.884,99.6,39.36,48.5,5963.72,0.243,94.98,92.14,85.48,0.0863,86.84,1.147,71.26,4.03,95.95
Alibaba,ap-south-1,AI,16,128,100,9423,99.846,99.87,31.58,38.83,6838.44,0.231,94.54,89.83,90.82,0.0708,93.81,1.555,82.08,4.41,97.02
Alibaba,ap-south-1,Networking,32,128,250,9752,99.84,99.39,36.68,40.26,9546.04,0.116,94.45,90.55,85.08,0.0713,92.49,1.772,75.57,3.85,95.15
Alibaba,ap-south-1,AI,4,16,500,9278,99.848,99.45,34.15,45.34,6630.86,0.271,95.87,92.31,86.44,0.1074,91.62,1.603,68.45,4.05,96.07
Alibaba,ap-south-1,AI,8,32,1000,4107,99.917,99.98,35.0,48.87,3254.04,0.218,94.47,91.21,83.7,0.076,82.72,0.825,81.47,3.98,96.1
Alibaba,ap-south-1,Compute,16,128,2000,134,99.924,99.59,35.24,45.53,100,0.331,91.46,86.76,79.34,0.0834,93.27,0.848,93.07,4.23,95.77
Alibaba,ap-south-1,Database,8,32,50,4283,99.926,99.78,33.12,35.92,4056.8,0.35,96.37,94.16,84.21,0.0984,89.28,0.671,84.66,4.34,97.67
Alibaba,ap-south-1,Storage,2,16,1000,1618,99.825,99.54,31.87,39.18,1436.44,0.219,94.16,89.9,81.47,0.0843,94.34,1.715,71.9,4.01,95.11
Alibaba,ap-south-1,Networking,4,32,1000,8303,99.918,99.53,30.65,43.75,6796.24,0.29,93.78,92.38,84.03,0.0898,88.54,0.989,79.68,4.43,96.43
Alibaba,ap-south-1,Storage,32,256,50,8145,99.926,100,35.02,42.99,5990.93,0.419,94.8,91.9,87.16,0.1055,78.99,1.013,74.76,4.17,95.93
Alibaba,ap-south-1,Database,16,32,2000,3052,99.839,99.24,38.48,44.59,2218.17,0.447,94.26,89.55,87.62,0.0924,88.64,1.781,70.32,3.89,94.97
Alibaba,ap-south-1,Storage,2,4,50,7114,99.94,99.8,36.5,43.72,5284.85,0.407,93.16,92.15,84.95,0.106,98.77,0.777,78.67,3.86,97.71
Alibaba,ap-south-1,Storage,2,8,100,1454,99.838,100,31.25,38.59,1119.14,0.401,95.36,93.36,87.61,0.0873,90.95,1.493,85.36,4.42,96.55
Alibaba,ap-south-1,Networking,8,32,250,5535,99.852,99.37,37.55,44.82,5331.59,0.493,93.98,90.36,83.23,0.0918,87.21,1.626,95.22,3.85,94.46
Alibaba,ap-south-1,Storage,16,128,500,782,99.877,99.88,34.13,38.44,648.64,0.375,95.65,91.3,86.53,0.0528,92.67,1.335,85.92,4.18,96.79
Alibaba,ap-south-1,Networking,32,64,2000,3890,99.98,100,34.84,40.99,3019.96,0.322,95.23,91.14,89.89,0.0852,86.75,0.205,76.62,3.96,99.0
Alibaba,ap-south-1,Database,32,64,50,2523,99.873,99.31,37.98,48.15,1953.35,0.38,93.82,93.11,80.75,0.1009,83.49,1.356,89.41,3.84,94.19
Alibaba,ap-south-1,Storage,64,256,1000,8364,99.923,99.33,34.71,46.78,5971.67,0.362,94.33,90.51,88.41,0.0929,95.12,0.98,69.74,4.03,97.71
Alibaba,ap-south-1,Compute,16,128,50,147,99.825,99.69,31.66,36.7,114.5,0.063,96.82,96.34,91.14,0.0681,91.49,1.865,84.71,4.23,96.61
Alibaba,ap-south-1,Kubernetes,4,16,2000,2879,99.808,99.75,32.07,42.23,2664.22,0.467,91.85,87.65,80.87,0.0949,91.0,1.815,77.9,4.25,93.98
Alibaba,ap-south-1,AI,8,16,250,10000,99.982,100,39.51,41.9,7662.91,0.347,97.02,93.42,82.42,0.0762,89.1,0.494,71.25,3.91,97.59
Alibaba,ap-south-1,Database,4,8,2000,1306,99.846,99.95,34.21,42.95,1239.42,0.315,93.92,91.99,89.43,0.0781,94.22,1.592,81.6,3.93,96.51
Alibaba,ap-south-1,Networking,4,32,250,9454,99.908,99.32,41.33,56.21,7854.23,0.313,95.55,94.65,80.97,0.0849,90.16,1.168,71.57,3.92,95.52
Alibaba,ap-south-1,Compute,64,128,500,1913,99.799,99.76,30.4,43.19,1559.07,0.322,94.87,94.54,77.72,0.0876,81.01,1.935,68.03,4.16,92.9
Alibaba,ap-southeast-1,Networking,32,64,500,152,99.864,99.95,33.21,36.09,118.25,0.167,95.26,94.58,83.6,0.0741,91.0,1.322,76.33,4.22,96.16
Alibaba,ap-southeast-1,AI,64,512,1000,7666,99.823,99.33,35.02,44.67,6430.35,0.427,93.21,88.41,86.74,0.1086,91.73,1.481,75.55,3.99,95.76
Alibaba,ap-southeast-1,Storage,16,64,500,561,99.933,99.37,33.02,44.06,492.56,0.422,96.04,95.21,85.32,0.0658,94.34,0.815,88.56,4.32,97.95
Alibaba,ap-southeast-1,Kubernetes,8,32,100,9421,99.947,100,31.61,41.54,8697.3,0.295,95.79,93.67,80.8,0.0735,91.42,0.596,86.97,4.25,97.51
Alibaba,ap-southeast-1,AI,4,16,1000,2076,99.803,99.82,31.96,46.23,1738.06,0.2,92.59,88.28,86.08,0.0742,91.12,1.716,73.53,4.27,95.19
Alibaba,ap-southeast-1,Kubernetes,8,16,1000,3953,99.833,100,37.9,41.78,3420.42,0.38,95.17,91.69,84.12,0.0989,91.61,1.358,72.96,4.14,95.96
Alibaba,ap-southeast-1,Networking,2,16,50,9415,99.822,99.54,36.55,41.32,7089.13,0.263,94.21,93.13,89.3,0.095,84.32,1.464,77.49,3.93,95.58
Alibaba,ap-southeast-1,AI,16,64,100,3957,99.859,99.37,37.15,47.93,3239.15,0.397,95.47,92.95,87.43,0.0845,88.96,1.52,74.31,3.89,95.87
Alibaba,ap-southeast-1,Kubernetes,4,16,2000,6135,99.906,99.31,36.01,40.89,5966.87,0.377,91.94,87.41,84.45,0.1118,91.32,0.972,80.31,3.99,96.12
Alibaba,ap-southeast-1,AI,8,64,2000,1008,99.828,99.53,43.49,56.48,901.11,0.32,93.75,93.13,86.11,0.1025,91.86,1.419,78.32,3.88,95.5
Alibaba,ap-southeast-1,Storage,64,128,50,5513,99.867,99.97,34.03,36.68,4766.16,0.43,97.44,95.53,84.04,0.1054,91.9,1.197,73.98,3.94,97.0
Alibaba,ap-southeast-1,Database,32,128,100,3368,99.835,99.51,32.11,34.17,2713.66,0.373,93.85,90.99,83.05,0.0705,90.84,1.583,81.19,4.03,95.18
Alibaba,ap-southeast-1,Networking,2,4,2000,1205,99.908,99.31,34.22,44.31,1007.74,0.341,94.62,90.02,82.6,0.0683,87.61,0.911,86.37,4.12,96.23
Alibaba,ap-southeast-1,Storage,32,128,1000,1961,99.886,99.92,36.27,44.1,1838.06,0.311,94.42,91.91,84.38,0.0979,94.15,1.385,84.29,4.06,96.14
Alibaba,ap-southeast-1,Compute,8,32,250,6581,99.901,99.62,34.58,48.0,6408.25,0.182,95.45,93.78,89.02,0.0945,98.72,0.874,76.91,3.95,98.69
Alibaba,ap-southeast-1,AI,4,16,2000,4206,99.899,99.59,28.62,34.31,3763.59,0.333,96.13,94.9,87.79,0.1045,83.58,1.056,79.03,4.49,96.97
Alibaba,ap-southeast-1,Networking,8,32,500,912,99.877,99.39,32.73,41.56,651.35,0.386,96.49,92.62,79.38,0.0975,92.09,1.476,81.18,4.27,95.48
Alibaba,ap-southeast-1,Storage,2,16,100,107,99.906,99.39,32.74,39.72,100,0.227,92.33,89.01,86.24,0.0575,86.66,0.776,78.52,4.27,96.59
Alibaba,ap-southeast-1,Database,4,32,100,7222,99.817,99.54,38.07,47.83,5080.34,0.102,92.99,89.2,85.06,0.1045,94.67,1.925,86.44,4.16,94.69
Alibaba,ap-southeast-1,Compute,64,256,1000,2892,99.809,99.49,31.49,35.7,2168.28,0.359,95.87,95.36,82.2,0.0759,84.55,1.939,68.09,4.31,94.09
Alibaba,ap-southeast-1,Networking,8,16,250,212,99.88,99.6,31.21,44.92,178.87,0.211,92.57,91.73,89.57,0.0903,88.02,1.249,83.04,4.36,96.42
Alibaba,ap-southeast-1,Kubernetes,2,4,500,5047,99.902,99.67,32.54,38.53,4408.04,0.24,88.92,86.96,85.9,0.0956,89.74,1.092,79.31,4.17,95.54
Alibaba,ap-southeast-1,AI,4,32,50,4151,99.851,100,30.24,44.11,3682.13,0.536,93.59,92.97,83.69,0.1147,97.06,1.348,75.85,4.17,96.56
Alibaba,ap-southeast-1,Storage,64,128,50,1711,99.902,99.85,38.5,51.27,1620.57,0.404,96.47,95.02,88.77,0.0738,100,1.051,94.75,3.89,98.46
Alibaba,ap-southeast-1,Compute,64,512,250,6564,99.903,100,37.55,41.61,6126.95,0.119,92.18,87.34,77.84,0.1056,100,1.274,84.03,4.04,95.43
Alibaba,ap-southeast-1,AI,16,64,500,585,99.87,100,36.0,50.13,559.99,0.461,94.02,90.49,94.93,0.0582,84.17,1.371,76.59,4.15,96.72
Alibaba,ap-southeast-1,AI,64,256,500,2296,99.929,100,35.98,38.66,1824.52,0.412,94.11,90.15,80.44,0.0926,91.32,0.692,88.91,3.95,96.65
Alibaba,ap-southeast-1,Networking,64,256,100,4747,99.907,99.98,27.1,32.87,3505.75,0.253,93.91,91.25,89.15,0.0804,82.59,0.777,74.24,4.23,97.35
Alibaba,ap-southeast-1,Networking,64,512,100,9617,99.806,100,32.05,36.25,7323.04,0.221,90.13,86.89,81.47,0.0714,84.95,2.013,72.72,4.21,92.7
Alibaba,ap-southeast-1,Kubernetes,16,128,50,7933,99.941,99.94,29.66,36.24,5641.35,0.383,94.21,91.61,91.56,0.0873,86.41,0.927,77.98,4.45,97.74
Alibaba,ap-southeast-1,Database,64,512,1000,3165,99.847,99.74,28.84,31.58,2497.97,0.245,90.14,86.87,89.11,0.107,91.88,1.229,73.2,4.28,96.43
Alibaba,ap-southeast-1,AI,32,128,2000,9567,99.811,100,29.5,38.06,7767.06,0.317,91.06,89.87,82.76,0.0594,94.37,1.86,85.01,4.34,94.55
Alibaba,ap-southeast-1,Networking,8,64,250,5981,99.875,99.34,36.41,40.96,5694.29,0.286,94.2,92.56,84.65,0.1091,91.23,1.426,77.83,4.17,95.64
Alibaba,ap-southeast-1,Kubernetes,8,16,2000,1730,99.931,99.34,34.67,47.85,1360.5,0.403,94.43,90.76,87.35,0.0706,98.33,1.02,85.91,4.21,97.83
Alibaba,ap-southeast-1,Compute,4,16,100,2404,99.882,100,36.14,48.67,2265.84,0.244,100,99.01,86.29,0.0806,85.87,1.377,78.18,3.93,96.78
Alibaba,ap-southeast-1,Compute,4,32,50,7331,99.962,100,36.74,48.49,6212.08,0.252,95.92,92.21,82.65,0.0974,84.25,0.482,78.6,3.91,97.05
Alibaba,ap-southeast-1,Storage,4,16,2000,5296,99.93,99.43,32.65,35.57,4830.36,0.142,94.74,89.78,86.07,0.0919,87.15,0.716,87.39,4.22,97.27
Alibaba,ap-southeast-1,Compute,2,8,2000,5577,99.893,99.59,28.82,41.41,4308.99,0.3,93.61,90.09,85.39,0.0829,89.94,1.123,89.08,4.23,96.58
Alibaba,ap-southeast-1,Database,4,8,1000,2607,99.854,99.7,39.9,48.63,1842.23,0.425,96.62,94.27,86.48,0.0806,92.72,1.657,81.03,3.83,95.98
Alibaba,ap-southeast-1,Compute,32,256,1000,7935,99.943,99.65,28.01,32.45,6020.24,0.294,92.62,91.59,86.44,0.0994,90.1,0.608,84.89,4.51,97.7
Alibaba,sa-east-1,Storage,2,8,500,131,99.945,100,36.26,42.6,100,0.428,93.04,89.43,87.88,0.0898,88.84,0.817,89.11,4.21,97.07
Alibaba,sa-east-1,Kubernetes,32,128,500,7706,99.894,100,35.23,47.64,6209.31,0.383,94.25,91.48,81.36,0.0745,78.12,1.145,89.29,4.1,94.52
Alibaba,sa-east-1,Database,64,256,250,1141,99.892,100,38.48,47.46,1008.37,0.433,91.53,88.31,87.5,0.0946,86.91,1.134,86.89,4.09,95.69
Alibaba,sa-east-1,Networking,8,16,1000,4243,99.846,99.8,39.95,50.34,3457.06,0.212,94.67,94.1,85.65,0.0738,86.87,1.631,77.22,3.75,94.89
Alibaba,sa-east-1,Database,16,64,2000,756,99.881,99.92,39.67,48.3,551.84,0.526,94.79,89.87,82.2,0.1049,88.7,1.263,80.43,4.09,95.38
Alibaba,sa-east-1,Compute,8,32,1000,3232,99.887,99.3,28.74,31.14,2667.87,0.247,90.14,85.66,83.67,0.0865,88.99,1.108,89.73,4.12,95.47
Alibaba,sa-east-1,Networking,8,16,500,9257,99.862,100,31.86,38.39,8260.01,0.232,94.34,92.93,89.74,0.0957,94.31,1.27,89.86,4.04,97.46
Alibaba,sa-east-1,Storage,32,256,500,7571,99.752,99.95,36.09,50.15,7153.59,0.186,93.31,88.44,84.72,0.0862,82.1,2.069,80.12,4.25,93.23
Alibaba,sa-east-1,Compute,64,512,50,4642,99.963,99.85,34.91,38.53,3652.79,0.351,91.5,89.67,84.88,0.0603,94.39,0.381,75.55,4.19,97.82
Alibaba,sa-east-1,Compute,64,256,1000,7104,99.863,99.96,34.9,42.53,5805.12,0.403,92.48,90.0,85.48,0.084,100,1.484,74.27,4.27,96.39
Alibaba,sa-east-1,AI,2,16,500,7738,99.886,99.59,31.15,36.86,5756.83,0.281,94.11,92.89,86.21,0.101,88.81,1.055,75.52,4.22,96.71
Alibaba,sa-east-1,Database,16,128,250,9942,99.908,99.9,28.41,40.78,9060.48,0.262,97.58,95.37,85.21,0.0551,89.02,0.847,79.18,4.29,97.94
Alibaba,sa-east-1,Database,16,128,100,4746,99.84,99.49,34.67,39.16,4023.05,0.531,89.07,87.85,90.31,0.0588,96.18,1.326,85.31,4.04,96.29
Alibaba,sa-east-1,Networking,2,16,50,2820,99.815,99.57,35.21,40.74,2682.69,0.332,92.71,88.5,86.1,0.1054,90.82,1.935,73.32,4.17,94.52
Alibaba,sa-east-1,Storage,8,16,500,2362,99.839,99.27,41.49,47.86,2097.67,0.426,96.45,91.85,87.12,0.1011,92.71,1.34,83.8,3.89,96.55
Alibaba,sa-east-1,Storage,64,256,2000,9652,99.905,99.96,40.71,51.49,7730.62,0.434,92.73,88.09,86.86,0.0817,85.82,0.892,89.4,3.96,96.11
Alibaba,sa-east-1,Database,32,128,2000,2329,99.859,99.4,37.85,43.91,1710.96,0.162,91.52,90.17,90.16,0.0839,87.04,1.512,80.66,4.09,95.25
Alibaba,sa-east-1,Database,8,16,500,5289,99.852,99.56,33.49,36.27,4487.14,0.309,95.57,91.31,81.87,0.0953,84.71,1.239,90.54,4.3,95.38
Alibaba,sa-east-1,Networking,32,128,1000,3868,99.907,100,29.74,39.91,3458.87,0.453,95.15,93.46,84.46,0.0901,95.32,1.179,78.17,4.28,97.22
Alibaba,sa-east-1,AI,32,64,1000,7490,99.897,99.58,30.47,37.12,6896.35,0.402,93.3,90.89,80.06,0.0796,84.45,0.965,86.53,4.35,95.34
Alibaba,sa-east-1,Kubernetes,4,8,250,7098,99.877,99.95,35.29,43.93,5832.66,0.26,93.37,88.57,88.42,0.1008,95.1,1.054,76.24,4.21,97.41
Alibaba,sa-east-1,Kubernetes,32,64,1000,5861,99.962,99.72,29.42,33.24,5174.69,0.198,94.25,93.47,88.72,0.077,89.09,0.314,82.06,4.41,98.86
Alibaba,sa-east-1,Kubernetes,2,4,500,1090,99.742,99.28,28.49,38.71,1023.77,0.307,96.53,94.54,84.48,0.0624,91.25,2.194,73.78,4.48,94.86
Alibaba,sa-east-1,Kubernetes,8,16,50,6559,99.885,99.79,31.23,42.07,5274.0,0.269,92.7,89.53,84.25,0.0829,88.1,1.264,65.7,4.05,95.62
Alibaba,sa-east-1,Kubernetes,32,256,250,2644,99.865,99.96,31.26,36.7,1918.03,0.392,93.64,92.11,82.77,0.0756,100,1.284,87.5,4.28,96.81
Alibaba,sa-east-1,Storage,64,512,50,2939,99.849,99.38,34.83,46.29,2147.16,0.328,96.0,93.36,83.61,0.108,96.35,1.538,85.57,3.94,96.24
Alibaba,sa-east-1,Storage,4,32,100,6557,99.952,100,27.26,39.86,5463.44,0.355,94.17,93.96,87.84,0.1042,86.0,0.74,73.19,4.52,97.64
Alibaba,sa-east-1,AI,32,128,100,8368,99.902,99.95,34.98,48.28,5894.87,0.404,93.77,91.38,86.07,0.0777,87.09,0.846,77.65,4.16,96.74
Alibaba,sa-east-1,Storage,64,128,500,6981,99.791,99.38,34.43,39.88,5243.55,0.282,94.37,89.97,84.14,0.0669,97.07,2.126,82.22,4.11,94.83
Alibaba,sa-east-1,AI,32,128,2000,9577,99.916,99.94,40.89,42.91,7628.27,0.462,94.78,90.31,86.42,0.0834,93.32,0.893,88.88,3.95,97.25
Alibaba,sa-east-1,Compute,64,256,250,3648,99.893,99.75,32.93,35.28,3475.56,0.281,91.62,91.29,86.22,0.0952,87.63,0.945,90.74,3.97,96.23
Alibaba,sa-east-1,Networking,16,128,100,3916,99.785,99.7,35.6,43.79,3733.03,0.398,98.5,94.79,86.97,0.1033,86.07,1.819,95.78,4.22,95.62
Alibaba,sa-east-1,Database,16,128,250,539,99.829,100,33.34,37.3,485.39,0.368,92.72,88.36,86.0,0.1037,85.28,1.381,85.75,4.05,95.26
Alibaba,sa-east-1,Kubernetes,8,16,100,9868,99.958,99.87,33.84,38.57,8483.18,0.346,95.62,91.15,84.42,0.0931,79.89,0.746,74.56,4.15,96.38
Alibaba,sa-east-1,Compute,32,64,100,2841,99.91,99.48,40.98,54.21,2426.85,0.237,93.85,92.17,84.72,0.0783,91.82,1.16,81.36,3.72,95.99
Alibaba,sa-east-1,Kubernetes,2,8,1000,9049,99.816,99.31,36.69,47.56,7640.87,0.384,96.66,93.78,83.39,0.1008,89.62,1.642,77.43,3.91,95.3
Alibaba,sa-east-1,Networking,4,8,500,6855,99.826,99.53,29.83,36.24,5044.06,0.345,96.42,95.75,88.86,0.0878,96.03,1.663,84.21,4.25,97.14
Alibaba,sa-east-1,Kubernetes,8,16,2000,4347,99.903,99.73,32.76,46.83,3635.65,0.216,94.79,93.36,88.9,0.0649,96.23,1.075,90.55,4.07,97.96
Alibaba,sa-east-1,Compute,16,64,50,7335,99.809,99.52,31.93,43.49,6514.69,0.276,92.75,90.95,82.37,0.0959,81.03,1.958,79.69,4.1,93.03
Alibaba,sa-east-1,Compute,16,128,500,7599,99.793,99.67,25.42,30.49,5935.69,0.346,89.89,88.81,87.78,0.0939,87.5,1.949,83.18,4.39,94.34
Alibaba,me-central-1,AI,16,128,250,5938,99.85,99.29,29.18,34.39,5816.48,0.361,92.48,92.47,84.96,0.0828,88.85,1.671,77.22,4.36,94.93
Alibaba,me-central-1,Kubernetes,16,64,500,9601,99.903,100,37.83,50.67,8595.08,0.236,95.31,90.47,83.31,0.0919,88.71,1.162,75.97,4.07,95.99
Alibaba,me-central-1,Storage,2,4,250,6479,99.998,100,26.3,28.65,6329.48,0.306,91.71,88.83,87.87,0.0973,91.55,0.408,83.28,4.31,98.47
Alibaba,me-central-1,Storage,8,32,500,423,99.942,100,34.22,48.14,381.85,0.545,94.67,94.44,86.03,0.0962,97.08,0.868,92.69,4.22,97.99
Alibaba,me-central-1,Compute,64,256,250,3197,99.923,100,37.41,50.98,2626.12,0.447,96.54,92.52,85.08,0.093,82.24,0.921,86.94,4.2,96.38
Alibaba,me-central-1,Kubernetes,2,8,250,6282,99.913,100,35.89,38.55,4818.87,0.376,91.28,87.98,85.45,0.0823,85.61,0.837,83.81,4.12,95.94
Alibaba,me-central-1,Compute,2,16,2000,6351,99.888,99.61,42.76,49.41,5260.92,0.443,92.31,92.28,87.12,0.0851,90.27,1.135,91.19,3.87,95.86
Alibaba,me-central-1,Storage,32,64,250,8934,99.873,99.74,30.61,35.65,6939.35,0.212,96.52,94.01,86.2,0.1016,95.14,1.047,71.79,4.17,97.95
Alibaba,me-central-1,Networking,2,16,100,2334,99.89,99.75,36.7,49.63,2202.05,0.429,95.85,95.73,82.85,0.0807,94.48,1.341,81.81,3.86,96.28
Alibaba,me-central-1,Kubernetes,64,128,250,4574,99.917,99.78,33.01,41.29,4201.49,0.131,94.74,91.07,89.28,0.0759,86.53,0.849,78.0,4.25,97.46
Alibaba,me-central-1,Kubernetes,32,256,100,9549,99.9,100,34.92,45.41,8517.46,0.342,94.68,92.43,83.12,0.0786,82.78,1.049,90.06,4.01,95.59
Alibaba,me-central-1,AI,16,64,500,6556,99.925,99.51,35.08,48.13,4604.66,0.242,92.36,90.75,79.94,0.0903,91.76,0.673,77.86,4.07,96.26
Alibaba,me-central-1,AI,32,128,1000,2301,99.831,99.92,31.39,36.98,2252.45,0.231,91.23,88.46,86.5,0.1005,93.2,1.436,72.96,4.18,95.84
Alibaba,me-central-1,AI,16,128,100,8721,99.811,100,36.53,42.5,6189.44,0.282,91.59,90.36,88.35,0.0959,92.75,1.944,83.85,4.17,94.83
Alibaba,me-central-1,Database,64,128,1000,4016,99.881,99.62,34.8,43.41,2900.01,0.506,92.77,90.11,83.46,0.0902,92.23,1.29,74.22,4.03,95.67
Alibaba,me-central-1,Compute,4,32,500,1809,99.858,99.83,36.68,44.59,1475.02,0.293,94.19,91.92,86.61,0.0838,91.89,1.615,71.67,4.06,95.68
Alibaba,me-central-1,Kubernetes,64,128,250,5819,99.999,100,32.06,42.6,5562.28,0.134,95.71,92.83,88.54,0.0739,83.36,0.11,79.78,4.3,98.88
Alibaba,me-central-1,Networking,64,512,100,5457,99.927,100,32.65,42.23,3890.05,0.426,95.43,94.78,88.89,0.0848,82.68,0.643,84.7,4.19,97.63
Alibaba,me-central-1,Compute,4,32,100,6544,99.904,99.87,28.25,34.95,5564.17,0.362,96.16,93.99,88.78,0.0634,88.83,0.825,86.6,4.51,98.24
Alibaba,me-central-1,Database,4,32,500,1362,99.866,99.72,33.14,44.78,1253.39,0.188,94.67,89.89,81.95,0.0947,87.24,1.5,82.54,4.05,94.97
Alibaba,me-central-1,AI,64,128,1000,779,99.809,99.6,27.61,40.22,704.75,0.138,92.9,92.72,89.77,0.0948,91.58,1.892,76.26,4.23,95.72
Alibaba,me-central-1,Database,4,32,250,697,99.839,99.55,33.55,44.3,630.72,0.27,93.76,90.54,87.77,0.0831,93.61,1.332,87.58,4.14,96.66
Alibaba,me-central-1,AI,2,16,250,2715,99.976,100,37.12,39.76,2302.81,0.461,98.96,95.95,92.78,0.0996,91.13,0.33,80.08,4.21,100
Alibaba,me-central-1,Storage,64,512,1000,7728,99.919,99.55,34.48,36.79,5418.06,0.405,93.12,90.33,85.12,0.1102,90.45,0.96,75.65,3.94,96.53
Alibaba,me-central-1,Kubernetes,16,64,2000,3714,99.833,99.34,34.25,42.02,2867.32,0.257,94.27,91.49,87.93,0.0913,94.34,1.571,77.34,3.96,96.3
Alibaba,me-central-1,Storage,16,32,250,4147,99.802,100,30.55,34.88,3573.01,0.399,96.52,94.8,83.01,0.108,78.9,1.941,90.17,4.12,93.88
Alibaba,me-central-1,AI,64,128,1000,928,99.828,99.44,35.75,49.26,871.68,0.224,96.84,94.48,84.98,0.0772,84.24,1.629,85.79,3.94,95.12
Alibaba,me-central-1,Kubernetes,32,64,100,7471,99.947,100,31.02,36.17,5459.06,0.402,92.55,87.95,85.76,0.084,94.23,0.775,80.81,4.14,97.56
Alibaba,me-central-1,Storage,64,128,100,650,99.919,100,28.58,31.73,610.86,0.27,93.75,91.78,83.38,0.0978,93.75,0.649,76.13,4.43,97.77
Alibaba,me-central-1,Compute,64,512,500,9737,99.904,99.7,35.24,45.45,8697.14,0.508,96.64,91.85,85.43,0.09,99.1,1.003,74.74,4.11,98.12
Alibaba,me-central-1,Networking,64,512,500,9035,99.856,99.92,38.16,49.92,6467.13,0.437,96.65,92.16,85.02,0.1297,90.6,1.263,83.89,4.06,96.49
Alibaba,me-central-1,Kubernetes,16,128,500,7406,99.911,100,31.83,41.02,5950.79,0.221,93.54,92.09,87.78,0.0819,90.28,0.87,77.26,4.12,97.42
Alibaba,me-central-1,Database,8,64,2000,6868,99.918,99.63,30.14,41.87,6611.94,0.313,92.89,90.41,83.32,0.0896,94.85,1.025,82.25,4.07,96.77
Alibaba,me-central-1,Database,2,16,500,6586,99.835,100,32.34,39.65,5907.76,0.121,97.5,94.3,83.32,0.0798,90.69,1.714,88.44,4.21,95.77
Alibaba,me-central-1,Kubernetes,4,8,1000,6574,99.875,99.75,29.2,33.59,5775.13,0.402,92.51,90.81,88.04,0.0825,97.21,1.444,75.1,4.21,96.85
Alibaba,me-central-1,Compute,64,128,100,8040,99.868,100,34.74,39.52,5785.78,0.413,94.35,93.96,88.5,0.1066,88.73,1.149,84.49,4.25,96.79
Alibaba,me-central-1,Kubernetes,32,64,250,2534,99.828,99.8,44.3,51.1,1908.75,0.521,96.96,92.28,89.36,0.0785,89.5,1.422,86.13,3.98,96.44
Alibaba,me-central-1,Database,64,512,2000,9793,99.892,99.92,31.53,36.29,7004.36,0.196,93.36,91.07,84.94,0.1028,95.65,1.362,95.66,4.21,96.46
Alibaba,me-central-1,AI,8,32,500,6524,99.849,99.41,36.39,38.46,5593.43,0.226,93.08,91.04,87.9,0.0772,87.44,1.69,77.68,3.96,94.97
Alibaba,me-central-1,Database,8,32,1000,3061,99.844,99.57,38.89,45.83,2284.26,0.326,96.2,92.31,86.28,0.0812,97.22,1.621,79.65,4.07,96.43
DigitalOcean,us-east-1,Database,64,256,1000,2813,99.783,99.6,33.22,43.96,2506.29,0.268,88.36,83.47,84.4,0.0786,82.22,1.853,84.42,3.98,92.71
DigitalOcean,us-east-1,Database,32,256,2000,6429,99.813,99.68,33.65,46.23,5181.52,0.276,90.83,88.22,83.85,0.0651,83.96,1.686,95.54,4.24,93.67
DigitalOcean,us-east-1,Storage,32,128,50,4127,99.762,99.83,26.54,35.3,3640.03,0.345,90.45,90.02,82.47,0.0989,84.99,2.117,78.31,4.19,92.96
DigitalOcean,us-east-1,Networking,64,512,100,1762,99.74,99.34,31.62,39.71,1293.25,0.259,91.97,88.02,83.07,0.0656,83.22,2.375,87.96,4.1,92.3
DigitalOcean,us-east-1,Storage,32,256,50,1591,99.817,99.46,24.92,29.72,1184.95,0.262,90.66,87.53,82.86,0.075,90.93,1.718,82.79,4.61,94.57
DigitalOcean,us-east-1,Compute,4,16,2000,3652,99.782,99.37,30.01,38.31,2561.38,0.262,92.93,90.8,83.6,0.0618,94.67,1.835,81.92,4.33,95.02
DigitalOcean,us-east-1,Storage,4,8,2000,7579,99.756,99.24,33.31,44.4,7223.8,0.328,89.41,85.65,83.53,0.077,84.07,2.295,68.23,4.02,91.99
DigitalOcean,us-east-1,Networking,4,16,250,8776,99.811,99.83,45.27,48.75,8070.1,0.28,89.78,88.26,83.66,0.0969,97.36,1.967,92.41,3.93,93.65
DigitalOcean,us-east-1,Networking,64,512,500,276,99.818,100,34.64,37.33,267.96,0.506,89.2,86.61,80.78,0.0632,83.23,1.764,70.72,4.2,92.61
DigitalOcean,us-east-1,Kubernetes,32,256,50,3028,99.816,99.45,30.93,44.13,2442.15,0.3,91.35,90.97,83.39,0.0471,93.83,1.909,75.91,4.36,94.39
DigitalOcean,us-east-1,Networking,16,32,250,2517,99.792,99.41,32.02,40.09,1877.5,0.329,90.39,85.86,85.34,0.0589,95.94,1.839,85.41,4.39,94.79
DigitalOcean,us-east-1,Kubernetes,2,8,500,8382,99.869,99.6,37.63,46.61,8184.36,0.192,91.23,89.63,85.12,0.0686,89.83,1.415,67.78,3.91,94.94
DigitalOcean,us-east-1,Compute,16,32,50,2895,99.833,99.59,37.86,52.12,2268.76,0.198,92.02,88.65,84.57,0.0894,86.81,1.442,82.67,4.09,94.62
DigitalOcean,us-east-1,Compute,2,16,250,550,99.716,99.62,35.31,44.43,385.4,0.348,90.28,86.38,86.63,0.078,90.12,2.48,72.42,4.27,92.85
DigitalOcean,us-east-1,Kubernetes,32,256,2000,3822,99.872,99.77,32.86,39.28,3095.66,0.227,89.61,89.57,79.23,0.0778,97.16,1.275,81.88,4.11,95.01
DigitalOcean,us-east-1,Compute,4,32,100,9086,99.804,99.23,33.84,35.99,8514.4,0.268,91.01,90.04,83.36,0.0522,88.19,1.619,89.25,4.12,94.14
DigitalOcean,us-east-1,Kubernetes,32,256,50,6061,99.842,99.33,33.63,43.92,4923.62,0.474,92.4,92.01,85.76,0.0745,85.54,1.682,85.71,4.13,94.43
DigitalOcean,us-east-1,Networking,32,128,1000,9211,99.773,99.81,34.47,46.79,8143.09,0.474,88.22,88.09,90.4,0.0684,92.37,2.233,77.63,4.22,93.86
DigitalOcean,us-east-1,Kubernetes,32,64,1000,1123,99.82,100,32.06,38.41,1022.89,0.424,91.57,89.38,79.39,0.0631,85.14,1.646,75.3,4.29,93.47
DigitalOcean,us-east-1,Database,64,128,50,8028,99.828,100,33.56,47.68,5832.15,0.256,94.19,93.99,85.26,0.0535,87.28,1.618,76.13,4.25,95.16
DigitalOcean,us-east-1,Database,4,16,500,8370,99.838,99.77,29.93,33.87,7399.02,0.271,89.39,85.94,85.75,0.0671,95.3,1.606,72.45,4.16,95.25
DigitalOcean,us-east-1,AI,64,512,500,2961,99.924,100,31.65,41.82,2586.23,0.363,88.01,87.93,82.63,0.1018,91.3,0.774,79.61,4.17,95.77
DigitalOcean,us-east-1,Storage,32,128,2000,7041,99.823,99.95,38.14,43.86,5970.64,0.39,88.45,87.29,81.55,0.0841,91.85,1.484,72.95,4.14,93.87
DigitalOcean,us-east-1,Kubernetes,32,64,1000,9158,99.752,99.16,35.21,41.54,6836.32,0.463,91.22,89.66,83.39,0.0756,93.61,2.471,77.28,3.95,92.87
DigitalOcean,us-east-1,Kubernetes,16,32,100,4526,99.805,99.62,31.04,42.01,4044.09,0.375,90.31,85.45,86.16,0.0857,85.75,1.691,71.25,4.22,94.23
DigitalOcean,us-east-1,AI,4,8,100,6070,99.761,100,33.82,45.45,4701.68,0.235,92.26,87.91,87.61,0.0736,88.82,2.358,82.44,4.2,93.69
DigitalOcean,us-east-1,Kubernetes,8,32,1000,5546,99.759,99.27,33.45,44.8,5070.63,0.446,89.81,88.62,85.86,0.0766,87.0,2.017,77.61,4.31,93.33
DigitalOcean,us-east-1,Networking,8,32,2000,2944,99.86,100,29.61,44.48,2298.43,0.12,89.74,88.67,80.81,0.049,91.23,1.207,70.87,4.33,95.01
DigitalOcean,us-east-1,Kubernetes,32,64,250,4029,99.811,99.78,31.87,46.14,3176.88,0.389,87.12,84.72,85.96,0.0541,88.21,1.551,91.12,4.38,94.07
DigitalOcean,us-east-1,Networking,32,64,250,5413,99.789,99.87,19.11,26.37,3828.07,0.136,94.14,91.46,83.97,0.0652,87.46,1.836,94.09,4.71,95.23
DigitalOcean,us-east-1,Compute,2,16,50,4501,99.794,99.64,32.52,43.95,3680.92,0.321,92.86,91.64,81.02,0.0765,84.73,1.833,78.98,4.06,93.47
DigitalOcean,us-east-1,Database,32,128,1000,705,99.795,99.92,33.35,39.9,508.8,0.349,91.94,91.93,80.81,0.0845,91.88,1.645,82.25,4.35,94.4
DigitalOcean,us-east-1,Database,2,4,500,2804,99.715,99.51,30.4,39.05,2387.65,0.366,94.04,93.74,76.55,0.082,98.48,2.396,88.73,4.21,93.35
DigitalOcean,us-east-1,Compute,4,16,50,7670,99.738,99.42,28.4,36.29,6695.97,0.35,93.38,90.15,79.39,0.0817,99.92,2.537,79.16,4.42,93.61
DigitalOcean,us-east-1,Networking,64,256,100,8100,99.838,99.84,38.47,45.07,6879.43,0.244,86.46,84.85,86.22,0.0611,88.65,1.481,83.22,3.79,93.83
DigitalOcean,us-east-1,Kubernetes,16,128,500,3595,99.885,99.89,27.78,32.77,3223.46,0.23,88.38,85.08,82.84,0.0639,90.04,1.094,68.94,4.38,95.25
DigitalOcean,us-east-1,Storage,2,8,250,1733,99.864,99.5,34.33,40.45,1506.79,0.328,91.59,91.31,80.31,0.0673,86.7,1.471,86.31,4.31,93.97
DigitalOcean,us-east-1,Compute,32,128,1000,6814,99.706,99.59,25.99,30.74,5581.69,0.398,86.63,86.54,84.39,0.0479,92.23,2.509,86.04,4.57,92.37
DigitalOcean,us-east-1,Database,32,128,100,6480,99.814,99.27,34.87,43.71,5099.92,0.224,92.1,89.19,78.48,0.0914,92.95,1.928,73.86,4.05,93.4
DigitalOcean,us-east-1,Storage,16,64,100,5611,99.822,99.9,35.69,49.98,4311.31,0.381,92.42,90.33,78.96,0.0897,82.82,1.589,73.28,4.09,93.25
DigitalOcean,us-west-2,Storage,16,64,1000,5877,99.788,100,26.41,40.6,4657.36,0.379,92.0,88.03,90.31,0.077,85.42,2.066,88.35,4.26,94.72
DigitalOcean,us-west-2,Storage,4,16,1000,2969,99.753,100,29.45,33.56,2710.76,0.384,89.77,85.41,83.87,0.0681,92.3,2.366,78.18,4.46,93.16
DigitalOcean,us-west-2,Compute,64,512,250,4510,99.802,99.67,33.04,44.33,3864.51,0.336,90.58,86.88,81.26,0.0958,95.07,2.054,75.12,4.15,93.63
DigitalOcean,us-west-2,Kubernetes,64,128,2000,7998,99.773,99.31,35.13,38.83,5959.21,0.343,91.79,89.23,85.12,0.0767,93.46,2.031,76.39,4.19,94.2
DigitalOcean,us-west-2,Kubernetes,2,4,1000,9911,99.741,99.65,33.05,46.78,8183.22,0.187,92.01,90.92,83.42,0.093,87.99,2.567,77.83,4.12,92.43
DigitalOcean,us-west-2,Networking,2,8,50,4117,99.828,100,40.17,47.03,3808.0,0.416,89.33,87.24,87.53,0.0795,89.23,1.519,71.97,3.86,94.56
DigitalOcean,us-west-2,Kubernetes,32,64,50,3745,99.738,99.55,33.91,36.32,2672.13,0.458,88.23,84.61,89.5,0.0603,94.07,2.22,89.74,4.15,93.91
DigitalOcean,us-west-2,Storage,8,32,500,5197,99.774,99.53,35.64,50.15,4536.43,0.427,89.07,87.82,84.81,0.0627,98.68,1.865,79.8,3.92,94.49
DigitalOcean,us-west-2,AI,16,128,100,9507,99.787,99.55,35.49,39.25,8844.59,0.197,92.82,92.41,82.87,0.0643,100,2.054,79.93,3.89,94.73
DigitalOcean,us-west-2,Kubernetes,8,32,2000,566,99.773,99.3,33.49,40.99,435.88,0.171,90.81,87.65,86.23,0.0586,92.32,2.01,82.32,4.15,94.18
DigitalOcean,us-west-2,Database,4,8,500,4780,99.765,99.22,31.85,45.28,4669.34,0.26,90.36,87.44,81.21,0.0586,90.48,2.323,69.77,4.04,92.51
DigitalOcean,us-west-2,Networking,4,32,50,2683,99.812,100,40.09,48.09,2597.63,0.333,90.11,88.79,83.91,0.0584,92.24,1.561,68.16,3.89,94.38
DigitalOcean,us-west-2,Storage,32,128,1000,5969,99.847,99.54,31.82,43.01,5390.39,0.292,89.57,86.28,83.21,0.0809,98.48,1.516,78.63,4.28,95.28
DigitalOcean,us-west-2,Kubernetes,32,64,50,4324,99.843,100,34.69,47.79,3393.84,0.461,89.09,87.81,89.1,0.0528,90.13,1.518,81.65,4.12,95.14
DigitalOcean,us-west-2,Compute,32,256,250,838,99.854,99.6,37.3,47.31,674.77,0.527,90.01,86.81,82.13,0.0722,91.29,1.547,83.02,4.02,94.1
DigitalOcean,us-west-2,Networking,2,16,250,1356,99.696,99.76,35.06,46.18,961.52,0.302,90.56,90.07,82.33,0.0714,87.91,2.646,86.91,4.05,91.68
DigitalOcean,us-west-2,Compute,64,128,500,4494,99.774,99.74,35.86,47.19,3369.14,0.277,90.33,89.7,87.58,0.0835,87.1,2.164,72.61,4.07,93.36
DigitalOcean,us-west-2,Compute,8,64,50,7028,99.842,100,30.81,38.89,6760.59,0.393,89.63,87.55,85.21,0.0924,93.89,1.613,64.96,4.08,95.04
DigitalOcean,us-west-2,Database,32,64,500,4015,99.761,99.5,35.65,39.2,2826.41,0.269,91.51,90.47,82.79,0.069,88.54,2.119,83.85,4.17,93.07
DigitalOcean,us-west-2,Database,2,16,100,6214,99.76,100.0,35.5,46.71,5382.37,0.404,87.88,86.32,84.82,0.0559,92.48,2.373,78.15,4.09,92.6
DigitalOcean,us-west-2,Database,32,128,1000,8414,99.694,99.48,24.25,29.16,7632.06,0.333,90.35,86.81,85.61,0.0381,90.05,2.622,92.78,4.59,92.95
DigitalOcean,us-west-2,Kubernetes,32,256,50,7013,99.8,99.31,35.93,45.55,6757.46,0.413,93.31,92.29,85.82,0.058,90.36,1.96,73.86,4.07,94.42
DigitalOcean,us-west-2,AI,4,16,2000,378,99.825,99.43,29.75,42.0,301.21,0.301,92.29,90.2,83.74,0.0526,90.24,1.49,79.43,4.33,95.21
DigitalOcean,us-west-2,Database,64,256,100,8633,99.793,99.95,34.36,45.59,7975.1,0.483,90.92,90.83,80.08,0.087,84.38,1.762,77.37,4.04,92.98
DigitalOcean,us-west-2,Networking,64,256,100,5422,99.856,99.8,37.61,46.85,4990.26,0.398,94.02,89.84,82.96,0.0554,100,1.498,77.54,3.88,96.11
DigitalOcean,us-west-2,AI,64,512,250,8383,99.774,100,29.43,43.37,6193.76,0.377,93.22,92.75,85.11,0.0699,84.42,2.291,77.57,4.29,93.41
DigitalOcean,us-west-2,Networking,2,4,2000,6511,99.756,99.48,34.84,43.08,5272.86,0.322,90.31,85.55,79.92,0.0687,87.62,2.209,74.59,4.23,92.12
DigitalOcean,us-west-2,Networking,16,128,50,2934,99.767,99.37,28.28,34.98,2865.37,0.353,89.88,89.34,84.41,0.0461,83.14,2.04,77.58,4.47,92.95
DigitalOcean,us-west-2,Database,16,128,250,6892,99.778,99.63,33.54,45.73,6042.77,0.509,89.39,86.62,85.6,0.0795,94.32,1.898,88.51,4.04,94.28
DigitalOcean,us-west-2,Kubernetes,4,16,1000,4885,99.819,99.93,27.78,42.21,4104.08,0.364,89.78,89.76,88.06,0.0806,89.95,1.566,77.73,4.35,95.35
DigitalOcean,us-west-2,Networking,16,64,1000,1562,99.802,100,39.43,45.94,1271.93,0.333,96.05,92.53,86.49,0.0887,89.61,1.838,71.31,3.89,95.21
DigitalOcean,us-west-2,Kubernetes,8,64,1000,488,99.896,99.62,26.57,38.7,418.49,0.193,93.2,89.5,83.11,0.0734,82.66,0.924,69.17,4.42,95.91
DigitalOcean,us-west-2,Storage,2,16,100,8985,99.748,99.74,32.04,45.5,7862.72,0.483,94.08,90.59,84.51,0.0456,84.01,2.035,78.16,4.19,93.81
DigitalOcean,us-west-2,Compute,4,32,2000,6073,99.881,99.66,31.3,34.82,5537.68,0.3,93.43,93.28,84.35,0.0649,93.7,1.339,75.06,4.33,96.2
DigitalOcean,us-west-2,AI,64,512,500,8863,99.913,99.41,35.42,48.58,6541.14,0.342,90.07,85.37,83.36,0.0709,87.41,0.806,80.83,3.92,95.55
DigitalOcean,us-west-2,Compute,16,64,500,7122,99.854,99.74,32.42,38.26,6868.4,0.358,91.7,89.89,87.09,0.0717,100,1.296,77.32,4.13,96.96
DigitalOcean,us-west-2,Networking,8,32,2000,5440,99.759,99.23,33.2,41.42,5120.97,0.367,89.3,86.3,86.88,0.0902,93.46,2.087,79.94,4.12,93.93
DigitalOcean,us-west-2,Storage,8,32,500,9107,99.767,99.5,29.15,35.75,8840.51,0.285,90.07,85.82,83.06,0.069,91.12,2.35,83.23,4.26,92.94
DigitalOcean,us-west-2,Compute,16,64,100,5281,99.792,99.31,37.63,43.89,4448.45,0.401,91.87,90.4,84.23,0.0942,90.19,1.691,75.78,3.9,94.33
DigitalOcean,us-west-2,AI,2,4,50,9601,99.738,99.45,23.83,38.03,9207.94,0.123,87.86,86.7,85.11,0.0703,93.05,2.222,75.51,4.51,93.54
DigitalOcean,eu-west-1,Database,4,32,2000,631,99.762,99.18,31.92,41.4,478.92,0.241,89.9,88.89,82.82,0.1035,89.59,2.152,76.21,4.19,92.92
DigitalOcean,eu-west-1,Kubernetes,64,512,100,5973,99.784,99.85,31.63,43.46,5797.47,0.291,91.22,89.75,83.56,0.0974,89.34,2.028,77.71,4.29,93.68
DigitalOcean,eu-west-1,AI,32,256,2000,9760,99.874,100,34.37,45.6,8909.84,0.425,92.98,90.83,86.95,0.0759,89.6,1.349,77.26,4.03,95.95
DigitalOcean,eu-west-1,AI,8,16,100,5174,99.834,99.33,33.29,42.23,4508.26,0.458,89.59,89.48,83.38,0.0805,83.65,1.468,81.46,4.08,93.73
DigitalOcean,eu-west-1,Kubernetes,64,128,2000,7435,99.791,99.31,30.57,32.63,6770.24,0.309,93.34,90.58,85.81,0.0997,87.4,1.731,82.02,4.42,94.88
DigitalOcean,eu-west-1,Kubernetes,32,128,50,5688,99.75,99.91,34.67,49.5,5322.95,0.213,91.98,88.95,84.17,0.0663,84.1,2.395,81.48,4.25,92.46
DigitalOcean,eu-west-1,Storage,8,32,250,648,99.756,100,37.37,42.09,618.37,0.388,88.73,88.17,89.69,0.0922,92.34,1.956,84.89,4.03,94.31
DigitalOcean,eu-west-1,Database,16,64,250,7724,99.904,99.66,36.56,41.92,6016.26,0.427,90.41,89.27,81.14,0.0846,85.96,0.948,82.85,4.13,94.79
DigitalOcean,eu-west-1,Kubernetes,64,512,1000,2495,99.844,100,32.63,42.08,2249.7,0.189,92.84,88.1,77.97,0.0744,93.94,1.273,82.34,4.08,95.2
DigitalOcean,eu-west-1,Compute,4,8,1000,5741,99.85,99.26,35.01,45.44,4479.8,0.073,87.57,82.62,88.54,0.0636,95.17,1.234,76.87,4.01,95.73
DigitalOcean,eu-west-1,Storage,32,64,250,7209,99.792,99.39,34.27,36.94,6579.17,0.237,89.99,88.27,90.71,0.0802,97.88,2.124,80.23,4.11,95.04
DigitalOcean,eu-west-1,Storage,4,16,1000,5991,99.855,99.39,38.23,51.68,4952.04,0.336,88.58,83.82,86.22,0.0876,91.13,1.327,82.66,3.86,94.81
DigitalOcean,eu-west-1,Storage,4,16,2000,2481,99.753,99.62,33.87,37.96,2198.73,0.337,88.18,85.28,81.02,0.0529,89.5,2.444,79.39,4.05,91.62
DigitalOcean,eu-west-1,Networking,4,32,500,502,99.816,100,37.93,45.7,442.97,0.356,91.97,89.11,87.78,0.0568,95.62,1.906,89.32,4.14,95.12
DigitalOcean,eu-west-1,Database,32,128,50,2978,99.871,99.52,30.46,44.67,2200.92,0.305,89.56,86.13,83.87,0.0372,92.91,1.531,78.54,4.31,94.84
DigitalOcean,eu-west-1,Kubernetes,8,32,50,8933,99.767,99.19,30.72,33.83,8498.07,0.477,92.38,90.37,79.67,0.065,91.15,2.249,82.91,4.38,92.98
DigitalOcean,eu-west-1,Networking,4,16,2000,5060,99.805,99.92,32.61,46.97,4935.92,0.179,94.03,91.52,81.59,0.0646,95.53,1.743,78.5,4.32,95.18
DigitalOcean,eu-west-1,Database,8,16,1000,6945,99.829,100,37.41,47.53,6625.69,0.342,88.7,86.08,86.3,0.0675,94.97,1.516,75.99,3.99,94.99
DigitalOcean,eu-west-1,Storage,32,128,100,8630,99.741,99.43,29.65,34.42,6740.5,0.097,89.81,85.55,85.27,0.0744,92.26,2.179,86.52,4.18,93.67
DigitalOcean,eu-west-1,Networking,32,64,100,3499,99.785,99.99,29.11,41.29,3045.62,0.11,90.84,90.39,83.47,0.0993,92.01,2.057,80.77,4.21,93.96
DigitalOcean,eu-west-1,Kubernetes,2,4,50,1100,99.783,99.49,27.04,31.37,889.56,0.28,91.99,87.81,86.9,0.0711,93.14,2.116,79.89,4.31,94.77
DigitalOcean,eu-west-1,Kubernetes,32,128,100,2767,99.837,99.98,30.72,36.78,2528.67,0.312,94.16,90.29,84.11,0.0435,91.84,1.519,79.32,4.37,95.8
DigitalOcean,eu-west-1,Kubernetes,2,8,500,9785,99.823,99.36,33.21,45.99,7566.91,0.296,93.68,89.22,82.31,0.0754,85.69,1.726,79.11,4.35,94.1
DigitalOcean,eu-west-1,Database,64,256,1000,9018,99.765,99.32,44.43,58.25,8518.58,0.478,92.17,88.76,89.53,0.0878,91.08,2.093,81.76,3.91,94.11
DigitalOcean,eu-west-1,Kubernetes,64,256,50,7651,99.817,99.56,33.69,43.71,7337.32,0.272,92.43,92.31,79.35,0.0684,96.42,1.655,81.35,4.17,94.66
DigitalOcean,eu-west-1,Database,2,8,1000,5667,99.804,99.37,35.82,41.13,4282.98,0.481,90.37,86.32,87.54,0.0554,93.51,1.859,90.52,3.99,94.64
DigitalOcean,eu-west-1,Compute,32,64,100,194,99.814,99.35,30.73,42.94,187.85,0.339,87.04,83.64,83.32,0.0448,89.44,1.582,86.83,4.22,93.69
DigitalOcean,eu-west-1,Networking,4,16,1000,7146,99.865,100,41.95,46.91,6705.02,0.426,90.2,89.88,80.59,0.0748,100,1.436,79.44,3.74,94.87
DigitalOcean,eu-west-1,Database,4,16,50,2858,99.733,100,33.46,38.46,2652.06,0.352,90.05,85.39,81.84,0.0602,98.09,2.62,78.12,4.09,92.75
DigitalOcean,eu-west-1,AI,8,16,1000,9668,99.776,99.27,31.74,33.99,8747.37,0.325,93.03,91.76,79.1,0.0624,90.85,1.906,71.79,4.08,93.67
DigitalOcean,eu-west-1,Compute,64,128,1000,5331,99.817,99.34,29.67,38.32,3817.12,0.41,93.09,88.9,77.81,0.0773,94.09,1.711,82.92,4.28,94.36
DigitalOcean,eu-west-1,AI,2,16,50,8018,99.799,99.4,36.08,39.02,6897.63,0.366,94.65,94.6,85.42,0.085,86.37,1.669,79.77,3.99,94.84
DigitalOcean,eu-west-1,Kubernetes,64,256,1000,6590,99.744,99.52,41.17,50.96,6004.86,0.239,93.04,91.94,84.69,0.0744,88.19,2.249,84.66,3.74,93.09
DigitalOcean,eu-west-1,Database,8,16,100,209,99.742,99.73,31.21,41.52,157.59,0.244,93.21,89.82,83.78,0.0826,83.1,2.245,78.97,4.19,93.01
DigitalOcean,eu-west-1,AI,2,8,50,2340,99.732,99.35,37.2,48.17,1853.3,0.467,86.5,81.82,83.53,0.0542,85.49,2.363,79.62,4.07,91.19
DigitalOcean,eu-west-1,Database,2,8,250,2548,99.795,99.81,38.76,52.28,1831.44,0.327,93.33,92.18,86.95,0.0727,79.39,1.721,94.98,3.87,93.88
DigitalOcean,eu-west-1,AI,4,32,250,2322,99.794,99.48,24.74,31.23,1883.6,0.124,92.31,87.91,83.49,0.065,81.06,1.74,81.75,4.54,93.94
DigitalOcean,eu-west-1,Kubernetes,16,128,250,7559,99.839,100,32.57,45.7,6327.22,0.257,91.34,91.14,80.14,0.0714,77.67,1.302,77.83,4.26,93.46
DigitalOcean,eu-west-1,Networking,8,64,500,7484,99.805,100,36.92,47.85,6872.88,0.435,86.7,84.7,84.39,0.0633,92.04,1.569,79.65,4.22,93.86
DigitalOcean,eu-west-1,Networking,2,8,50,8241,99.842,99.9,32.27,40.43,7210.64,0.311,91.49,88.07,86.05,0.0691,91.99,1.617,71.17,4.07,95.27
DigitalOcean,eu-central-1,Storage,64,256,1000,9736,99.835,99.79,35.08,47.0,8076.27,0.36,90.66,88.46,86.25,0.054,99.86,1.376,78.53,3.93,96.29
DigitalOcean,eu-central-1,Networking,16,64,500,2718,99.782,99.69,32.55,36.08,2639.89,0.397,91.14,86.9,80.65,0.0653,83.02,2.166,83.06,4.15,92.18
DigitalOcean,eu-central-1,Compute,32,64,1000,6724,99.861,99.97,33.79,43.08,4894.92,0.288,89.49,88.36,79.75,0.0863,94.13,1.282,78.84,4.17,94.71
DigitalOcean,eu-central-1,Kubernetes,32,128,250,9364,99.752,99.46,35.66,48.51,7847.54,0.476,90.04,88.68,87.5,0.0707,80.61,2.111,89.93,4.17,92.68
DigitalOcean,eu-central-1,Database,8,32,50,2541,99.807,99.73,40.93,53.01,1866.24,0.397,93.31,90.38,81.43,0.0907,89.7,1.765,85.16,3.9,93.88
DigitalOcean,eu-central-1,Kubernetes,64,256,100,7529,99.873,99.92,29.97,42.67,5815.51,0.202,92.54,88.56,82.17,0.0569,87.06,1.314,72.46,4.14,95.12
DigitalOcean,eu-central-1,AI,64,256,250,7396,99.795,99.26,29.2,43.92,7043.76,0.168,90.28,87.86,84.92,0.0786,77.69,1.975,88.67,4.42,92.62
DigitalOcean,eu-central-1,Storage,64,512,100,5909,99.76,99.64,28.73,32.29,5453.45,0.246,90.97,87.8,80.71,0.0599,89.69,2.082,88.39,4.41,93.21
DigitalOcean,eu-central-1,Kubernetes,8,32,50,865,99.791,99.35,35.58,43.62,629.62,0.276,91.01,90.46,78.71,0.0852,89.83,1.746,62.13,3.99,93.23
DigitalOcean,eu-central-1,Networking,2,8,500,3589,99.798,99.49,29.45,44.45,2924.75,0.319,88.52,88.4,81.6,0.0684,87.11,1.849,71.57,4.29,93.01
DigitalOcean,eu-central-1,Kubernetes,16,64,500,2319,99.828,99.29,32.01,38.06,2197.19,0.48,86.43,85.27,85.06,0.0668,98.72,1.854,60.27,4.29,94.17
DigitalOcean,eu-central-1,Storage,4,16,500,987,99.823,99.33,29.51,40.0,820.07,0.34,90.62,87.15,82.89,0.0474,90.41,1.76,77.68,4.47,94.17
DigitalOcean,eu-central-1,Database,16,32,100,4316,99.869,99.71,34.03,38.04,4218.44,0.37,94.45,92.29,89.94,0.0774,93.13,1.436,75.6,4.07,96.89
DigitalOcean,eu-central-1,Database,4,32,2000,3028,99.788,99.93,38.53,47.88,2672.33,0.348,91.2,86.37,81.11,0.0613,92.98,1.808,85.76,3.92,93.79
DigitalOcean,eu-central-1,Database,32,64,100,8608,99.844,99.54,33.72,46.2,6566.34,0.41,91.2,88.4,85.94,0.0826,78.97,1.676,77.14,4.18,93.56
DigitalOcean,eu-central-1,Database,2,4,500,282,99.846,100,32.84,47.28,226.25,0.233,89.2,86.54,84.04,0.0766,94.59,1.542,79.72,4.06,94.88
DigitalOcean,eu-central-1,AI,64,512,1000,9048,99.738,99.33,29.89,33.85,8696.74,0.257,90.82,88.91,86.75,0.0653,91.04,2.294,78.9,4.44,93.72
DigitalOcean,eu-central-1,Compute,16,128,250,1337,99.822,99.47,31.0,33.87,1264.4,0.31,89.73,85.9,86.71,0.0564,90.94,1.911,84.98,4.43,94.26
DigitalOcean,eu-central-1,Database,32,128,500,2713,99.89,99.63,39.1,46.0,2215.78,0.459,94.35,92.19,85.28,0.0767,86.6,1.041,81.93,3.82,96.0
DigitalOcean,eu-central-1,Kubernetes,16,32,2000,8456,99.925,100,39.78,49.36,6173.04,0.351,89.15,88.93,83.75,0.0467,85.89,0.821,67.36,4.04,95.09
DigitalOcean,eu-central-1,AI,8,64,2000,2056,99.839,100,25.11,30.35,1735.86,0.024,90.62,88.05,84.54,0.0685,89.87,1.654,79.28,4.29,94.93
DigitalOcean,eu-central-1,Networking,2,16,50,4487,99.835,100,33.28,42.47,4035.93,0.649,89.56,87.87,85.51,0.0567,80.05,1.692,78.64,4.1,93.32
DigitalOcean,eu-central-1,Kubernetes,64,256,1000,9771,99.831,99.87,33.6,40.95,7128.78,0.339,90.86,90.18,85.13,0.1018,91.0,1.559,87.98,4.23,94.93
DigitalOcean,eu-central-1,Networking,16,64,250,2462,99.772,99.79,32.92,46.15,2195.9,0.311,92.2,88.16,80.16,0.0465,94.64,2.025,84.68,4.26,93.84
DigitalOcean,eu-central-1,Kubernetes,64,256,1000,1326,99.828,99.58,29.75,32.78,1248.24,0.342,90.94,86.1,85.81,0.0403,85.2,1.794,77.38,4.17,94.1
DigitalOcean,eu-central-1,Networking,8,32,1000,1681,99.81,99.61,36.18,41.24,1447.2,0.342,90.09,86.85,84.85,0.0848,85.52,1.771,75.61,4.2,93.52
DigitalOcean,eu-central-1,Storage,64,512,250,3213,99.807,99.59,30.97,34.89,2363.42,0.327,90.2,85.61,87.35,0.0754,75.96,1.678,83.2,4.39,93.4
DigitalOcean,eu-central-1,Storage,64,512,250,6048,99.756,99.67,33.22,39.42,4905.66,0.316,89.47,84.64,83.99,0.0856,88.0,2.203,74.22,3.99,92.75
DigitalOcean,eu-central-1,Networking,64,512,500,8537,99.737,100,32.02,39.65,8193.86,0.364,90.03,88.18,85.3,0.0742,92.25,2.298,77.14,4.22,93.44
DigitalOcean,eu-central-1,Networking,4,8,100,6888,99.78,100,32.6,36.19,5157.22,0.209,90.79,85.8,89.5,0.0573,82.22,1.864,75.52,4.16,94.1
DigitalOcean,eu-central-1,Database,2,4,100,8520,99.899,99.96,33.88,37.57,7149.96,0.329,91.25,87.51,83.37,0.0649,89.3,0.959,75.73,4.25,95.84
DigitalOcean,eu-central-1,AI,64,128,250,1664,99.895,99.73,32.71,44.37,1296.13,0.328,91.23,87.09,85.17,0.0565,97.74,0.929,76.71,4.19,97.09
DigitalOcean,eu-central-1,AI,64,128,500,7014,99.719,99.12,25.2,36.96,5414.54,0.111,93.41,93.1,84.48,0.0813,94.24,2.604,80.56,4.33,93.8
DigitalOcean,eu-central-1,Database,4,16,50,1491,99.766,99.49,29.6,39.98,1340.77,0.333,95.24,94.53,79.11,0.0506,85.27,1.967,68.01,4.43,93.57
DigitalOcean,eu-central-1,Kubernetes,4,16,500,7913,99.77,99.36,33.77,36.39,6549.85,0.241,89.68,85.29,87.42,0.0901,84.91,2.339,91.07,4.13,92.65
DigitalOcean,eu-central-1,Networking,2,4,2000,6300,99.813,99.96,35.69,44.73,5869.01,0.327,89.92,89.84,80.4,0.0555,98.72,1.746,76.68,3.92,94.3
DigitalOcean,eu-central-1,Storage,64,512,1000,4140,99.76,99.34,36.48,49.92,3586.63,0.258,94.59,91.18,85.11,0.0767,87.22,2.209,78.29,4.0,93.69
DigitalOcean,eu-central-1,Networking,8,32,500,1430,99.847,99.77,27.94,35.29,1282.91,0.038,89.5,85.54,85.19,0.052,85.18,1.715,80.53,4.36,94.0
DigitalOcean,eu-central-1,Networking,16,128,50,3783,99.83,99.98,30.41,42.62,3409.32,0.321,91.97,89.17,81.37,0.1028,89.57,1.425,86.91,4.32,94.89
DigitalOcean,eu-central-1,AI,2,4,1000,4700,99.743,100,34.14,42.71,4041.37,0.439,88.27,86.81,87.42,0.0593,96.49,2.444,91.54,4.06,93.43
DigitalOcean,ap-south-1,Storage,2,16,500,9176,99.78,99.68,31.35,42.68,8645.97,0.333,91.22,89.94,84.68,0.0785,87.8,1.823,74.79,4.4,94.12
DigitalOcean,ap-south-1,Database,8,16,250,8102,99.78,100,36.27,38.82,6246.16,0.217,88.34,84.41,81.5,0.0716,92.38,2.112,87.15,4.26,92.67
DigitalOcean,ap-south-1,Storage,64,256,1000,8025,99.832,99.58,31.13,41.46,7098.18,0.162,90.51,88.54,84.46,0.0525,83.44,1.78,75.5,4.1,93.57
DigitalOcean,ap-south-1,Kubernetes,2,8,50,7581,99.84,99.67,36.15,49.39,6883.73,0.495,91.08,89.92,85.71,0.0817,86.35,1.41,75.43,4.07,94.73
DigitalOcean,ap-south-1,Networking,4,16,2000,2231,99.728,99.22,37.9,42.59,1770.85,0.433,90.12,87.93,81.9,0.0702,96.87,2.212,93.24,4.17,93.15
DigitalOcean,ap-south-1,Networking,64,128,1000,588,99.85,99.85,31.86,40.12,566.42,0.453,87.71,82.81,83.78,0.0703,96.44,1.335,71.08,4.21,95.19
DigitalOcean,ap-south-1,Database,2,8,50,2889,99.791,100,35.8,47.98,2337.82,0.176,91.37,90.38,83.98,0.054,94.53,2.039,84.5,3.99,94.11
DigitalOcean,ap-south-1,Kubernetes,8,64,500,6321,99.756,99.45,33.23,44.93,4443.32,0.498,92.37,89.11,83.04,0.0736,96.82,2.281,74.25,3.98,93.94
DigitalOcean,ap-south-1,Database,64,512,50,3105,99.791,100,31.45,41.98,2703.31,0.227,91.29,89.32,80.85,0.0632,98.55,2.008,84.68,4.14,94.32
DigitalOcean,ap-south-1,Kubernetes,4,32,50,9652,99.771,100,38.13,42.96,9018.01,0.137,90.23,89.5,89.8,0.0652,87.27,1.843,80.53,3.92,94.31
DigitalOcean,ap-south-1,Networking,8,16,500,8462,99.72,99.48,34.54,47.87,8198.23,0.312,90.13,86.42,79.79,0.051,89.98,2.659,86.57,3.97,91.37
DigitalOcean,ap-south-1,AI,64,256,2000,4136,99.762,99.63,30.68,42.63,3080.6,0.491,88.81,86.61,81.05,0.0753,86.96,2.2,85.26,4.24,92.17
DigitalOcean,ap-south-1,Networking,64,128,500,1560,99.877,99.75,32.45,46.54,1493.83,0.197,90.64,86.53,87.4,0.0724,86.95,1.15,82.98,4.29,95.73
DigitalOcean,ap-south-1,AI,2,4,100,6507,99.767,99.65,32.85,38.09,6040.47,0.277,91.92,90.12,84.84,0.0469,86.59,2.242,76.55,3.98,93.19
DigitalOcean,ap-south-1,AI,8,16,2000,6234,99.862,99.95,35.06,45.73,5754.1,0.353,89.61,88.83,80.61,0.076,95.8,1.561,77.96,4.08,94.4
DigitalOcean,ap-south-1,Networking,16,128,50,7262,99.83,99.77,39.59,50.86,5391.17,0.5,91.25,86.5,88.17,0.0777,93.61,1.667,72.34,4.11,95.21
DigitalOcean,ap-south-1,Compute,4,16,1000,6816,99.763,99.31,42.11,50.59,5554.7,0.321,90.21,87.94,78.98,0.0691,86.07,2.104,77.23,4.06,91.6
DigitalOcean,ap-south-1,AI,32,128,2000,907,99.784,99.3,32.79,45.44,772.0,0.262,91.0,89.31,88.51,0.0714,81.71,2.196,87.35,4.33,93.11
DigitalOcean,ap-south-1,Database,64,512,2000,6988,99.742,99.52,33.39,43.04,6782.1,0.332,92.22,87.44,87.21,0.0469,82.5,2.287,85.08,4.24,93.05
DigitalOcean,ap-south-1,Compute,4,8,100,5020,99.822,99.91,29.06,43.44,4559.42,0.23,91.75,87.42,85.18,0.0656,87.76,1.711,83.21,4.45,94.7
DigitalOcean,ap-south-1,Compute,8,16,100,3681,99.766,100,33.26,39.33,3489.95,0.25,92.38,92.34,84.02,0.0704,95.82,2.033,86.79,4.06,94.61
DigitalOcean,ap-south-1,Database,32,128,2000,9335,99.74,100,35.38,40.45,7239.39,0.464,89.13,85.37,82.92,0.0601,94.53,2.568,72.83,4.25,92.37
DigitalOcean,ap-south-1,Networking,16,128,100,6471,99.769,99.82,34.06,41.92,5329.14,0.249,90.95,89.22,83.5,0.0757,82.42,1.999,78.06,4.29,92.81
DigitalOcean,ap-south-1,Storage,32,256,250,4399,99.792,99.68,40.07,45.23,3819.47,0.228,91.96,89.57,88.28,0.0914,95.18,1.944,80.7,4.1,94.9
DigitalOcean,ap-south-1,Storage,32,128,1000,7556,99.754,99.65,34.35,37.41,7013.1,0.393,88.77,87.11,77.46,0.0565,87.67,2.244,85.12,3.93,91.39
DigitalOcean,ap-south-1,Database,64,128,1000,763,99.792,99.22,32.26,38.82,546.86,0.248,91.22,89.4,82.6,0.0645,94.37,1.718,79.71,4.3,94.58
DigitalOcean,ap-south-1,Networking,4,16,500,2159,99.852,99.59,27.94,32.98,1795.03,0.344,93.92,90.1,83.77,0.0993,85.39,1.652,83.64,4.46,94.83
DigitalOcean,ap-south-1,Networking,8,64,500,5240,99.885,99.28,29.95,42.49,4651.83,0.399,90.87,88.86,84.38,0.0711,87.49,1.175,73.06,4.22,95.37
DigitalOcean,ap-south-1,Kubernetes,16,128,2000,9144,99.847,100,37.95,45.47,7619.75,0.451,93.01,90.1,89.46,0.0402,87.71,1.246,78.09,3.86,96.17
DigitalOcean,ap-south-1,AI,2,16,500,9428,99.859,99.31,32.87,46.31,7459.93,0.321,89.99,88.17,84.39,0.0505,86.85,1.155,77.7,4.31,95.0
DigitalOcean,ap-south-1,Kubernetes,64,512,50,1438,99.854,99.27,33.47,40.73,1099.74,0.436,89.17,87.24,90.67,0.0546,89.52,1.245,73.53,4.06,95.87
DigitalOcean,ap-south-1,Compute,16,32,50,7617,99.768,100,33.96,46.21,6507.36,0.36,91.55,91.1,79.22,0.0417,85.87,1.934,82.65,4.15,92.8
DigitalOcean,ap-south-1,Kubernetes,32,256,1000,5083,99.845,99.68,33.16,35.19,4007.02,0.37,88.84,86.45,87.61,0.0904,94.36,1.341,81.72,4.21,95.71
DigitalOcean,ap-south-1,AI,64,512,50,5821,99.828,99.68,34.28,37.12,4148.76,0.257,92.55,91.34,81.98,0.0761,93.08,1.438,93.67,4.13,95.19
DigitalOcean,ap-south-1,AI,8,16,500,9425,99.846,100,29.45,38.9,7008.11,0.233,91.16,89.95,91.4,0.0744,92.3,1.389,76.49,4.47,96.72
DigitalOcean,ap-south-1,Kubernetes,8,64,100,646,99.767,99.7,34.7,46.82,618.85,0.403,92.89,92.08,89.71,0.08,87.73,2.242,72.06,4.29,94.2
DigitalOcean,ap-south-1,Compute,16,64,250,5832,99.75,100,31.29,37.07,4480.05,0.465,89.62,86.43,81.27,0.0726,97.51,2.407,71.26,4.28,93.08
DigitalOcean,ap-south-1,Kubernetes,8,16,100,5477,99.766,99.32,26.32,29.16,4651.58,0.175,94.08,91.44,81.66,0.0848,85.24,2.186,76.1,4.29,93.41
DigitalOcean,ap-south-1,Networking,64,128,50,8724,99.841,99.36,33.44,36.21,6385.62,0.346,94.23,91.33,82.78,0.0826,87.38,1.507,74.71,4.3,94.92
DigitalOcean,ap-south-1,AI,2,4,250,6108,99.71,99.42,25.32,30.9,4428.38,0.242,90.64,86.28,83.56,0.0687,91.15,2.656,78.51,4.37,92.67
DigitalOcean,ap-southeast-1,Compute,4,8,2000,7924,99.901,99.65,34.18,41.18,6812.98,0.247,90.47,88.29,77.76,0.0399,93.48,1.098,75.76,4.0,94.87
DigitalOcean,ap-southeast-1,Database,64,128,2000,6551,99.808,99.94,35.72,42.44,5122.93,0.395,91.78,91.59,85.39,0.0755,88.86,1.918,80.2,3.97,94.08
DigitalOcean,ap-southeast-1,Compute,64,512,100,4370,99.79,99.45,38.63,45.85,4017.6,0.279,88.32,84.67,80.54,0.1018,84.64,1.803,83.12,3.89,92.15
DigitalOcean,ap-southeast-1,Kubernetes,8,64,2000,9113,99.842,99.29,29.3,35.41,8258.75,0.233,90.26,86.56,84.05,0.0527,85.51,1.413,67.31,4.41,94.5
DigitalOcean,ap-southeast-1,Database,2,16,1000,1995,99.901,99.98,26.13,39.75,1932.34,0.301,89.83,86.82,83.26,0.0656,87.02,0.911,74.56,4.56,95.79
DigitalOcean,ap-southeast-1,Database,8,32,500,6408,99.848,100,32.89,40.37,4901.21,0.381,89.07,87.1,86.3,0.0914,93.39,1.279,85.3,4.02,95.64
DigitalOcean,ap-southeast-1,Kubernetes,16,128,2000,9674,99.854,99.47,31.34,41.76,7757.39,0.181,88.86,87.71,82.56,0.0442,91.69,1.476,80.55,4.38,94.41
DigitalOcean,ap-southeast-1,Networking,2,8,100,6369,99.887,99.66,30.15,33.29,4930.98,0.365,92.53,88.7,82.75,0.0752,90.9,1.116,75.56,4.32,95.99
DigitalOcean,ap-southeast-1,AI,32,256,2000,2450,99.728,99.35,28.85,34.19,2221.64,0.223,92.9,92.33,92.55,0.0534,82.43,2.504,79.17,4.49,93.78
DigitalOcean,ap-southeast-1,Networking,32,128,500,2312,99.832,99.9,33.34,40.44,1972.88,0.36,93.18,89.1,86.11,0.0704,99.21,1.506,90.79,4.24,96.57
DigitalOcean,ap-southeast-1,Compute,2,8,500,4384,99.859,99.82,25.99,30.47,3072.98,0.334,92.05,90.12,88.05,0.0983,93.86,1.22,88.96,4.31,97.05
DigitalOcean,ap-southeast-1,Networking,4,32,250,2113,99.831,99.71,30.14,35.69,1521.93,0.449,92.86,92.15,84.25,0.0706,89.05,1.42,86.08,4.25,95.45
DigitalOcean,ap-southeast-1,Kubernetes,2,16,250,8711,99.868,99.76,30.11,34.56,7167.48,0.245,90.55,87.46,84.31,0.0605,87.02,1.207,88.98,4.36,95.23
DigitalOcean,ap-southeast-1,AI,16,32,500,4154,99.804,100,41.21,48.91,3053.63,0.261,87.69,83.72,85.56,0.056,82.75,1.785,69.88,3.79,92.6
DigitalOcean,ap-southeast-1,Kubernetes,16,128,2000,7600,99.801,99.7,27.71,37.64,5641.43,0.207,91.7,88.51,82.92,0.0679,95.52,1.985,91.25,4.24,94.61
DigitalOcean,ap-southeast-1,Compute,16,128,250,9988,99.805,99.6,32.91,46.58,8912.18,0.347,91.33,90.37,88.31,0.0563,93.11,1.886,87.72,4.29,95.05
DigitalOcean,ap-southeast-1,AI,16,64,1000,342,99.777,99.91,35.85,40.31,327.03,0.242,88.75,84.04,82.75,0.0695,100,1.836,77.18,4.11,94.35
DigitalOcean,ap-southeast-1,Storage,2,4,100,7036,99.811,99.28,34.04,46.92,5160.1,0.244,87.94,83.17,81.98,0.0906,83.3,1.877,73.72,4.06,92.21
DigitalOcean,ap-southeast-1,Compute,32,128,1000,1644,99.776,99.36,35.32,38.42,1523.25,0.437,91.05,88.95,80.96,0.0563,89.22,2.128,78.8,4.17,92.74
DigitalOcean,ap-southeast-1,Compute,4,16,2000,2960,99.816,99.91,29.79,33.67,2860.94,0.169,89.52,86.77,82.68,0.0467,96.09,1.935,88.63,4.09,94.21
DigitalOcean,ap-southeast-1,AI,4,16,50,6912,99.812,99.92,34.0,46.98,5397.89,0.517,88.1,86.12,86.81,0.0664,90.16,1.945,81.63,4.11,93.69
DigitalOcean,ap-southeast-1,Storage,16,128,250,3113,99.835,99.91,29.89,38.83,2523.97,0.328,92.66,88.01,83.61,0.0807,92.75,1.528,82.56,4.29,95.52
DigitalOcean,ap-southeast-1,Compute,16,32,50,8709,99.778,99.52,28.96,33.49,8348.35,0.293,91.91,87.34,80.06,0.0485,88.2,1.777,82.23,4.43,93.77
DigitalOcean,ap-southeast-1,Database,16,32,2000,3004,99.917,99.38,32.11,42.61,2517.0,0.233,90.19,87.11,83.77,0.0794,80.59,0.979,82.12,4.35,94.72
DigitalOcean,ap-southeast-1,Database,4,8,1000,3494,99.83,99.91,37.63,42.96,3101.88,0.455,87.73,86.48,88.58,0.0596,84.61,1.412,82.84,3.9,94.24
DigitalOcean,ap-southeast-1,AI,8,16,2000,1497,99.749,100,32.85,35.53,1178.38,0.239,88.41,87.54,82.06,0.0595,83.17,2.243,80.09,4.21,91.7
DigitalOcean,ap-southeast-1,Networking,32,64,500,5840,99.755,99.65,37.41,43.78,4685.67,0.562,90.44,86.07,84.61,0.0708,90.06,2.084,78.52,3.99,93.3
DigitalOcean,ap-southeast-1,Compute,4,8,500,2472,99.885,99.66,37.62,48.8,2279.7,0.407,91.52,87.48,74.8,0.0775,93.44,0.921,74.5,4.21,94.8
DigitalOcean,ap-southeast-1,Networking,2,8,500,607,99.858,99.64,35.99,40.41,458.87,0.42,85.63,81.58,83.03,0.0606,95.83,1.557,78.41,3.87,93.85
DigitalOcean,ap-southeast-1,Networking,8,16,500,6630,99.819,99.67,30.56,39.7,4858.15,0.333,91.57,91.14,84.55,0.0581,91.12,1.528,73.65,4.32,95.19
DigitalOcean,ap-southeast-1,Kubernetes,8,16,250,1904,99.743,99.58,29.55,40.77,1525.78,0.168,92.77,90.7,82.65,0.0501,81.97,2.055,83.08,4.42,93.09
DigitalOcean,ap-southeast-1,Kubernetes,4,16,1000,6147,99.877,100,36.73,47.21,4713.62,0.387,89.98,85.12,85.31,0.1038,81.31,1.001,66.26,4.22,94.79
DigitalOcean,ap-southeast-1,Networking,8,64,500,455,99.832,99.73,37.6,45.37,441.68,0.303,90.81,88.46,86.43,0.0773,91.42,1.382,81.13,4.01,95.31
DigitalOcean,ap-southeast-1,Compute,32,256,500,5799,99.875,99.68,42.91,53.03,4572.25,0.214,93.39,89.82,85.46,0.0404,86.93,1.454,78.41,4.0,94.8
DigitalOcean,ap-southeast-1,Kubernetes,8,16,50,1192,99.796,100,39.4,45.46,873.12,0.346,90.29,89.21,89.24,0.0636,94.88,1.815,85.97,3.78,95.03
DigitalOcean,ap-southeast-1,Compute,64,256,50,9494,99.801,99.39,32.92,47.19,7735.36,0.259,88.81,84.74,82.52,0.0704,88.49,1.917,83.06,3.98,93.02
DigitalOcean,ap-southeast-1,Storage,16,64,50,7661,99.823,99.85,33.34,36.97,6757.54,0.379,91.15,86.39,84.32,0.0566,92.14,1.522,76.11,4.34,95.07
DigitalOcean,ap-southeast-1,Kubernetes,8,32,1000,6337,99.74,99.27,38.96,49.61,4896.4,0.517,94.98,93.52,84.75,0.0731,85.31,2.504,78.34,3.81,92.75
DigitalOcean,ap-southeast-1,Kubernetes,32,64,250,1330,99.872,100,38.64,53.13,1007.63,0.391,93.09,91.82,82.16,0.0814,82.05,1.375,77.96,4.02,94.14
DigitalOcean,ap-southeast-1,Database,4,16,1000,2489,99.886,99.69,40.06,45.88,1785.82,0.12,91.61,89.05,88.25,0.0968,84.98,1.282,81.75,3.75,95.17
DigitalOcean,sa-east-1,AI,2,16,2000,5636,99.772,100,31.07,33.91,5396.01,0.233,90.65,89.71,85.23,0.0793,93.75,2.2,85.21,4.08,93.98
DigitalOcean,sa-east-1,Compute,8,16,500,652,99.813,99.5,27.33,35.52,508.98,0.443,88.36,85.15,87.52,0.0841,80.5,1.995,68.88,4.46,93.02
DigitalOcean,sa-east-1,Networking,64,128,500,9001,99.738,99.9,29.47,40.37,7911.09,0.167,90.99,88.2,83.13,0.0725,88.34,2.255,80.14,4.44,93.09
DigitalOcean,sa-east-1,Database,8,64,250,4744,99.705,99.71,33.55,48.37,3640.19,0.328,92.4,90.24,86.12,0.0748,85.59,2.776,88.67,4.15,92.22
DigitalOcean,sa-east-1,Kubernetes,4,16,100,1353,99.752,99.27,26.37,41.16,1130.34,0.284,91.09,86.53,83.28,0.0834,90.94,2.385,77.17,4.36,93.2
DigitalOcean,sa-east-1,Storage,8,64,50,5973,99.805,99.65,33.72,43.51,5392.38,0.286,88.87,86.21,81.66,0.0824,87.47,1.801,83.45,4.32,93.03
DigitalOcean,sa-east-1,AI,64,512,1000,2916,99.788,100,37.1,42.6,2560.03,0.449,90.18,87.0,85.49,0.0867,78.89,2.106,72.77,4.03,92.24
DigitalOcean,sa-east-1,Compute,2,16,1000,983,99.73,99.28,37.44,50.12,712.6,0.556,88.64,84.25,89.31,0.0621,86.63,2.393,81.63,4.12,92.58
DigitalOcean,sa-east-1,Database,4,16,500,8063,99.754,99.61,33.04,46.1,7505.67,0.312,91.8,90.92,81.99,0.0959,88.39,2.44,91.58,4.33,92.47
DigitalOcean,sa-east-1,Kubernetes,4,16,2000,8202,99.813,99.22,35.49,40.79,7235.45,0.368,94.42,90.81,87.46,0.074,96.32,1.953,79.97,4.05,95.57
DigitalOcean,sa-east-1,Compute,8,16,250,8426,99.733,99.46,34.54,47.71,7352.56,0.365,88.3,84.07,84.76,0.0604,87.0,2.298,92.41,3.99,92.22
DigitalOcean,sa-east-1,Compute,32,128,250,9068,99.732,99.35,33.29,44.01,8804.78,0.254,91.65,89.38,82.13,0.0632,96.43,2.238,79.51,3.97,93.67
DigitalOcean,sa-east-1,Database,4,32,100,1493,99.802,99.88,34.87,39.56,1320.88,0.3,89.73,85.0,82.32,0.0805,90.5,1.641,82.03,3.91,93.95
DigitalOcean,sa-east-1,Networking,32,128,2000,1797,99.813,99.92,34.92,48.71,1624.85,0.432,91.54,89.93,89.37,0.0651,84.06,1.774,80.71,4.0,94.49
DigitalOcean,sa-east-1,AI,32,128,100,9680,99.811,99.44,31.36,40.66,8077.1,0.584,88.73,87.88,83.18,0.0688,89.31,1.728,86.29,4.04,93.68
DigitalOcean,sa-east-1,AI,4,8,500,986,99.731,99.85,32.45,35.84,913.74,0.334,94.43,92.92,85.09,0.0627,85.66,2.268,69.86,4.06,93.65
DigitalOcean,sa-east-1,Kubernetes,2,4,500,4659,99.853,99.42,32.59,37.49,4227.2,0.332,92.41,91.07,85.53,0.0591,91.42,1.277,82.85,4.37,95.94
DigitalOcean,sa-east-1,AI,2,4,250,3911,99.838,99.91,31.27,45.19,3770.72,0.118,91.83,89.27,83.31,0.0521,91.53,1.569,82.9,4.13,95.01
DigitalOcean,sa-east-1,Storage,8,16,100,8864,99.789,99.96,37.5,46.2,8625.38,0.397,91.15,89.29,76.37,0.0884,91.87,2.055,90.07,3.89,92.45
DigitalOcean,sa-east-1,Compute,4,32,50,7411,99.807,99.78,29.12,42.69,6051.13,0.319,92.0,91.54,83.33,0.068,100,1.896,89.52,4.22,95.34
DigitalOcean,sa-east-1,Compute,32,128,250,3708,99.837,100,33.48,44.39,2809.02,0.384,90.2,87.87,85.28,0.0891,90.09,1.419,81.71,4.09,95.04
DigitalOcean,sa-east-1,Database,16,32,1000,9614,99.811,99.66,33.98,37.67,6769.02,0.436,91.69,87.55,83.73,0.0627,85.33,1.754,78.9,4.16,93.82
DigitalOcean,sa-east-1,Compute,16,32,100,6001,99.882,100,26.79,30.54,4302.56,0.189,94.14,93.05,85.22,0.0623,91.2,1.277,87.81,4.53,96.64
DigitalOcean,sa-east-1,Kubernetes,16,32,2000,660,99.759,99.26,29.85,34.9,612.19,0.32,90.91,86.02,83.88,0.0535,89.28,2.277,71.44,4.08,93.13
DigitalOcean,sa-east-1,Networking,32,256,250,4649,99.781,99.37,36.2,47.55,4170.77,0.527,91.98,90.51,83.97,0.0678,85.14,2.145,84.58,3.89,92.9
DigitalOcean,sa-east-1,Database,8,16,250,5438,99.722,99.8,36.45,39.97,4233.87,0.308,89.26,85.58,83.27,0.0793,90.04,2.423,96.47,4.22,92.19
DigitalOcean,sa-east-1,Database,64,128,250,645,99.759,99.68,37.58,40.51,460.92,0.362,92.09,90.29,83.57,0.0702,77.92,2.056,81.9,4.2,92.26
DigitalOcean,sa-east-1,Database,2,4,250,6855,99.799,99.22,36.77,42.61,5994.8,0.235,91.68,89.88,87.51,0.0692,85.67,2.095,87.59,4.0,93.51
DigitalOcean,sa-east-1,Networking,16,64,100,5281,99.783,100,33.49,43.32,5125.38,0.183,93.02,92.16,83.12,0.0558,93.16,2.102,81.56,4.28,94.16
DigitalOcean,sa-east-1,Kubernetes,8,16,1000,2025,99.77,99.24,35.64,37.92,1430.26,0.362,91.69,89.21,86.72,0.0749,89.18,2.276,75.61,3.9,93.43
DigitalOcean,sa-east-1,Kubernetes,64,512,500,3191,99.84,99.71,26.12,31.09,2324.41,0.509,90.69,88.4,85.91,0.0809,87.58,1.695,82.7,4.45,94.74
DigitalOcean,sa-east-1,Storage,32,128,250,4655,99.762,99.39,35.86,49.59,3734.86,0.471,90.66,87.34,82.87,0.0686,88.09,1.994,69.69,3.92,93.09
DigitalOcean,sa-east-1,AI,16,128,100,4554,99.871,99.85,30.83,43.45,3543.62,0.151,88.07,86.45,84.2,0.0584,86.08,1.113,79.05,4.11,94.77
DigitalOcean,sa-east-1,Compute,32,128,50,181,99.762,99.45,31.45,45.11,143.92,0.323,93.59,90.37,80.25,0.0431,88.79,2.025,79.42,4.22,93.55
DigitalOcean,sa-east-1,Kubernetes,64,256,100,7938,99.743,100.0,36.43,45.87,7347.04,0.298,90.42,89.18,85.13,0.0856,90.45,2.519,75.44,3.91,92.61
DigitalOcean,sa-east-1,Database,2,8,100,8918,99.761,99.35,31.51,45.87,7329.35,0.214,90.71,90.1,84.83,0.081,88.07,2.285,76.12,4.32,93.02
DigitalOcean,sa-east-1,Storage,32,256,2000,3550,99.84,99.27,35.79,44.69,3060.89,0.467,91.03,88.15,79.2,0.0854,84.55,1.454,73.84,3.98,93.36
DigitalOcean,sa-east-1,Database,64,512,2000,6910,99.727,99.97,33.56,41.81,6492.65,0.36,91.4,87.38,80.66,0.0768,90.85,2.599,66.61,4.29,92.12
DigitalOcean,sa-east-1,Database,64,128,2000,1501,99.718,99.25,40.91,53.1,1158.31,0.38,92.27,88.21,88.2,0.0835,86.95,2.6,73.5,3.91,92.58
DigitalOcean,sa-east-1,AI,64,512,250,5948,99.777,100,36.1,50.32,5277.95,0.126,91.92,88.47,85.19,0.0707,99.1,2.124,93.01,4.13,94.7
DigitalOcean,me-central-1,Storage,8,16,50,7461,99.861,99.76,40.78,52.85,6204.88,0.254,88.31,83.91,83.18,0.0637,86.74,1.348,87.22,3.71,93.69
DigitalOcean,me-central-1,Database,64,512,500,6704,99.851,99.42,33.59,43.86,5488.08,0.317,87.25,85.93,83.52,0.0585,94.04,1.582,86.7,4.02,94.12
DigitalOcean,me-central-1,Compute,4,32,250,856,99.854,99.53,34.6,39.51,798.38,0.38,91.58,90.3,80.98,0.0996,82.59,1.418,95.02,4.09,93.74
DigitalOcean,me-central-1,AI,32,64,500,3262,99.85,99.32,31.56,44.0,2588.16,0.409,91.24,89.3,80.38,0.0775,91.21,1.374,73.88,4.39,94.7
DigitalOcean,me-central-1,Networking,32,64,100,976,99.785,99.67,33.17,44.91,826.37,0.387,90.03,85.3,88.75,0.0981,88.68,2.134,81.3,4.19,93.85
DigitalOcean,me-central-1,Compute,4,16,1000,4710,99.804,99.5,33.2,47.0,4215.81,0.265,93.27,90.41,80.21,0.0675,95.2,1.878,81.38,4.33,94.39
DigitalOcean,me-central-1,AI,32,64,1000,7671,99.909,99.87,32.64,35.89,5934.95,0.441,93.23,89.1,81.96,0.0464,97.2,0.773,94.06,3.98,97.31
DigitalOcean,me-central-1,Database,16,64,2000,7189,99.777,99.92,30.57,35.02,5468.79,0.384,90.66,86.35,83.19,0.0695,85.38,2.123,92.52,4.24,92.95
DigitalOcean,me-central-1,Compute,16,32,500,7953,99.804,99.89,38.62,40.74,6969.82,0.313,91.94,87.99,88.36,0.0779,94.93,2.06,85.8,4.1,94.76
DigitalOcean,me-central-1,Networking,16,32,250,863,99.842,99.75,31.87,35.76,651.91,0.195,90.04,86.17,85.9,0.0622,86.48,1.691,78.79,4.02,94.2
DigitalOcean,me-central-1,Kubernetes,16,128,500,9753,99.861,99.43,28.7,41.89,9229.38,0.101,92.16,89.98,83.06,0.0709,95.39,1.151,75.39,4.19,96.39
DigitalOcean,me-central-1,Compute,32,64,50,4926,99.849,99.35,33.44,46.7,4650.91,0.363,90.07,86.32,80.05,0.0797,92.16,1.69,78.28,4.09,93.74
DigitalOcean,me-central-1,Compute,4,8,250,430,99.793,99.25,39.22,42.97,301.96,0.437,90.34,89.1,80.35,0.0629,98.64,2.042,85.62,3.98,93.45
DigitalOcean,me-central-1,Storage,8,64,500,3737,99.814,99.58,29.68,32.5,2698.51,0.314,93.35,90.8,85.99,0.0738,84.63,1.531,75.99,4.13,95.13
DigitalOcean,me-central-1,Networking,16,32,2000,858,99.787,99.69,26.74,31.22,837.74,0.239,89.03,88.89,81.75,0.0795,91.57,2.156,80.4,4.53,93.13
DigitalOcean,me-central-1,Storage,16,32,500,3591,99.806,99.62,38.36,51.87,3329.43,0.361,88.44,85.61,82.95,0.0825,79.84,1.556,89.52,3.97,92.61
DigitalOcean,me-central-1,AI,4,32,2000,4377,99.801,99.51,33.01,46.01,3158.69,0.241,91.59,87.01,83.59,0.0887,89.27,1.892,92.65,4.27,93.92
DigitalOcean,me-central-1,Networking,64,128,250,7816,99.881,99.35,36.77,51.21,7027.69,0.54,92.51,91.3,85.02,0.0934,92.17,1.118,90.94,4.0,96.07
DigitalOcean,me-central-1,Kubernetes,16,32,100,7995,99.728,99.97,36.87,50.92,7384.78,0.345,93.73,91.65,81.7,0.0877,89.86,2.557,79.7,3.88,92.59
DigitalOcean,me-central-1,Database,4,16,500,5833,99.84,100.0,33.17,35.9,4376.21,0.269,90.72,88.22,85.36,0.0451,98.25,1.576,81.92,4.23,95.71
DigitalOcean,me-central-1,Kubernetes,2,16,1000,2710,99.741,99.71,33.04,45.29,2498.98,0.291,89.27,84.53,87.65,0.0437,94.67,2.262,74.32,4.22,93.88
DigitalOcean,me-central-1,Kubernetes,2,16,100,6678,99.737,99.27,33.26,38.78,6264.48,0.318,94.56,93.16,84.82,0.068,83.74,2.249,84.59,4.3,93.34
DigitalOcean,me-central-1,Compute,16,128,50,8784,99.725,99.54,31.5,36.46,8234.59,0.485,87.95,83.54,86.2,0.0908,78.33,2.537,79.89,4.02,91.12
DigitalOcean,me-central-1,Kubernetes,8,16,250,1128,99.745,99.16,35.73,49.78,949.07,0.301,89.16,86.97,89.87,0.0726,94.2,2.259,77.82,4.17,93.93
DigitalOcean,me-central-1,Compute,8,64,500,2625,99.783,99.27,30.48,42.06,2387.46,0.328,90.61,88.31,81.09,0.0763,92.35,2.077,90.41,4.28,93.35
DigitalOcean,me-central-1,Compute,64,256,250,1916,99.785,99.29,28.19,37.39,1344.4,0.46,90.59,88.31,80.08,0.0461,94.68,1.812,70.45,4.33,94.11
DigitalOcean,me-central-1,Storage,16,64,500,2250,99.774,99.77,27.96,32.99,1675.37,0.339,92.0,87.25,80.64,0.0816,92.28,2.1,83.32,4.35,93.72
DigitalOcean,me-central-1,Database,64,256,1000,8050,99.768,99.94,32.43,44.63,7784.72,0.062,88.41,87.56,85.81,0.0864,89.02,1.885,75.52,4.28,93.68
DigitalOcean,me-central-1,Compute,64,256,2000,6507,99.718,99.33,28.81,39.53,6356.75,0.246,91.12,90.82,83.68,0.0715,81.07,2.335,80.85,4.28,92.21
DigitalOcean,me-central-1,Compute,4,16,500,730,99.825,99.56,25.48,35.98,689.85,0.27,89.62,87.76,84.81,0.0949,90.94,1.755,72.59,4.58,94.57
DigitalOcean,me-central-1,Kubernetes,16,64,500,1359,99.753,100,34.63,41.14,1325.19,0.196,93.94,92.01,87.03,0.0805,86.18,2.41,83.81,3.92,93.52
DigitalOcean,me-central-1,Networking,32,128,100,2464,99.825,99.84,27.83,40.29,1847.46,0.344,92.7,91.35,81.97,0.0574,87.45,1.895,67.06,4.21,94.03
DigitalOcean,me-central-1,AI,32,128,50,8878,99.861,100,30.1,32.76,6929.3,0.326,89.08,86.51,84.68,0.0678,93.99,1.113,84.36,4.18,95.95
DigitalOcean,me-central-1,Kubernetes,4,8,50,4632,99.768,99.21,34.21,36.22,4295.44,0.424,89.37,86.89,79.93,0.0995,78.38,2.126,78.06,4.05,91.12
DigitalOcean,me-central-1,Database,8,64,50,4763,99.779,99.83,41.12,52.84,4637.77,0.251,93.11,92.47,78.53,0.0659,92.0,2.18,76.87,3.91,92.74
DigitalOcean,me-central-1,Compute,8,16,100,171,99.766,99.49,26.71,39.82,135.05,0.245,86.29,81.71,83.3,0.0736,86.54,2.317,67.12,4.37,91.9
DigitalOcean,me-central-1,Compute,32,128,100,8041,99.783,100,36.68,44.45,6778.13,0.192,91.05,87.59,83.95,0.0801,90.8,1.911,76.63,4.1,93.87
DigitalOcean,me-central-1,Database,2,4,250,2672,99.8,100,34.64,46.53,2469.66,0.239,92.89,91.85,82.89,0.0624,90.4,1.99,79.93,4.1,93.99
DigitalOcean,me-central-1,Storage,2,16,50,5979,99.799,100,25.57,38.29,4355.77,0.412,90.61,89.23,84.66,0.0765,88.92,1.853,85.77,4.37,94.4
DigitalOcean,me-central-1,AI,4,8,500,6771,99.791,99.76,30.87,40.46,6207.68,0.113,87.2,86.18,81.6,0.0817,89.35,1.893,83.36,4.1,92.84
Linode,us-east-1,AI,2,8,50,6112,99.746,99.23,37.15,49.72,4356.04,0.445,87.28,85.8,83.24,0.0503,90.98,2.093,75.45,3.9,92.44
Linode,us-east-1,AI,4,16,500,9579,99.782,100,37.52,48.54,7503.18,0.466,88.87,87.29,81.44,0.0631,97.69,1.782,84.8,3.83,93.96
Linode,us-east-1,Compute,2,8,50,8997,99.655,99.93,28.74,39.23,8605.82,0.234,87.29,84.4,83.48,0.0541,88.53,3.248,80.86,4.24,90.32
Linode,us-east-1,Compute,4,8,50,4707,99.842,99.57,41.19,51.4,3612.1,0.433,88.96,85.11,85.57,0.0498,85.8,1.383,72.71,4.03,93.98
Linode,us-east-1,Kubernetes,8,16,50,5184,99.793,99.35,42.59,48.53,4959.71,0.521,88.85,88.63,80.63,0.0874,90.01,1.677,76.15,3.8,92.88
Linode,us-east-1,AI,4,16,1000,574,99.707,99.67,43.33,55.4,479.83,0.244,90.78,86.51,80.92,0.0688,92.59,2.83,88.08,3.63,91.16
Linode,us-east-1,Networking,4,16,500,8291,99.862,100,36.9,40.7,6643.93,0.145,87.2,83.22,81.0,0.07,89.69,1.102,76.68,4.05,94.18
Linode,us-east-1,Storage,4,32,2000,1214,99.836,100,31.55,45.05,1044.91,0.413,90.8,88.18,82.21,0.0818,82.71,1.515,84.3,4.29,93.8
Linode,us-east-1,Compute,8,16,1000,4462,99.748,99.93,38.3,46.14,3152.43,0.345,89.37,86.32,81.66,0.0643,88.31,2.087,86.48,4.1,92.41
Linode,us-east-1,Storage,32,64,1000,3575,99.783,100,41.4,52.83,3120.92,0.493,87.83,84.97,80.58,0.0536,88.94,1.867,81.43,3.71,92.31
Linode,us-east-1,Database,4,16,500,5315,99.682,99.5,32.82,35.6,4401.9,0.324,95.99,92.55,80.39,0.0763,97.07,2.597,71.45,4.25,93.66
Linode,us-east-1,Storage,64,512,1000,7907,99.762,99.94,32.44,34.55,6952.6,0.167,88.84,83.96,81.06,0.0373,91.04,2.256,76.86,4.21,92.45
Linode,us-east-1,Kubernetes,16,128,1000,8742,99.749,99.86,35.07,43.4,8310.96,0.226,92.3,90.11,88.46,0.0739,94.1,2.484,79.24,3.91,94.03
Linode,us-east-1,Storage,64,256,500,2353,99.782,99.22,40.33,53.19,1828.64,0.39,87.9,84.29,79.78,0.0483,88.49,1.996,75.09,3.96,91.81
Linode,us-east-1,Database,2,16,250,329,99.837,99.38,32.96,35.14,255.56,0.395,88.44,83.59,80.84,0.0514,91.48,1.358,72.49,4.16,94.17
Linode,us-east-1,AI,16,64,2000,2151,99.771,100,38.36,50.61,2020.07,0.437,90.57,87.54,84.19,0.1014,92.79,2.029,88.97,4.02,93.67
Linode,us-east-1,Networking,8,16,500,484,99.912,100,42.0,53.32,374.01,0.428,87.21,84.58,83.78,0.047,87.38,1.167,71.93,3.73,93.99
Linode,us-east-1,Database,32,256,500,2358,99.831,99.63,39.78,44.2,1817.56,0.301,89.23,88.09,78.03,0.0654,90.9,1.562,71.41,4.12,93.08
Linode,us-east-1,Compute,4,16,2000,1397,99.764,99.99,27.73,37.88,1204.63,0.18,89.47,89.09,83.83,0.0714,90.97,1.888,75.8,4.39,94.05
Linode,us-east-1,Compute,32,128,50,4765,99.779,99.52,34.33,37.72,4545.72,0.37,91.36,89.74,82.47,0.0872,84.22,1.962,76.42,4.31,92.94
Linode,us-east-1,Kubernetes,16,128,250,6655,99.846,99.96,39.76,50.74,5573.27,0.347,92.88,91.98,86.84,0.084,90.19,1.637,75.19,3.91,95.07
Linode,us-east-1,Compute,64,128,50,8276,99.795,99.82,32.37,44.43,6045.8,0.42,90.46,88.23,81.85,0.0512,89.0,1.84,77.36,4.02,93.57
Linode,us-east-1,Storage,16,32,100,4242,99.818,100,35.01,38.93,3009.22,0.429,86.9,85.68,82.33,0.0448,94.22,1.684,73.83,4.13,93.67
Linode,us-east-1,AI,16,128,2000,5934,99.831,99.93,36.31,49.36,4473.58,0.247,90.35,87.8,82.02,0.0582,89.98,1.394,82.81,3.92,94.44
Linode,us-east-1,Storage,32,256,500,5725,99.745,99.31,39.42,51.02,4906.69,0.508,89.51,85.1,80.2,0.0471,82.63,2.071,81.8,3.84,91.49
Linode,us-east-1,Storage,4,8,50,6643,99.825,99.87,33.52,48.08,5079.75,0.399,92.14,90.75,80.8,0.0755,88.61,1.463,79.0,4.06,94.47
Linode,us-east-1,Networking,32,256,250,5753,99.764,100,30.59,42.1,5555.3,0.438,96.45,91.96,79.66,0.0805,95.67,2.329,85.86,4.14,94.27
Linode,us-east-1,Database,8,64,500,2563,99.81,100,28.13,31.47,2372.14,0.323,87.63,83.66,87.02,0.0678,93.76,1.915,88.01,4.35,94.39
Linode,us-east-1,Database,8,16,1000,8420,99.823,100,39.47,43.15,6049.67,0.36,88.86,85.84,80.8,0.0755,93.65,1.479,92.81,3.84,93.98
Linode,us-east-1,Storage,32,256,50,128,99.764,100,38.18,51.21,109.8,0.296,89.89,84.95,80.82,0.071,93.91,2.153,78.24,4.14,92.86
Linode,us-east-1,Networking,8,16,250,4609,99.885,99.93,37.77,50.87,4119.05,0.358,91.38,89.73,81.95,0.0998,88.64,1.031,80.99,3.99,95.2
Linode,us-east-1,Database,8,32,1000,436,99.788,99.34,32.26,36.39,389.55,0.352,90.35,88.8,80.48,0.0619,86.95,2.012,87.07,4.26,92.68
Linode,us-east-1,Kubernetes,16,128,1000,9662,99.801,99.84,39.38,52.5,9391.89,0.427,86.5,82.89,82.33,0.0589,81.61,1.811,85.39,4.07,91.73
Linode,us-east-1,AI,16,32,250,3412,99.821,100,37.63,46.46,2534.5,0.489,87.71,84.6,81.08,0.0559,90.32,1.56,82.57,3.97,93.36
Linode,us-east-1,Networking,16,64,2000,5487,99.859,99.54,44.07,56.92,4134.05,0.35,91.25,89.75,80.3,0.0792,81.43,1.323,87.05,3.76,93.14
Linode,us-east-1,Kubernetes,4,32,250,7511,99.894,99.9,33.59,45.24,5580.76,0.428,86.09,85.57,86.71,0.0608,95.42,0.86,76.8,3.98,96.13
Linode,us-east-1,Compute,32,256,500,1719,99.761,99.8,37.75,48.17,1311.06,0.415,90.12,86.79,81.72,0.0528,88.1,2.198,82.2,4.06,92.34
Linode,us-east-1,Networking,32,128,2000,1652,99.821,99.83,31.98,44.4,1448.02,0.432,91.16,89.62,86.22,0.0529,95.4,1.825,68.42,4.07,95.14
Linode,us-east-1,AI,16,32,50,5851,99.809,100,36.42,49.79,4629.1,0.219,90.96,90.95,81.65,0.0465,96.47,1.923,88.64,4.1,94.08
Linode,us-east-1,Compute,4,8,2000,9214,99.726,99.52,36.06,50.48,8586.11,0.461,91.08,90.15,87.28,0.063,85.88,2.336,71.79,4.14,92.93
Linode,us-west-2,Compute,2,16,250,2779,99.749,99.8,29.12,31.46,2105.91,0.093,87.4,85.85,82.3,0.0855,85.12,2.174,79.94,4.17,92.04
Linode,us-west-2,Kubernetes,32,256,1000,6253,99.767,100,32.06,42.53,5565.1,0.487,89.89,88.5,81.09,0.0573,93.35,1.955,89.02,4.34,93.58
Linode,us-west-2,Compute,16,128,50,5912,99.682,99.17,37.78,48.19,5240.48,0.301,88.04,87.26,83.38,0.0505,80.56,2.573,88.88,3.83,90.46
Linode,us-west-2,Compute,64,512,500,7520,99.797,99.6,35.57,47.22,6011.76,0.419,90.76,88.72,83.49,0.0687,89.4,1.834,74.36,4.28,93.75
Linode,us-west-2,Networking,64,256,50,4528,99.806,100,47.91,58.42,4144.19,0.543,88.77,86.92,82.01,0.0414,92.94,1.726,86.49,3.71,93.11
Linode,us-west-2,Kubernetes,16,32,2000,2381,99.742,99.29,32.61,34.65,2316.15,0.356,87.33,83.32,82.52,0.0856,84.17,2.327,80.33,4.26,91.37
Linode,us-west-2,Database,64,128,50,5189,99.769,100,29.56,43.92,4887.35,0.396,92.5,91.4,77.13,0.0658,81.36,2.013,84.04,4.13,92.26
Linode,us-west-2,Kubernetes,4,32,1000,101,99.865,100,33.09,42.62,100,0.411,87.42,86.87,80.03,0.0689,86.69,1.112,68.24,4.34,93.94
Linode,us-west-2,Database,2,8,1000,994,99.808,99.65,42.62,46.16,823.73,0.409,91.53,88.12,82.91,0.0693,83.96,1.766,76.34,3.81,93.03
Linode,us-west-2,Networking,16,64,50,9401,99.835,99.25,33.32,46.07,6708.87,0.199,92.35,89.8,83.0,0.0498,98.05,1.753,76.63,4.15,95.16
Linode,us-west-2,Storage,16,64,1000,8933,99.731,99.58,34.75,41.99,6893.33,0.367,87.63,82.65,84.72,0.0827,94.79,2.419,79.84,3.93,92.64
Linode,us-west-2,Database,2,4,1000,7313,99.831,99.62,36.4,38.61,6118.61,0.216,91.16,86.45,89.74,0.0462,97.95,1.761,86.06,4.22,95.84
Linode,us-west-2,Kubernetes,16,64,2000,8650,99.829,100,34.34,40.16,7352.47,0.396,89.01,84.86,80.94,0.0452,96.39,1.781,83.32,4.14,93.96
Linode,us-west-2,Compute,8,16,1000,4663,99.775,99.4,32.88,46.66,4321.98,0.339,90.51,90.08,83.39,0.0459,100,2.001,88.33,4.35,94.55
Linode,us-west-2,Storage,32,256,50,4053,99.742,99.49,38.58,41.2,2863.69,0.368,89.08,88.78,85.19,0.0598,96.35,2.283,80.75,4.14,93.26
Linode,us-west-2,Compute,32,128,100,8202,99.693,99.11,31.94,42.03,8037.17,0.24,86.48,83.5,74.11,0.0648,93.87,2.799,60.97,4.02,89.89
Linode,us-west-2,Kubernetes,64,256,1000,1289,99.864,99.42,30.27,37.82,1013.57,0.489,91.87,89.54,85.1,0.0593,93.23,1.451,77.23,4.46,95.71
Linode,us-west-2,Compute,2,16,50,5708,99.785,99.89,28.41,30.56,4546.42,0.495,86.87,83.92,91.12,0.0561,91.01,2.031,78.88,4.12,94.3
Linode,us-west-2,Compute,4,8,100,1468,99.735,99.44,39.96,49.62,1241.31,0.306,90.5,88.95,83.69,0.0583,92.59,2.424,85.66,3.88,92.54
Linode,us-west-2,Kubernetes,32,128,1000,5772,99.866,99.53,27.99,30.49,4333.17,0.192,92.34,91.18,85.08,0.0594,83.01,1.076,77.69,4.48,95.66
Linode,us-west-2,Compute,64,256,50,8808,99.77,99.43,38.02,48.04,7840.16,0.326,89.92,86.44,82.86,0.0586,86.09,2.211,80.62,3.99,92.16
Linode,us-west-2,Database,2,4,250,5652,99.723,99.93,35.77,50.44,5188.7,0.313,85.95,81.03,79.45,0.0976,87.01,2.323,80.13,4.19,90.84
Linode,us-west-2,AI,2,16,100,8209,99.793,99.93,39.45,54.2,7808.6,0.417,89.73,89.0,80.44,0.0537,93.74,1.768,70.26,3.96,93.49
Linode,us-west-2,Database,16,64,500,2816,99.735,100,33.52,44.74,2670.17,0.324,89.19,86.57,82.34,0.0821,93.95,2.549,77.55,4.1,92.36
Linode,us-west-2,Kubernetes,2,8,2000,8964,99.816,100,38.29,42.62,7191.71,0.321,89.76,85.93,84.65,0.0829,84.55,1.564,84.72,3.84,93.7
Linode,us-west-2,Storage,64,128,500,418,99.743,99.6,34.44,38.3,355.63,0.369,89.78,87.73,80.56,0.0606,88.0,2.16,81.27,4.17,92.29
Linode,us-west-2,Kubernetes,64,256,2000,500,99.825,99.92,34.79,40.51,392.1,0.527,88.2,86.31,85.67,0.0637,90.66,1.874,71.01,4.22,93.7
Linode,us-west-2,Storage,2,4,500,9768,99.742,100,32.63,45.67,8273.53,0.425,91.88,89.12,78.49,0.0426,100,2.189,82.79,4.12,93.76
Linode,us-west-2,Networking,64,512,500,5508,99.711,100,36.94,48.81,5158.85,0.376,89.77,86.64,78.54,0.0725,92.39,2.45,82.06,4.23,91.74
Linode,us-west-2,Networking,4,16,500,4300,99.75,99.53,28.57,32.16,3168.34,0.137,87.58,83.17,80.04,0.0569,92.07,2.258,85.51,4.28,92.26
Linode,us-west-2,AI,4,32,1000,4408,99.783,100,35.93,47.29,3559.96,0.398,91.01,88.1,80.37,0.0739,91.2,2.047,76.31,4.19,93.09
Linode,us-west-2,Storage,8,64,500,1833,99.79,99.82,32.0,41.78,1617.18,0.257,88.79,87.91,79.88,0.0514,85.8,2.005,77.71,4.28,92.24
Linode,us-west-2,Compute,4,16,100,9063,99.722,99.15,34.01,48.27,8057.29,0.407,90.15,88.23,77.95,0.078,83.96,2.668,91.32,4.33,90.41
Linode,us-west-2,Storage,8,64,2000,2957,99.819,99.48,33.61,42.26,2401.29,0.345,88.72,86.19,90.07,0.0548,95.53,1.702,80.51,4.01,95.37
Linode,us-west-2,AI,2,4,100,7170,99.84,99.32,30.1,43.33,6011.46,0.197,90.79,87.21,82.08,0.0626,100,1.671,81.78,4.34,95.24
Linode,us-west-2,Kubernetes,8,64,100,864,99.809,99.97,23.65,30.54,742.69,0,89.93,89.32,82.56,0.0706,92.49,1.886,90.71,4.34,94.33
Linode,us-west-2,Compute,8,32,100,9903,99.894,99.43,40.39,47.41,9401.92,0.451,88.15,87.07,83.08,0.0728,91.8,1.157,80.75,3.92,94.55
Linode,us-west-2,Kubernetes,16,32,250,3011,99.761,99.38,27.29,30.48,2524.12,0.223,88.5,88.38,85.46,0.0592,98.33,1.953,81.86,4.42,94.66
Linode,us-west-2,Storage,4,16,50,9164,99.808,99.97,33.8,36.04,7889.68,0.374,92.46,88.27,88.91,0.0709,92.87,1.987,85.55,4.09,95.16
Linode,us-west-2,Compute,4,32,2000,394,99.856,99.33,37.68,48.17,381.15,0.464,92.17,90.61,87.24,0.0589,82.26,1.435,84.18,3.96,94.58
Linode,eu-west-1,Database,64,128,500,687,99.844,99.98,33.16,38.83,652.96,0.41,88.85,88.81,85.54,0.0511,77.84,1.274,87.29,4.01,93.83
Linode,eu-west-1,Networking,4,8,100,6037,99.913,99.8,36.69,39.58,5426.49,0.289,90.8,86.11,83.26,0.072,86.55,0.856,92.41,3.98,95.48
Linode,eu-west-1,Networking,8,16,100,3726,99.783,99.66,34.18,48.33,3021.14,0.4,90.53,85.65,87.74,0.081,87.48,2.151,89.61,4.19,93.58
Linode,eu-west-1,AI,64,256,500,5628,99.795,99.78,40.14,48.86,4289.9,0.292,88.67,85.65,84.94,0.0629,90.41,2.12,80.83,4.12,92.83
Linode,eu-west-1,Database,8,16,500,2420,99.766,99.18,30.79,35.93,1723.68,0.284,89.84,85.69,78.9,0.053,90.33,1.933,70.93,4.08,92.89
Linode,eu-west-1,AI,8,64,2000,4858,99.727,99.5,39.25,51.17,4275.01,0.503,91.37,91.36,83.28,0.0816,90.46,2.641,75.31,3.94,92.03
Linode,eu-west-1,Kubernetes,2,8,2000,359,99.803,100,33.37,39.84,300.21,0.269,89.8,87.85,84.69,0.0674,78.63,2.032,74.47,4.35,92.36
Linode,eu-west-1,Storage,2,8,2000,2713,99.751,100,29.91,34.46,2588.46,0.242,88.09,83.69,80.24,0.056,92.2,2.297,70.55,4.27,92.34
Linode,eu-west-1,Networking,2,4,50,4312,99.858,99.55,27.03,31.98,4200.5,0.292,89.13,87.25,82.36,0.0913,93.46,1.527,79.83,4.28,94.76
Linode,eu-west-1,Database,64,256,50,9636,99.898,99.93,31.29,40.84,7654.77,0.39,94.91,94.66,82.99,0.0398,86.62,0.991,93.44,4.14,96.33
Linode,eu-west-1,AI,8,32,100,5263,99.691,99.66,39.07,44.37,3883.38,0.339,94.14,91.09,82.52,0.0607,96.83,2.682,84.34,4.14,93.1
Linode,eu-west-1,Compute,2,8,2000,7155,99.763,99.33,31.28,37.12,5310.75,0.316,90.07,89.2,82.31,0.0949,89.22,2.146,74.09,4.16,92.91
Linode,eu-west-1,AI,4,16,2000,1628,99.759,99.41,35.79,41.68,1224.71,0.487,87.94,87.46,82.69,0.0621,95.5,1.959,88.2,4.13,93.35
Linode,eu-west-1,Networking,8,64,100,9171,99.814,100,36.69,43.97,6943.97,0.371,92.69,87.9,77.88,0.0578,95.11,1.8,69.61,4.07,93.95
Linode,eu-west-1,Database,8,32,50,2338,99.823,99.58,28.55,35.86,2253.62,0.268,88.46,85.69,84.36,0.0931,90.5,1.886,86.22,4.29,93.78
Linode,eu-west-1,Storage,2,16,2000,1373,99.681,99.66,23.24,37.79,1323.49,0.236,91.26,91.18,90.64,0.053,94.65,2.838,85.39,4.64,94.05
Linode,eu-west-1,AI,32,128,2000,5587,99.792,99.92,33.1,43.99,4283.87,0.305,90.12,86.75,80.45,0.0514,100,1.733,80.38,4.14,94.64
Linode,eu-west-1,Compute,2,16,1000,678,99.796,99.42,32.48,45.94,637.15,0.387,89.82,87.65,77.2,0.0671,90.74,2.059,88.9,4.29,92.35
Linode,eu-west-1,Kubernetes,4,32,1000,4843,99.871,99.29,35.76,39.61,4254.37,0.259,93.67,93.06,82.68,0.0664,93.98,1.374,86.94,4.23,95.64
Linode,eu-west-1,Database,2,16,250,8046,99.76,99.67,43.48,56.53,6322.79,0.509,90.99,89.45,81.06,0.0489,89.82,2.212,82.03,3.8,92.24
Linode,eu-west-1,Kubernetes,4,8,2000,5300,99.789,99.9,31.14,39.14,4445.08,0.206,87.66,86.53,79.45,0.1028,95.7,1.774,83.04,4.05,93.52
Linode,eu-west-1,Storage,2,4,2000,1391,99.655,99.25,29.85,42.33,1100.85,0.226,90.66,89.5,83.48,0.0556,89.3,2.811,84.72,4.21,91.86
Linode,eu-west-1,Networking,4,32,1000,7373,99.732,99.14,39.09,53.21,5338.33,0.32,88.16,85.8,79.63,0.0563,85.26,2.547,78.38,4.07,90.38
Linode,eu-west-1,Compute,4,16,250,3622,99.73,99.25,36.15,41.57,2603.74,0.481,91.49,89.09,81.31,0.0724,99.17,2.304,72.88,4.1,93.49
Linode,eu-west-1,Database,2,16,250,7657,99.712,99.94,40.77,49.03,5413.87,0.439,90.24,89.64,85.2,0.0774,94.55,2.703,77.52,3.73,92.38
Linode,eu-west-1,AI,16,32,50,1700,99.801,99.81,30.29,38.44,1345.56,0.348,94.01,91.4,84.72,0.0747,90.87,1.958,80.65,4.41,94.83
Linode,eu-west-1,Database,64,256,500,8408,99.781,99.69,26.63,35.51,6838.13,0.278,87.9,83.41,81.76,0.0478,79.21,1.779,72.74,4.31,92.39
Linode,eu-west-1,Compute,8,32,2000,3124,99.708,99.54,32.61,39.51,2564.88,0.25,90.83,87.01,82.48,0.0762,84.88,2.799,81.4,4.3,91.22
Linode,eu-west-1,Compute,32,64,100,7496,99.862,99.79,31.39,33.48,6484.43,0.364,89.9,85.41,86.73,0.0529,89.67,1.274,79.65,4.38,95.55
Linode,eu-west-1,AI,16,64,500,6857,99.789,99.32,37.56,46.77,5716.25,0.125,93.28,90.91,78.98,0.0448,82.08,1.736,77.3,3.89,92.85
Linode,eu-west-1,Networking,2,16,50,6060,99.771,99.22,37.25,42.49,5225.53,0.294,91.71,91.39,84.66,0.0827,92.65,2.3,80.51,4.2,93.34
Linode,eu-west-1,Compute,16,128,500,6713,99.85,99.94,35.4,42.78,5281.36,0.467,89.99,89.97,81.87,0.0714,95.96,1.549,80.03,4.09,94.7
Linode,eu-west-1,AI,4,32,1000,4086,99.723,100,36.95,46.32,3548.64,0.159,93.46,89.0,80.38,0.0396,89.76,2.683,82.8,3.98,92.04
Linode,eu-west-1,Compute,2,8,500,9474,99.751,99.78,39.37,50.85,7281.95,0.414,91.21,89.02,78.04,0.0507,89.35,2.113,82.44,3.81,92.21
Linode,eu-west-1,Database,8,32,2000,2709,99.792,100,36.3,47.13,2423.49,0.339,83.5,82.12,82.01,0.0493,90.9,1.804,84.48,3.86,92.23
Linode,eu-west-1,Storage,8,32,50,2696,99.852,100,36.19,42.19,2458.86,0.449,91.44,88.72,84.73,0.0676,98.47,1.345,77.96,3.89,96.11
Linode,eu-west-1,AI,16,64,500,515,99.751,99.58,24.64,34.97,387.64,0.355,87.83,84.92,78.79,0.0527,93.56,2.345,80.71,4.37,92.31
Linode,eu-west-1,Kubernetes,32,128,2000,3693,99.84,99.51,33.92,45.56,3548.3,0.342,89.27,84.96,84.26,0.0819,91.06,1.696,81.23,4.14,94.1
Linode,eu-west-1,AI,32,128,1000,2362,99.775,99.49,32.02,46.67,1877.73,0.324,86.92,84.72,83.17,0.0422,89.37,2.267,89.25,4.32,92.13
Linode,eu-west-1,Kubernetes,16,32,250,2238,99.785,99.52,38.52,48.84,1680.91,0.434,93.64,92.78,79.41,0.0602,89.2,1.799,87.39,3.82,93.59
Linode,eu-central-1,AI,2,16,50,3936,99.742,99.63,36.56,49.4,3597.25,0.36,92.12,90.6,81.89,0.0697,78.64,2.315,82.96,4.0,91.57
Linode,eu-central-1,Compute,2,16,2000,6249,99.749,99.87,42.18,52.17,4400.86,0.254,90.14,87.66,85.05,0.0647,89.81,2.308,71.6,3.98,92.59
Linode,eu-central-1,AI,4,8,1000,5080,99.864,99.58,36.21,49.93,4685.87,0.308,91.8,89.98,81.0,0.0789,88.23,1.125,78.15,4.01,94.92
Linode,eu-central-1,Compute,2,4,2000,8216,99.749,99.99,29.13,35.52,7555.27,0.132,90.79,86.97,85.75,0.078,97.7,2.162,85.84,4.49,94.68
Linode,eu-central-1,Compute,64,256,500,2007,99.677,99.37,40.9,55.68,1783.69,0.493,87.0,86.18,83.12,0.0794,95.04,2.804,74.27,3.82,91.1
Linode,eu-central-1,Kubernetes,32,64,250,3588,99.8,99.22,41.08,48.95,3394.5,0.305,91.08,89.12,84.72,0.0609,86.11,1.833,75.55,3.7,93.31
Linode,eu-central-1,Database,2,8,100,3957,99.833,100,31.36,45.74,3670.53,0.256,89.54,86.02,86.35,0.0424,91.12,1.627,78.62,4.22,94.85
Linode,eu-central-1,Storage,32,256,50,4825,99.846,100,38.59,47.43,3638.19,0.62,92.84,90.89,81.16,0.0444,95.53,1.365,88.77,3.94,95.37
Linode,eu-central-1,Compute,4,32,2000,3512,99.839,99.56,31.27,34.18,3134.8,0.247,90.41,86.16,88.92,0.0471,86.13,1.369,84.01,4.19,95.4
Linode,eu-central-1,Compute,16,32,250,6671,99.716,100,40.08,42.83,6081.41,0.166,91.73,87.41,82.66,0.0671,88.33,2.594,77.81,3.86,91.91
Linode,eu-central-1,Compute,2,8,50,3968,99.746,99.28,37.62,50.08,3837.97,0.513,87.96,84.36,81.92,0.0543,83.52,2.363,84.04,4.13,91.0
Linode,eu-central-1,Networking,32,128,500,5238,99.764,99.79,38.86,48.72,5106.56,0.398,87.82,85.13,81.31,0.0351,80.09,2.055,75.07,4.09,91.19
Linode,eu-central-1,AI,32,64,500,9733,99.729,99.71,36.71,45.04,9418.32,0.376,86.2,83.17,84.96,0.0638,88.74,2.555,79.39,3.94,91.37
Linode,eu-central-1,Storage,16,32,1000,1389,99.832,99.52,34.72,46.42,1182.02,0.356,89.85,88.45,85.96,0.067,91.61,1.795,76.23,4.29,94.3
Linode,eu-central-1,Database,8,32,250,5729,99.782,99.5,30.47,38.45,4671.14,0.388,88.47,88.19,83.01,0.0761,88.76,2.072,86.98,4.21,92.87
Linode,eu-central-1,Networking,16,32,100,7453,99.655,99.71,31.77,40.57,7180.04,0.403,88.88,88.79,82.5,0.0776,83.03,3.063,75.13,4.22,90.12
Linode,eu-central-1,Networking,16,64,50,1841,99.816,100,40.44,44.69,1610.4,0.476,92.15,89.09,78.54,0.0639,88.92,1.631,89.19,4.0,93.44
Linode,eu-central-1,Storage,16,32,50,7951,99.793,99.42,33.53,45.08,6463.46,0.201,88.27,87.11,84.7,0.0611,92.69,2.08,76.21,4.14,93.32
Linode,eu-central-1,Storage,2,4,100,6818,99.842,99.27,39.43,44.71,5946.61,0.374,90.58,88.15,82.33,0.0789,86.25,1.462,77.69,4.04,93.74
Linode,eu-central-1,Compute,8,64,2000,5612,99.784,99.43,37.07,46.1,4954.11,0.348,91.11,88.45,82.65,0.0828,91.44,1.745,79.79,4.02,93.98
Linode,eu-central-1,Storage,64,512,100,407,99.729,99.3,41.24,50.06,321.52,0.39,89.54,89.15,84.73,0.0714,89.19,2.476,80.51,3.73,91.95
Linode,eu-central-1,AI,8,16,250,2112,99.854,99.43,32.51,36.4,1671.81,0.268,86.64,83.39,77.71,0.0755,94.8,1.379,67.29,4.0,93.64
Linode,eu-central-1,Storage,64,128,100,3806,99.793,99.57,38.56,40.82,3664.5,0.224,89.93,87.96,77.68,0.0794,94.39,1.931,70.37,3.91,92.81
Linode,eu-central-1,Kubernetes,32,256,250,969,99.785,99.82,31.77,42.04,682.07,0.393,94.18,90.83,83.21,0.0711,89.43,2.187,77.76,4.31,93.91
Linode,eu-central-1,AI,8,64,250,4711,99.774,99.43,35.62,47.49,4376.98,0.378,92.18,91.32,79.99,0.0597,89.27,1.951,78.91,4.04,93.2
Linode,eu-central-1,Networking,32,64,2000,8458,99.81,99.92,33.82,38.58,6631.25,0.361,87.63,85.91,84.62,0.0579,82.78,1.96,81.3,3.95,92.45
Linode,eu-central-1,Database,16,128,2000,138,99.639,99.28,35.27,50.25,100,0.362,89.15,84.92,76.77,0.0392,81.36,3.032,80.96,4.11,88.9
Linode,eu-central-1,Networking,32,64,1000,5298,99.867,99.62,35.72,38.39,4503.24,0.503,93.13,91.04,81.13,0.0762,86.54,1.237,84.13,4.27,94.84
Linode,eu-central-1,Database,64,256,50,1668,99.728,99.4,30.09,37.8,1330.49,0.242,90.37,88.79,80.85,0.1013,86.48,2.34,74.31,4.23,92.11
Linode,eu-central-1,Database,8,16,1000,369,99.775,100,32.17,46.01,260.04,0.27,91.46,86.84,81.09,0.0609,92.93,2.174,75.84,4.04,93.41
Linode,eu-central-1,Networking,64,128,1000,541,99.812,99.54,32.59,46.89,419.84,0.309,91.07,90.95,77.79,0.0827,94.17,1.88,73.8,4.1,93.47
Linode,eu-central-1,Compute,16,32,1000,5040,99.752,99.93,32.6,43.59,4652.24,0.315,90.99,87.98,78.77,0.0685,83.76,2.399,80.39,4.11,91.46
Linode,eu-central-1,Compute,32,256,1000,5891,99.795,100,29.98,44.2,4999.17,0.38,91.04,90.14,87.7,0.0638,86.25,1.65,71.85,4.26,94.88
Linode,eu-central-1,Database,64,128,1000,9971,99.705,99.56,32.2,40.99,8741.83,0.177,90.83,90.74,79.3,0.0942,82.61,2.56,76.82,4.33,91.0
Linode,eu-central-1,Database,64,512,500,7763,99.824,99.8,35.06,45.37,5774.37,0.451,86.31,86.04,84.17,0.0489,88.81,1.63,86.1,4.28,93.35
Linode,eu-central-1,Database,64,128,50,4230,99.704,99.58,39.97,44.67,4040.24,0.613,88.75,86.09,76.49,0.0657,92.3,2.378,71.73,4.12,91.12
Linode,eu-central-1,Networking,64,256,250,313,99.775,99.37,32.33,42.82,227.97,0.106,90.75,90.46,82.67,0.0847,90.0,2.176,69.47,4.14,93.09
Linode,eu-central-1,Storage,2,16,500,4239,99.885,99.86,31.29,38.69,3065.29,0.13,83.89,81.45,75.5,0.0783,91.6,1.13,76.3,4.26,93.04
Linode,eu-central-1,Compute,64,512,50,9008,99.792,99.37,44.91,55.38,8578.36,0.454,87.85,85.23,80.04,0.1045,94.66,1.705,71.25,3.6,92.88
Linode,eu-central-1,Networking,16,64,50,6378,99.846,99.74,30.58,32.89,4942.83,0.426,87.23,86.75,80.82,0.0935,87.45,1.379,82.75,4.33,93.63
Linode,ap-south-1,AI,8,32,500,1995,99.805,99.46,35.3,40.38,1616.28,0.124,85.9,85.08,85.23,0.0639,88.15,2.012,78.36,4.11,92.49
Linode,ap-south-1,Database,2,16,2000,4314,99.7,99.74,36.32,46.84,4024.43,0.333,89.68,88.32,77.26,0.0428,81.5,2.625,75.69,4.04,89.99
Linode,ap-south-1,AI,16,64,500,9808,99.825,100,35.38,46.85,8874.48,0.264,90.01,86.17,83.99,0.0609,78.72,1.713,91.24,4.28,92.88
Linode,ap-south-1,Compute,32,256,1000,9667,99.808,99.5,32.62,43.93,8998.94,0.245,91.8,89.11,82.26,0.0567,97.31,1.733,82.1,4.03,94.96
Linode,ap-south-1,Kubernetes,8,64,1000,2952,99.845,100,35.73,47.73,2093.08,0.456,89.86,85.8,82.44,0.07,94.61,1.415,75.45,3.99,94.89
Linode,ap-south-1,Compute,4,32,100,5695,99.839,100,37.19,39.88,5291.84,0.432,89.3,86.93,78.15,0.0607,92.43,1.707,94.93,3.95,93.17
Linode,ap-south-1,Storage,32,64,2000,4330,99.663,99.83,31.45,45.01,4017.52,0.331,87.22,86.68,81.97,0.0648,93.31,2.955,74.91,4.14,91.03
Linode,ap-south-1,Storage,2,8,250,7709,99.813,99.87,34.03,42.74,5611.99,0.194,89.12,84.2,83.58,0.0694,89.57,1.496,74.04,4.16,94.27
Linode,ap-south-1,Database,8,16,50,5569,99.82,99.65,38.4,40.56,4213.25,0.356,92.27,89.64,80.78,0.0769,87.58,1.822,71.42,4.06,93.34
Linode,ap-south-1,Storage,16,32,250,5193,99.732,99.7,37.28,43.73,3913.45,0.104,88.16,85.25,83.72,0.0426,91.68,2.305,76.75,3.9,92.39
Linode,ap-south-1,Compute,64,512,250,1548,99.708,99.83,40.56,51.02,1098.34,0.364,89.97,88.64,73.99,0.0555,88.77,2.664,84.13,3.86,90.02
Linode,ap-south-1,Networking,64,256,2000,1356,99.692,100,45.6,56.28,986.26,0.381,90.44,88.9,80.13,0.0844,91.34,2.831,85.56,3.78,90.76
Linode,ap-south-1,AI,2,8,2000,5745,99.763,99.85,29.81,35.59,4391.38,0.338,95.29,91.21,78.65,0.0509,83.17,2.095,88.69,4.3,93.06
Linode,ap-south-1,AI,64,512,50,5357,99.775,99.81,28.65,33.16,4346.29,0.193,89.39,84.68,77.49,0.0989,89.21,2.288,82.99,4.4,91.92
Linode,ap-south-1,Storage,4,16,100,5371,99.774,100,35.56,45.74,5257.94,0.249,91.44,90.71,81.55,0.0883,88.05,2.189,79.38,4.1,92.75
Linode,ap-south-1,Compute,2,16,500,4855,99.794,99.8,40.54,45.15,3787.36,0.362,90.15,87.73,85.87,0.0621,94.22,1.846,83.51,3.78,94.24
Linode,ap-south-1,AI,16,128,100,9277,99.786,99.37,33.89,40.8,7304.78,0.322,91.18,86.87,87.27,0.0639,88.02,1.928,76.85,4.03,94.14
Linode,ap-south-1,Database,16,64,500,3752,99.786,99.96,38.06,43.34,2735.96,0.193,88.21,87.3,84.14,0.0923,90.92,2.171,76.19,4.04,92.68
Linode,ap-south-1,Kubernetes,2,8,1000,3016,99.834,99.86,36.56,40.43,2500.82,0.368,88.65,88.51,86.58,0.0836,96.33,1.605,76.08,4.11,95.0
Linode,ap-south-1,AI,8,64,250,8726,99.845,99.74,33.71,37.21,7133.17,0.219,90.0,87.82,81.22,0.0552,93.14,1.51,80.57,4.1,94.43
Linode,ap-south-1,Compute,4,32,100,4296,99.763,99.27,37.5,44.53,4154.11,0.38,90.71,89.47,78.28,0.078,94.42,1.901,69.98,4.09,93.14
Linode,ap-south-1,AI,8,16,50,9581,99.783,99.76,34.15,39.04,6974.48,0.29,89.66,88.81,79.04,0.055,88.16,2.058,81.86,4.01,92.3
Linode,ap-south-1,Networking,8,32,1000,234,99.778,99.37,33.09,41.46,194.91,0.402,88.74,83.77,84.44,0.0638,96.5,1.831,80.29,4.13,94.31
Linode,ap-south-1,Compute,16,64,250,8086,99.681,99.25,30.92,33.29,5691.92,0.165,91.79,88.12,81.28,0.0426,85.69,2.95,72.11,4.33,91.03
Linode,ap-south-1,Kubernetes,32,256,500,5437,99.751,99.28,33.85,39.12,4041.19,0.236,88.49,86.22,80.67,0.0658,92.21,2.058,83.63,4.12,92.67
Linode,ap-south-1,Storage,8,32,100,6883,99.798,99.45,35.18,48.47,4833.81,0.332,90.28,90.24,81.67,0.0651,84.06,2.048,93.75,4.11,92.34
Linode,ap-south-1,Storage,32,128,1000,7948,99.73,99.19,29.89,41.72,7022.7,0.276,89.32,85.02,81.3,0.0456,90.5,2.257,80.67,4.4,92.54
Linode,ap-south-1,Storage,4,32,1000,7757,99.738,99.14,38.99,52.06,5793.34,0.365,96.15,95.85,82.85,0.0337,87.62,2.446,82.28,3.99,93.04
Linode,ap-south-1,Kubernetes,32,256,100,9837,99.757,99.36,41.93,50.93,7311.96,0.354,89.58,85.17,81.25,0.0492,92.84,2.372,68.92,3.74,91.99
Linode,ap-south-1,Networking,64,512,250,5405,99.777,100,36.39,50.61,4705.73,0.386,91.38,89.1,77.07,0.0514,85.19,1.962,86.77,4.15,92.17
Linode,ap-south-1,Networking,4,32,1000,1696,99.806,99.29,33.93,43.14,1472.07,0.19,92.83,89.89,88.15,0.045,90.83,1.737,78.45,4.03,95.31
Linode,ap-south-1,AI,32,128,50,7122,99.746,99.47,35.71,45.46,6298.84,0.32,87.57,87.09,80.42,0.0837,84.64,2.488,79.38,3.95,90.67
Linode,ap-south-1,AI,32,64,500,2749,99.745,99.7,34.7,44.33,2321.54,0.235,93.88,91.77,81.23,0.0259,92.76,2.063,82.97,4.17,93.96
Linode,ap-south-1,Storage,2,8,2000,3137,99.884,100,34.4,46.83,2685.54,0.295,91.35,90.29,79.61,0.0536,87.66,0.972,77.29,4.19,95.04
Linode,ap-south-1,Storage,64,512,100,5509,99.739,99.15,41.15,49.65,4932.21,0.312,87.99,84.99,85.04,0.079,88.46,2.443,87.34,3.87,91.65
Linode,ap-south-1,Networking,4,16,100,4576,99.778,99.22,31.81,42.63,4030.29,0.247,91.81,88.95,77.19,0.0551,89.23,1.778,85.2,4.35,93.21
Linode,ap-south-1,AI,8,32,50,5990,99.81,100,30.78,39.01,5005.76,0.352,86.27,81.48,84.08,0.0624,98.09,1.661,74.7,4.39,94.49
Linode,ap-south-1,Storage,32,64,1000,1648,99.837,100,30.35,35.82,1170.65,0.266,87.91,85.39,79.09,0.0598,84.62,1.532,82.48,4.18,92.93
Linode,ap-south-1,Storage,4,8,250,9335,99.745,99.52,35.54,50.44,7185.84,0.541,90.03,85.78,81.44,0.0613,78.45,2.431,85.47,4.14,90.83
Linode,ap-south-1,Compute,8,64,500,9233,99.768,99.57,38.52,50.43,7860.7,0.633,92.23,91.39,83.15,0.0523,88.85,1.99,85.06,4.14,93.45
Linode,ap-southeast-1,Networking,2,4,100,5726,99.759,99.67,38.26,46.04,4433.1,0.425,91.03,87.9,80.2,0.0666,92.97,2.179,79.84,3.86,92.79
Linode,ap-southeast-1,Database,64,256,250,677,99.751,99.54,40.82,50.66,514.09,0.418,90.58,90.06,82.81,0.0778,91.14,2.162,85.39,3.93,92.8
Linode,ap-southeast-1,AI,64,512,250,5436,99.762,99.62,34.07,39.27,4680.19,0.478,90.46,87.12,80.35,0.061,91.63,2.366,86.49,4.3,92.38
Linode,ap-southeast-1,Kubernetes,2,4,2000,6283,99.708,99.71,37.52,50.3,4916.22,0.416,93.95,91.35,79.33,0.0833,88.25,2.606,61.99,4.13,91.91
Linode,ap-southeast-1,Kubernetes,32,128,500,4243,99.824,99.86,34.98,49.31,3725.53,0.366,90.56,90.15,79.05,0.0833,95.77,1.675,91.43,4.03,94.09
Linode,ap-southeast-1,Networking,16,64,2000,5283,99.773,99.91,34.8,45.05,4131.39,0.469,92.81,88.62,84.04,0.0623,93.16,1.895,79.09,4.18,94.61
Linode,ap-southeast-1,Database,2,4,500,425,99.737,99.67,39.49,54.43,355.82,0.596,94.13,91.02,84.49,0.0618,85.1,2.37,86.35,3.92,92.82
Linode,ap-southeast-1,Database,32,64,2000,2894,99.771,99.48,35.88,40.61,2053.95,0.25,89.5,86.59,81.62,0.0747,86.5,2.221,82.1,3.97,92.02
Linode,ap-southeast-1,Database,8,64,2000,2925,99.817,100,41.97,47.73,2615.1,0.576,85.54,81.71,83.71,0.0494,90.0,1.622,82.51,3.76,92.92
Linode,ap-southeast-1,Kubernetes,2,8,1000,2157,99.739,99.21,34.63,37.92,1590.71,0.329,90.43,87.8,80.35,0.0647,89.25,2.219,80.44,4.06,92.33
Linode,ap-southeast-1,AI,16,32,250,4585,99.801,99.48,38.13,51.65,3742.43,0.552,91.45,89.62,93.13,0.0443,89.07,1.783,77.89,3.96,95.33
Linode,ap-southeast-1,Compute,64,256,50,2902,99.779,99.31,36.56,46.88,2617.33,0.422,93.71,93.24,80.33,0.0789,86.8,2.13,81.89,4.05,92.87
Linode,ap-southeast-1,Storage,8,64,2000,5211,99.76,99.42,34.45,45.85,3722.54,0.386,89.48,85.09,80.89,0.0434,95.48,2.04,90.68,3.95,93.29
Linode,ap-southeast-1,Networking,2,8,50,1999,99.859,99.77,34.77,44.63,1401.69,0.266,90.68,89.34,84.76,0.0682,87.52,1.366,85.66,4.08,94.8
Linode,ap-southeast-1,Database,4,8,250,6096,99.838,99.54,33.75,45.76,5136.2,0.307,92.04,88.15,81.42,0.0459,85.38,1.573,81.98,4.32,93.91
Linode,ap-southeast-1,Compute,64,256,500,3516,99.834,99.24,28.18,39.73,3354.56,0.422,89.94,86.57,82.09,0.0962,89.84,1.392,79.85,4.38,94.67
Linode,ap-southeast-1,Networking,16,64,50,5558,99.709,99.51,39.0,48.95,4430.63,0.33,91.95,89.28,85.62,0.0488,91.22,2.814,69.89,3.87,92.24
Linode,ap-southeast-1,Storage,4,8,100,2872,99.786,100,36.14,38.97,2203.58,0.43,92.06,89.24,82.83,0.0822,91.23,1.761,89.39,4.11,94.29
Linode,ap-southeast-1,Networking,8,64,50,1589,99.87,99.95,25.62,34.74,1177.7,0.437,90.56,87.79,83.74,0.0523,86.8,1.096,88.77,4.5,95.62
Linode,ap-southeast-1,AI,4,32,250,5504,99.782,99.28,37.14,39.43,4990.52,0.417,92.11,92.03,84.05,0.0783,95.73,1.862,85.04,3.99,94.59
Linode,ap-southeast-1,AI,64,512,100,4437,99.766,99.55,31.93,43.22,3901.87,0.386,90.15,88.53,78.67,0.052,92.95,1.985,75.47,4.24,93.09
Linode,ap-southeast-1,AI,8,64,2000,8610,99.777,100,41.44,50.43,7955.27,0.366,92.57,90.28,88.27,0.0705,82.26,2.264,80.49,3.98,92.97
Linode,ap-southeast-1,Storage,4,8,2000,7717,99.806,99.68,35.33,39.0,5933.41,0.441,92.7,91.03,80.76,0.0495,85.71,2.025,78.98,4.09,92.96
Linode,ap-southeast-1,Storage,16,32,1000,2485,99.766,100,42.06,55.31,2204.65,0.28,89.81,88.31,79.94,0.0751,86.86,1.966,82.7,4.0,92.15
Linode,ap-southeast-1,Networking,4,8,100,8784,99.81,99.59,32.9,46.96,7921.43,0.431,90.94,85.97,83.75,0.0653,93.88,1.607,78.59,4.14,94.92
Linode,ap-southeast-1,Storage,8,16,2000,1671,99.832,99.75,34.97,44.65,1250.07,0.319,90.74,87.36,83.51,0.0477,85.41,1.42,83.49,4.07,94.26
Linode,ap-southeast-1,Storage,64,512,250,666,99.77,99.72,43.61,53.96,595.64,0.387,93.44,89.14,80.73,0.0362,97.38,2.071,84.77,3.67,93.8
Linode,ap-southeast-1,AI,64,512,500,8430,99.749,99.42,30.84,44.89,7760.44,0.499,90.02,86.83,85.13,0.0597,91.28,2.018,74.74,4.3,93.87
Linode,ap-southeast-1,Kubernetes,64,128,250,7915,99.812,99.52,36.84,38.9,7087.72,0.372,91.95,88.94,82.3,0.0517,85.88,1.716,82.75,4.06,93.61
Linode,ap-southeast-1,Networking,64,512,250,2855,99.789,99.85,33.19,40.14,2436.34,0.316,86.78,83.92,74.57,0.0872,87.04,1.869,87.41,4.01,91.34
Linode,ap-southeast-1,Database,2,16,100,5554,99.821,99.97,29.54,34.97,4461.61,0.343,90.94,90.63,77.78,0.0831,82.07,1.741,73.36,4.41,92.69
Linode,ap-southeast-1,Database,2,4,500,6787,99.69,99.13,37.85,50.61,5715.14,0.431,89.82,88.31,75.19,0.0915,83.53,2.957,83.42,4.14,89.03
Linode,ap-southeast-1,Kubernetes,8,16,2000,2653,99.833,99.9,35.52,42.82,2488.77,0.349,91.68,91.39,80.36,0.0493,89.7,1.366,88.07,3.95,94.52
Linode,ap-southeast-1,Storage,2,8,100,4466,99.799,99.56,36.88,44.23,3887.36,0.271,92.35,87.88,86.97,0.0289,86.29,1.729,77.86,3.94,94.45
Linode,ap-southeast-1,Compute,4,16,100,6683,99.781,100,39.28,49.74,5497.75,0.289,89.7,87.63,82.73,0.0817,92.89,2.084,80.73,3.89,93.11
Linode,ap-southeast-1,AI,16,128,50,751,99.781,99.31,28.54,34.31,548.65,0.233,88.11,86.62,87.52,0.0766,94.92,2.14,85.44,4.39,94.08
Linode,ap-southeast-1,Storage,64,128,50,4678,99.789,100,36.52,44.23,3346.18,0.522,88.76,84.73,81.07,0.0683,82.5,2.035,80.7,4.02,91.8
Linode,ap-southeast-1,Kubernetes,2,16,500,4837,99.827,100,36.09,49.11,3562.09,0.388,90.13,88.39,82.31,0.079,91.17,1.728,81.18,4.05,93.88
Linode,ap-southeast-1,Kubernetes,32,128,50,6441,99.716,99.14,38.49,43.96,5311.02,0.438,90.65,88.99,77.97,0.0745,100,2.404,77.2,4.13,92.52
Linode,ap-southeast-1,Database,16,32,2000,2657,99.87,100,37.76,41.35,2261.55,0.572,89.69,86.06,87.12,0.09,87.01,1.082,79.62,3.96,95.39
Linode,sa-east-1,Compute,2,4,500,1820,99.758,99.19,31.66,45.01,1439.93,0.149,89.43,85.18,76.52,0.0954,93.17,2.026,83.95,4.34,92.49
Linode,sa-east-1,Storage,16,32,250,621,99.647,99.48,31.61,45.66,490.49,0.306,86.73,83.04,80.15,0.0578,93.41,3.1,75.62,4.03,90.28
Linode,sa-east-1,Compute,16,32,50,344,99.848,100,32.53,45.37,303.88,0.17,92.81,88.62,79.62,0.0682,94.99,1.508,87.96,4.11,95.08
Linode,sa-east-1,Storage,4,32,1000,7500,99.813,99.29,34.3,46.61,6911.8,0.445,86.08,84.56,85.51,0.036,88.71,1.592,77.02,4.22,93.54
Linode,sa-east-1,Compute,8,32,2000,3241,99.777,99.57,38.42,42.68,2308.59,0.32,91.97,88.99,83.31,0.0696,87.94,1.908,75.52,4.16,93.5
Linode,sa-east-1,Compute,2,8,50,2902,99.716,99.78,32.41,36.87,2599.25,0.143,87.66,85.07,83.1,0.0699,90.27,2.641,73.14,4.38,91.6
Linode,sa-east-1,Kubernetes,32,256,100,4219,99.847,99.7,33.84,44.87,3889.36,0.31,91.23,86.26,81.07,0.0824,97.9,1.664,83.35,4.07,94.83
Linode,sa-east-1,Kubernetes,16,32,2000,6446,99.784,100,34.44,46.99,5317.57,0.401,90.82,87.59,81.73,0.0731,91.85,1.888,88.49,3.95,93.74
Linode,sa-east-1,Kubernetes,32,128,50,1532,99.796,100,34.35,46.0,1188.59,0.279,87.29,84.9,78.28,0.0801,80.0,1.723,81.3,4.01,91.56
Linode,sa-east-1,Networking,4,8,100,9655,99.681,99.73,29.01,43.98,6877.57,0.211,90.48,90.38,83.93,0.054,85.6,2.769,76.75,4.13,91.72
Linode,sa-east-1,Networking,32,64,1000,3673,99.858,99.69,36.5,48.4,2763.23,0.515,86.75,84.89,83.4,0.0908,100,1.554,77.0,4.02,94.57
Linode,sa-east-1,Database,8,16,100,4380,99.794,99.78,36.43,46.7,3125.08,0.427,89.55,87.55,82.15,0.0473,89.06,2.121,80.55,3.96,92.62
Linode,sa-east-1,Networking,32,256,100,6867,99.751,99.92,35.13,42.98,4834.49,0.512,91.55,86.67,87.4,0.0703,83.33,2.132,75.04,4.29,93.32
Linode,sa-east-1,Kubernetes,64,128,250,3184,99.811,99.83,31.76,44.41,3005.13,0.314,93.68,89.22,80.59,0.071,86.33,1.69,87.06,4.08,94.12
Linode,sa-east-1,Kubernetes,2,4,1000,1064,99.804,99.28,39.55,46.7,910.21,0.307,92.08,90.46,83.01,0.0756,83.15,2.048,78.14,3.87,92.58
Linode,sa-east-1,Storage,8,16,1000,2338,99.73,99.13,35.11,47.85,1748.4,0.322,89.14,89.13,82.24,0.0449,90.1,2.176,72.81,4.29,92.49
Linode,sa-east-1,AI,4,16,50,6735,99.866,99.83,35.37,44.13,4760.87,0.241,87.47,85.48,82.78,0.0651,98.3,1.476,73.97,4.16,94.7
Linode,sa-east-1,Networking,2,8,100,9766,99.772,100,40.79,55.25,9275.1,0.376,87.84,84.4,82.7,0.0702,76.52,1.895,81.9,3.97,91.31
Linode,sa-east-1,AI,2,4,2000,6351,99.887,99.6,35.94,42.57,5376.14,0.302,90.55,87.9,87.06,0.0581,91.7,1.073,69.45,3.91,96.11
Linode,sa-east-1,Storage,32,64,100,9684,99.752,99.79,35.99,38.55,7294.51,0.332,89.41,88.99,81.33,0.0751,95.19,2.101,78.59,3.98,93.16
Linode,sa-east-1,Database,64,512,500,3898,99.738,99.53,39.0,45.28,2768.98,0.425,90.39,88.86,81.79,0.083,84.47,2.263,81.56,4.08,91.77
Linode,sa-east-1,Compute,4,32,1000,362,99.831,99.31,35.27,47.62,313.57,0.275,90.59,85.84,79.1,0.0824,94.83,1.432,94.9,3.91,94.41
Linode,sa-east-1,Database,16,64,500,174,99.84,99.4,26.64,40.24,141.72,0.349,87.21,84.7,83.55,0.0877,89.75,1.719,76.38,4.24,93.74
Linode,sa-east-1,Database,32,64,1000,3680,99.748,99.7,33.75,39.66,3299.8,0.459,88.41,84.01,79.89,0.0942,96.54,2.163,84.32,4.26,92.84
Linode,sa-east-1,Storage,16,64,1000,471,99.607,99.56,32.85,36.64,368.5,0,91.61,90.7,80.05,0.0462,75.66,3.502,89.37,4.23,88.51
Linode,sa-east-1,Storage,2,8,50,7739,99.86,99.78,30.51,39.36,5643.54,0.385,89.62,87.82,82.66,0.0381,90.49,1.371,81.03,4.08,94.77
Linode,sa-east-1,Database,8,32,50,3038,99.768,99.47,33.59,45.39,2970.25,0.332,90.73,88.13,79.23,0.0668,95.56,2.112,66.97,4.22,93.21
Linode,sa-east-1,Networking,2,8,250,3743,99.764,100,34.65,37.42,3480.31,0.192,92.24,90.0,78.85,0.0684,92.04,2.246,79.2,4.18,92.84
Linode,sa-east-1,Storage,8,32,2000,6387,99.773,99.53,29.34,36.4,5172.76,0.227,92.22,91.8,82.62,0.0401,89.01,1.949,85.34,4.19,93.95
Linode,sa-east-1,Networking,32,128,500,6911,99.772,99.25,29.46,33.49,5821.31,0.316,88.81,86.08,76.69,0.061,85.75,2.176,70.89,4.21,91.42
Linode,sa-east-1,Networking,16,64,100,1085,99.791,99.25,33.5,44.21,1023.93,0.303,88.59,84.1,82.78,0.0472,87.58,2.051,83.64,4.22,92.58
Linode,sa-east-1,Compute,32,64,2000,5507,99.855,99.26,32.42,42.56,4512.74,0.409,87.75,86.11,84.59,0.1,90.93,1.639,82.27,4.2,93.98
Linode,sa-east-1,Database,8,32,50,3266,99.72,99.46,36.75,40.88,2292.15,0.468,90.85,88.69,85.12,0.0509,83.13,2.649,68.0,4.09,91.54
Linode,sa-east-1,Database,16,32,500,6159,99.793,99.64,31.36,40.95,5733.93,0.487,90.2,88.97,82.45,0.0558,76.74,2.138,76.1,4.26,91.72
Linode,sa-east-1,AI,64,128,100,904,99.814,100,32.55,45.8,641.31,0.322,92.21,89.16,84.33,0.0272,84.57,1.666,75.91,4.35,94.25
Linode,sa-east-1,Storage,64,512,500,6409,99.804,99.66,26.94,32.06,4781.28,0.194,90.93,86.58,82.79,0.0537,88.41,1.835,83.33,4.29,94.03
Linode,sa-east-1,AI,8,64,2000,4466,99.794,99.47,37.1,48.42,3855.23,0.329,88.49,87.6,78.88,0.0915,99.42,1.921,87.13,3.92,93.31
Linode,sa-east-1,Database,2,8,2000,7051,99.741,100,34.61,43.87,6365.1,0.237,87.87,86.88,78.6,0.0869,88.66,2.384,79.73,4.12,91.23
Linode,sa-east-1,Networking,16,64,50,1925,99.753,99.64,39.07,45.51,1451.81,0.416,91.08,90.75,78.35,0.0768,85.69,2.183,75.1,4.13,91.69
Linode,sa-east-1,Networking,32,256,500,3335,99.799,99.62,35.31,46.29,2931.95,0.362,86.42,82.83,83.16,0.0859,94.55,1.664,76.65,4.13,93.7
Linode,me-central-1,AI,32,256,2000,9556,99.757,99.34,31.67,34.66,9043.51,0.133,89.01,85.87,86.37,0.0803,96.0,2.014,79.71,4.02,94.3
Linode,me-central-1,Compute,16,64,50,7568,99.867,99.46,39.61,46.29,5492.56,0.38,88.75,85.29,86.41,0.0729,95.36,1.37,78.63,3.95,95.17
Linode,me-central-1,AI,32,64,250,1249,99.799,99.51,39.25,47.47,962.13,0.352,90.2,88.47,91.82,0.0635,77.11,2.042,91.83,3.78,93.0
Linode,me-central-1,Database,2,16,250,1480,99.708,99.22,37.38,45.31,1437.12,0.352,92.7,88.56,82.21,0.0817,88.94,2.663,89.54,3.86,91.98
Linode,me-central-1,Database,8,16,1000,3318,99.827,100,42.87,47.77,2472.5,0.423,90.19,86.46,82.34,0.0591,100,1.567,81.03,4.0,94.81
Linode,me-central-1,Networking,8,64,500,7491,99.744,99.24,41.96,48.61,5388.45,0.289,91.31,91.1,79.87,0.0641,85.63,2.334,80.12,3.9,91.43
Linode,me-central-1,Storage,64,128,250,9141,99.795,99.67,36.09,42.08,8699.6,0.383,91.12,89.14,80.01,0.0635,88.32,1.836,70.88,3.87,93.14
Linode,me-central-1,Storage,16,128,500,3954,99.705,99.3,38.79,52.46,3100.27,0.31,92.18,87.53,77.82,0.0764,94.94,2.617,84.17,3.99,91.84
Linode,me-central-1,Networking,32,64,2000,544,99.734,99.96,39.39,45.22,384.31,0.592,92.2,91.76,89.23,0.0766,83.65,2.438,79.52,4.07,92.92
Linode,me-central-1,AI,8,16,500,9964,99.758,99.67,30.72,39.26,7447.65,0.162,90.8,90.71,79.75,0.0446,91.85,2.005,78.62,4.37,93.32
Linode,me-central-1,Compute,2,4,250,142,99.814,99.94,25.37,31.25,126.34,0.191,92.25,88.49,84.06,0.0624,93.03,1.982,87.12,4.24,94.81
Linode,me-central-1,Kubernetes,8,64,50,200,99.819,99.49,32.32,34.54,195.05,0.31,90.12,85.77,85.11,0.0573,87.51,1.848,85.41,4.02,93.8
Linode,me-central-1,AI,8,16,100,1777,99.788,99.87,33.1,43.15,1696.69,0.258,89.36,88.95,85.26,0.0428,87.9,2.067,66.95,4.12,93.25
Linode,me-central-1,Compute,64,128,1000,1188,99.794,99.74,38.31,47.71,994.63,0.168,91.04,88.17,85.74,0.0795,85.97,1.658,81.72,3.83,94.05
Linode,me-central-1,Kubernetes,2,8,1000,322,99.806,99.84,36.03,47.68,305.99,0.392,88.97,87.47,80.13,0.0627,92.27,1.56,88.71,3.91,93.73
Linode,me-central-1,Networking,4,8,50,148,99.82,99.99,31.66,44.11,142.8,0.254,90.48,89.59,83.96,0.0596,85.44,1.929,89.68,4.04,93.42
Linode,me-central-1,AI,32,256,2000,9301,99.744,99.47,30.13,45.06,9034.12,0.479,89.85,85.43,82.59,0.101,94.0,2.296,68.63,4.19,93.18
Linode,me-central-1,Networking,64,128,100,4733,99.834,99.6,35.71,46.45,4326.61,0.488,93.57,90.74,78.85,0.0564,96.46,1.718,72.31,4.18,94.59
Linode,me-central-1,Database,32,64,2000,6595,99.81,99.71,31.28,46.07,5430.13,0.511,94.4,92.74,83.0,0.0622,88.77,1.598,87.3,4.14,95.11
Linode,me-central-1,AI,64,128,1000,4366,99.795,99.52,35.53,45.16,4274.55,0.209,90.52,86.38,81.59,0.0641,81.29,1.71,76.01,4.0,92.79
Linode,me-central-1,AI,2,4,500,488,99.803,99.41,39.4,48.58,444.29,0.449,87.21,84.62,84.36,0.0693,86.89,1.857,84.23,3.97,92.59
Linode,me-central-1,AI,2,4,250,467,99.782,99.26,31.35,34.09,412.39,0.329,92.54,88.99,81.77,0.0643,94.67,1.779,80.3,4.03,94.68
Linode,me-central-1,Storage,8,32,2000,1888,99.776,99.34,28.23,36.81,1713.33,0.221,91.87,88.47,77.96,0.0751,85.32,1.845,77.89,4.3,92.99
Linode,me-central-1,AI,8,32,500,1383,99.787,99.25,36.83,48.96,1028.26,0.533,89.31,84.76,80.76,0.0723,89.54,2.194,81.15,4.11,92.14
Linode,me-central-1,Kubernetes,8,16,500,7166,99.807,99.34,36.14,41.4,6723.72,0.289,87.29,82.65,81.79,0.0404,85.16,1.893,75.12,4.21,92.11
Linode,me-central-1,Kubernetes,16,128,1000,4991,99.679,99.66,34.09,38.23,4675.01,0.378,90.43,88.33,82.44,0.0938,89.85,2.671,67.51,4.08,91.85
Linode,me-central-1,Networking,64,256,100,3159,99.804,100,41.34,47.34,2917.87,0.512,89.3,88.45,81.71,0.0675,94.68,1.712,86.86,3.82,93.73
Linode,me-central-1,Storage,2,8,100,8495,99.744,99.31,27.96,37.94,7305.63,0.222,90.38,85.52,79.87,0.0526,78.8,2.048,75.94,4.44,91.87
Linode,me-central-1,Networking,8,32,500,3034,99.857,100,38.19,41.78,2540.46,0.139,92.45,87.86,83.54,0.0325,87.49,1.172,79.28,3.96,95.24
Linode,me-central-1,AI,64,128,250,5663,99.757,99.64,39.34,43.52,4904.31,0.358,90.03,89.35,76.8,0.0742,94.37,2.153,83.55,4.05,92.19
Linode,me-central-1,Database,16,128,2000,2911,99.774,99.82,34.43,44.8,2169.83,0.452,90.81,90.28,79.37,0.0567,93.84,2.038,79.35,4.19,93.23
Linode,me-central-1,Database,16,128,50,4101,99.827,99.24,37.36,42.31,3745.74,0.257,91.21,90.88,85.29,0.0719,87.29,1.492,83.09,4.11,94.48
Linode,me-central-1,Compute,8,16,50,4720,99.791,99.67,40.73,53.76,3967.67,0.424,90.91,90.25,81.5,0.0708,88.52,1.842,65.85,4.06,93.09
Linode,me-central-1,Kubernetes,64,256,1000,7741,99.696,99.88,40.52,54.7,6443.99,0.18,88.22,86.04,78.08,0.0699,96.0,2.783,83.65,4.11,90.81
Linode,me-central-1,Networking,64,256,250,6331,99.716,99.4,36.86,45.43,5684.18,0.416,85.88,82.8,85.6,0.0852,93.86,2.746,76.55,3.93,91.48
Linode,me-central-1,AI,4,8,50,1658,99.885,100,38.35,40.46,1526.54,0.202,92.14,87.48,82.56,0.0888,95.61,1.061,80.87,4.13,96.11
Linode,me-central-1,AI,2,8,100,3576,99.871,99.68,40.48,53.7,3454.41,0.312,87.04,82.48,83.28,0.0665,91.33,1.471,73.08,4.07,93.67
Linode,me-central-1,Storage,64,512,250,1213,99.796,100,33.07,42.64,1016.91,0.374,88.24,86.39,81.1,0.0706,90.15,2.085,76.92,4.24,92.58
Linode,me-central-1,Networking,16,32,2000,5053,99.758,99.66,39.05,48.6,4557.64,0.369,91.47,88.24,84.84,0.0513,91.71,2.036,84.78,4.16,93.74
Linode,me-central-1,AI,64,256,2000,1172,99.914,99.92,39.47,45.1,1097.7,0.256,89.61,85.74,81.24,0.0763,80.71,0.721,82.48,4.06,94.45
Vultr,us-east-1,Kubernetes,4,16,500,7108,99.82,99.96,33.12,41.08,6047.81,0.046,86.98,84.35,87.44,0.0469,89.23,1.503,78.22,4.24,94.44
Vultr,us-east-1,Database,16,64,1000,6942,99.724,99.95,35.83,40.89,5426.36,0.324,87.21,84.01,77.82,0.064,84.43,2.701,82.32,4.11,89.78
Vultr,us-east-1,Networking,8,16,100,5590,99.765,99.64,40.73,48.67,4903.67,0.348,88.56,84.96,83.68,0.0698,83.31,2.28,78.11,3.99,91.46
Vultr,us-east-1,Database,8,32,100,539,99.799,99.77,33.91,37.88,406.86,0.352,88.26,85.07,78.69,0.0631,92.5,1.693,74.45,4.06,93.2
Vultr,us-east-1,Storage,2,8,250,5702,99.806,99.61,25.37,33.47,4250.97,0.282,87.92,83.3,79.87,0.0548,93.47,1.867,88.64,4.32,93.48
Vultr,us-east-1,Compute,16,64,100,8378,99.777,99.52,27.02,29.07,5920.13,0.326,88.47,87.66,82.73,0.0317,89.37,1.931,76.67,4.22,93.37
Vultr,us-east-1,Storage,64,256,1000,7658,99.719,99.46,36.71,39.15,6328.54,0.374,94.4,90.73,82.82,0.0233,89.26,2.535,76.66,4.16,92.81
Vultr,us-east-1,Database,2,8,2000,117,99.739,99.41,35.73,39.21,100,0.158,93.41,90.81,78.26,0.0764,88.67,2.447,77.5,4.18,92.06
Vultr,us-east-1,Kubernetes,2,4,2000,546,99.808,99.45,27.24,35.63,485.76,0.399,87.57,85.51,81.81,0.0943,100,1.912,84.44,4.51,94.18
Vultr,us-east-1,Database,8,16,1000,6265,99.693,99.99,35.21,42.8,5947.74,0.276,91.86,90.8,82.49,0.0838,87.64,2.576,83.01,4.27,92.13
Vultr,us-east-1,Compute,4,8,2000,841,99.83,99.63,32.16,46.27,627.78,0.251,87.82,86.86,80.14,0.0643,95.16,1.656,83.28,4.1,93.77
Vultr,us-east-1,Storage,2,8,500,7819,99.75,99.32,29.73,38.44,7565.02,0.438,90.25,86.99,78.15,0.0646,91.33,2.062,83.14,4.39,92.77
Vultr,us-east-1,Networking,8,16,100,3546,99.736,99.53,34.78,41.95,2750.04,0.399,89.62,86.22,75.82,0.072,93.73,2.234,80.0,3.97,91.92
Vultr,us-east-1,Networking,4,16,50,6588,99.772,99.47,30.23,34.78,5775.57,0.393,87.95,83.52,83.9,0.0848,90.52,2.116,72.77,4.21,93.0
Vultr,us-east-1,AI,2,8,500,6326,99.805,100,35.0,45.44,5509.95,0.199,88.28,88.06,83.23,0.0839,96.4,1.74,82.14,4.29,94.21
Vultr,us-east-1,AI,64,256,500,638,99.764,99.94,36.38,50.72,520.48,0.392,90.59,87.25,79.39,0.0649,89.51,2.3,90.84,4.25,92.09
Vultr,us-east-1,Networking,8,16,50,9687,99.688,99.9,29.13,42.33,7649.47,0.234,88.23,87.66,82.37,0.0676,90.18,2.831,77.05,4.36,91.38
Vultr,us-east-1,Kubernetes,4,32,500,3025,99.799,99.46,28.94,32.84,2460.89,0.275,85.45,84.21,82.59,0.0637,82.93,2.048,74.91,4.16,91.68
Vultr,us-east-1,Networking,2,8,500,6233,99.767,99.6,31.85,44.78,5532.22,0.468,85.05,83.87,75.76,0.068,88.72,2.311,72.32,4.31,90.44
Vultr,us-east-1,Kubernetes,8,16,1000,3393,99.77,99.58,26.83,30.3,2823.43,0.307,85.53,83.46,86.73,0.0654,85.49,2.253,79.19,4.19,92.31
Vultr,us-east-1,Storage,32,128,500,5603,99.781,100,34.9,37.08,4214.56,0.577,85.91,84.51,89.6,0.0549,94.96,1.854,74.35,4.21,94.33
Vultr,us-east-1,Database,16,32,250,2426,99.766,99.89,31.46,44.22,2019.0,0.255,89.5,87.47,81.58,0.0677,92.49,1.989,75.15,4.19,93.43
Vultr,us-east-1,Database,4,16,500,2163,99.718,99.29,29.86,43.19,1974.9,0.449,90.09,86.69,79.21,0.0648,93.34,2.511,82.2,4.07,92.15
Vultr,us-east-1,Database,32,256,50,6923,99.845,99.48,31.16,33.56,4895.44,0.368,88.74,85.62,75.72,0.0521,86.15,1.509,78.92,4.03,92.66
Vultr,us-east-1,Compute,8,16,100,8028,99.755,99.47,36.39,47.54,6495.6,0.37,90.82,90.31,82.6,0.0749,99.6,2.31,78.05,4.23,93.62
Vultr,us-east-1,Database,16,128,1000,3173,99.785,99.25,31.47,34.58,3049.43,0.226,87.36,83.46,82.0,0.0684,96.62,2.049,86.05,4.11,93.26
Vultr,us-east-1,Compute,32,128,50,3782,99.796,99.94,38.0,44.43,3508.7,0.543,90.59,88.56,81.14,0.0585,84.05,1.86,85.71,3.81,92.65
Vultr,us-east-1,AI,32,64,100,2305,99.75,99.93,30.31,33.45,1738.26,0.185,85.31,81.01,79.24,0.0619,96.74,2.131,85.9,4.18,92.39
Vultr,us-east-1,Storage,8,16,500,7605,99.855,99.67,28.55,42.76,6705.07,0.196,91.52,86.53,84.2,0.0699,87.58,1.453,78.0,4.44,95.02
Vultr,us-east-1,Storage,16,64,250,9473,99.758,99.31,27.13,34.99,7552.72,0.337,88.5,87.24,82.51,0.0497,100,1.942,70.84,4.5,94.39
Vultr,us-east-1,Networking,2,8,500,7790,99.787,99.78,27.75,32.16,6049.37,0.297,89.93,86.35,82.24,0.0732,89.51,1.856,63.98,4.5,93.78
Vultr,us-east-1,Database,64,512,50,3910,99.778,99.91,36.7,46.38,3233.71,0.486,89.22,89.14,83.62,0.0849,96.38,1.955,80.63,4.23,93.91
Vultr,us-east-1,Storage,4,32,250,1534,99.823,100,33.24,39.07,1256.99,0.377,87.31,84.29,85.28,0.0613,77.87,1.531,92.42,4.21,92.92
Vultr,us-east-1,Compute,8,32,500,1494,99.75,99.56,26.27,36.51,1407.79,0.319,89.85,87.43,87.84,0.0644,93.67,2.475,77.02,4.32,93.81
Vultr,us-east-1,AI,16,128,100,9432,99.843,99.8,32.24,34.78,8519.29,0.254,90.68,90.08,84.19,0.0579,88.07,1.719,71.8,4.35,94.16
Vultr,us-east-1,Kubernetes,64,512,1000,1497,99.752,100,35.1,49.06,1442.51,0.297,88.77,87.77,79.87,0.0665,85.49,2.144,82.85,4.21,91.77
Vultr,us-east-1,Kubernetes,64,256,500,1439,99.732,99.6,35.78,46.64,1011.67,0.348,87.49,86.3,83.13,0.0847,83.3,2.387,86.51,4.08,91.17
Vultr,us-east-1,AI,32,128,100,1379,99.805,99.63,37.91,39.91,1169.42,0.388,87.42,82.48,78.47,0.0654,86.21,1.902,91.73,4.09,91.65
Vultr,us-east-1,Compute,16,32,1000,3301,99.857,99.95,36.68,50.71,2408.41,0.289,87.81,85.02,83.27,0.0686,97.05,1.46,75.37,3.89,94.69
Vultr,us-east-1,Kubernetes,32,64,2000,6057,99.723,99.97,40.79,46.17,5008.26,0.317,87.47,86.3,85.63,0.0611,91.67,2.637,83.91,4.02,91.7
Vultr,us-west-2,Database,4,16,500,5609,99.769,99.56,38.22,41.38,5211.81,0.293,92.06,88.97,78.07,0.0812,86.62,1.909,71.83,4.11,92.56
Vultr,us-west-2,AI,64,256,100,8408,99.781,100,31.44,46.33,6158.42,0.349,89.78,88.24,85.03,0.0629,99.1,1.994,71.13,4.27,94.74
Vultr,us-west-2,Kubernetes,2,16,500,7737,99.73,99.62,36.59,46.07,6524.67,0.226,88.28,86.93,84.39,0.0767,82.48,2.234,74.77,4.18,91.73
Vultr,us-west-2,Networking,2,4,500,1998,99.832,99.28,33.07,44.91,1880.4,0.42,89.53,87.69,80.4,0.0523,93.73,1.515,76.31,4.23,94.22
Vultr,us-west-2,Compute,4,32,250,8916,99.705,99.31,37.63,41.58,6393.83,0.277,88.45,86.22,79.51,0.05,86.22,2.523,84.13,3.85,90.67
Vultr,us-west-2,Database,8,64,2000,2044,99.771,99.31,42.76,56.13,1634.67,0.353,87.07,85.51,86.67,0.064,91.16,2.123,85.44,3.94,92.62
Vultr,us-west-2,AI,2,8,100,8044,99.743,100,30.61,44.58,7722.14,0.401,92.28,91.13,81.36,0.0467,86.38,2.268,82.15,4.27,92.81
Vultr,us-west-2,Compute,16,64,50,107,99.736,99.36,32.01,35.29,100,0.347,90.21,86.21,73.23,0.0633,90.44,2.534,85.85,4.25,90.78
Vultr,us-west-2,Database,8,16,2000,1124,99.72,99.71,34.03,46.73,964.17,0.426,88.14,88.12,84.06,0.0723,83.4,2.284,78.65,4.04,91.78
Vultr,us-west-2,Kubernetes,16,64,2000,7403,99.809,100,38.67,43.79,6650.28,0.475,88.84,85.77,80.99,0.0873,88.88,1.78,74.75,4.06,92.91
Vultr,us-west-2,AI,32,128,250,2334,99.796,99.54,31.41,44.47,1771.52,0.476,92.23,87.89,79.19,0.0661,83.46,1.908,78.41,4.13,92.81
Vultr,us-west-2,Database,4,8,1000,2358,99.771,99.37,36.63,48.65,1728.18,0.395,89.98,87.07,78.06,0.0532,86.95,1.963,75.01,3.9,92.1
Vultr,us-west-2,Compute,2,8,2000,8030,99.775,100,28.41,33.45,6058.21,0.251,85.58,82.06,85.47,0.0734,80.83,2.173,72.76,4.19,91.78
Vultr,us-west-2,AI,64,512,100,1607,99.803,99.72,28.34,42.84,1522.92,0.217,91.0,87.83,77.65,0.0483,87.59,1.606,76.0,4.19,93.57
Vultr,us-west-2,Networking,2,4,100,8974,99.682,99.96,31.06,43.08,8787.55,0.217,90.9,88.66,75.05,0.0821,82.51,2.613,80.36,4.31,90.34
Vultr,us-west-2,Compute,2,4,1000,3200,99.716,99.27,41.14,50.84,2644.42,0.451,87.67,87.58,83.74,0.0678,92.68,2.553,75.32,3.85,91.6
Vultr,us-west-2,Networking,4,8,500,5752,99.752,99.53,31.83,42.34,4042.54,0.456,87.49,84.88,82.19,0.0817,94.28,2.294,80.29,4.18,92.57
Vultr,us-west-2,AI,2,4,500,7977,99.785,99.36,36.74,42.9,6744.68,0.118,89.17,88.91,83.71,0.0822,83.78,1.827,78.16,4.03,92.77
Vultr,us-west-2,AI,64,128,100,9231,99.75,99.96,36.8,47.64,7317.75,0.384,85.74,82.28,82.07,0.0777,80.82,2.054,76.6,3.93,91.08
Vultr,us-west-2,Compute,8,32,1000,2413,99.82,99.32,34.08,43.22,1936.68,0.397,90.29,89.62,75.67,0.0545,90.28,1.927,76.16,4.08,92.35
Vultr,us-west-2,AI,4,16,250,9881,99.837,99.37,32.14,36.43,8505.25,0.607,89.52,86.32,82.42,0.063,91.01,1.651,80.15,4.34,94.02
Vultr,us-west-2,Compute,16,32,1000,5696,99.802,99.97,30.03,37.63,5571.8,0.337,87.55,84.52,80.02,0.0577,85.42,1.812,89.02,4.38,92.5
Vultr,us-west-2,Networking,4,8,250,1795,99.728,99.43,34.87,48.65,1676.52,0.304,88.21,87.17,79.7,0.0569,91.12,2.419,71.56,4.08,91.55
Vultr,us-west-2,Kubernetes,32,128,500,5841,99.765,99.24,34.87,47.86,5649.58,0.217,91.06,86.68,78.22,0.0816,86.07,1.893,78.28,4.22,92.47
Vultr,us-west-2,Kubernetes,16,32,500,9203,99.896,99.71,27.87,39.88,6894.01,0.506,87.44,84.95,79.31,0.0852,91.88,1.009,74.43,4.27,94.84
Vultr,us-west-2,Database,64,128,250,2026,99.688,99.46,31.04,42.52,1952.05,0.416,92.54,92.21,82.08,0.0579,85.37,2.789,76.72,4.38,91.65
Vultr,us-west-2,Storage,16,128,500,145,99.769,99.57,36.24,42.88,112.15,0.476,85.63,84.14,80.07,0.0485,87.53,2.273,84.9,4.01,90.96
Vultr,us-west-2,Storage,32,256,100,8366,99.725,99.31,38.59,40.59,6095.63,0.456,88.7,85.62,83.61,0.0765,89.09,2.598,81.74,3.87,91.47
Vultr,us-west-2,Kubernetes,32,64,100,9616,99.813,99.31,28.16,41.59,7445.93,0.4,87.51,82.73,73.45,0.055,90.17,1.566,84.96,4.42,92.47
Vultr,us-west-2,AI,64,128,250,1698,99.826,100,37.97,47.75,1344.93,0.256,87.64,84.48,84.96,0.0941,88.98,1.76,74.13,4.08,93.38
Vultr,us-west-2,Compute,64,512,2000,1190,99.738,99.46,35.5,45.31,1147.54,0.482,91.12,87.86,78.97,0.0693,95.9,2.267,80.49,4.01,92.85
Vultr,us-west-2,Database,32,64,500,5046,99.781,99.9,29.58,39.47,4614.67,0.355,88.6,85.88,82.72,0.0659,90.52,1.868,81.8,4.21,93.57
Vultr,us-west-2,Networking,64,256,1000,6481,99.765,99.37,32.61,35.41,5724.24,0.533,87.49,83.61,76.48,0.0433,94.43,2.306,95.82,4.24,91.6
Vultr,us-west-2,Database,8,16,50,369,99.774,99.74,31.67,45.06,328.13,0.468,85.59,83.99,77.9,0.0516,81.25,1.904,83.77,4.34,90.99
Vultr,us-west-2,Compute,2,16,250,5192,99.895,99.74,42.55,49.36,3810.01,0.49,88.87,84.69,81.61,0.02,90.07,1.067,84.16,3.79,94.42
Vultr,us-west-2,Storage,64,256,50,7042,99.759,100,32.98,42.03,6428.8,0.355,87.17,84.16,79.32,0.0485,88.3,2.321,81.73,4.22,91.38
Vultr,us-west-2,Networking,16,64,2000,1109,99.757,99.41,29.04,41.95,1039.17,0.369,87.18,83.83,78.96,0.0736,94.56,2.0,92.31,4.16,92.77
Vultr,us-west-2,Storage,4,16,500,2138,99.81,99.99,34.3,36.65,1631.48,0.401,90.29,87.36,76.96,0.0612,86.48,1.83,75.32,4.01,92.45
Vultr,us-west-2,AI,64,256,1000,4382,99.827,99.31,30.5,38.69,4205.15,0.269,85.81,82.85,79.3,0.0437,89.4,1.667,78.92,4.09,92.62
Vultr,us-west-2,Database,16,32,50,9294,99.71,100,33.44,37.0,8229.35,0.427,89.79,85.4,77.42,0.0744,83.43,2.436,80.69,4.26,90.84
Vultr,eu-west-1,Networking,2,16,500,304,99.73,99.75,26.83,38.86,277.67,0.341,89.06,85.27,83.8,0.0726,95.97,2.367,86.96,4.55,93.47
Vultr,eu-west-1,Database,4,8,2000,927,99.837,99.75,25.74,31.56,695.89,0.334,89.12,86.1,81.82,0.0545,94.36,1.71,85.51,4.44,94.47
Vultr,eu-west-1,Compute,32,128,500,1925,99.784,99.7,33.0,47.89,1504.3,0.458,92.47,89.31,85.7,0.0783,90.81,2.021,82.47,4.33,94.36
Vultr,eu-west-1,Compute,64,128,1000,3756,99.832,99.9,28.37,33.72,2880.09,0.203,89.54,87.83,81.12,0.062,88.88,1.453,75.18,4.2,94.3
Vultr,eu-west-1,Kubernetes,16,32,100,4129,99.833,99.92,31.71,34.32,3159.26,0.148,88.41,83.63,80.97,0.0553,92.51,1.647,74.33,4.01,93.84
Vultr,eu-west-1,Storage,4,8,50,6413,99.786,99.56,33.85,48.13,4585.24,0.4,88.75,84.88,84.09,0.0888,95.49,2.121,78.16,4.2,93.54
Vultr,eu-west-1,AI,16,32,1000,2195,99.837,99.93,38.12,41.42,2082.66,0.311,88.89,86.18,84.69,0.0652,96.82,1.42,91.06,4.07,95.12
Vultr,eu-west-1,Kubernetes,4,32,50,8728,99.754,99.62,43.27,57.12,8383.34,0.429,88.8,87.04,83.39,0.0936,84.65,2.261,87.77,4.0,91.5
Vultr,eu-west-1,Database,8,32,100,1865,99.735,99.56,35.22,40.64,1426.09,0.352,90.32,89.02,81.18,0.0516,92.42,2.31,82.18,4.09,92.6
Vultr,eu-west-1,Database,64,256,100,5294,99.849,99.27,40.26,46.13,4826.74,0.228,91.55,90.4,79.86,0.0742,90.69,1.365,80.18,3.75,94.18
Vultr,eu-west-1,Database,4,8,100,9864,99.851,99.38,38.0,43.39,8846.17,0.293,89.51,85.03,78.63,0.0521,95.62,1.304,81.1,4.15,94.34
Vultr,eu-west-1,Storage,8,16,100,4317,99.903,99.78,42.74,47.38,4195.23,0.433,89.83,88.9,80.99,0.1048,98.16,1.04,86.89,3.7,95.43
Vultr,eu-west-1,Storage,2,8,250,1227,99.743,99.81,31.85,44.98,1141.68,0.461,89.43,86.41,82.37,0.0621,100,2.177,73.46,4.22,93.9
Vultr,eu-west-1,Database,8,16,50,110,99.671,99.3,32.28,43.15,100,0.262,89.28,87.2,78.79,0.0621,86.93,2.907,86.95,4.28,90.27
Vultr,eu-west-1,Networking,2,16,50,9222,99.696,99.72,33.01,44.24,7911.54,0.285,89.66,84.89,77.65,0.0749,91.59,2.48,81.27,4.04,91.59
Vultr,eu-west-1,AI,32,64,250,2310,99.781,99.37,33.75,45.43,1782.07,0.406,88.46,86.91,87.39,0.0616,92.93,2.202,73.93,4.3,93.53
Vultr,eu-west-1,Networking,16,32,2000,306,99.768,100,41.45,47.24,288.89,0.383,89.93,86.07,79.14,0.0526,96.62,1.995,85.5,4.05,93.05
Vultr,eu-west-1,Storage,16,32,50,6263,99.789,99.43,36.01,48.36,5520.36,0.48,90.66,88.26,81.09,0.0664,88.96,1.933,78.71,4.07,93.04
Vultr,eu-west-1,Networking,2,4,250,8222,99.734,99.79,30.6,33.25,7109.19,0.571,93.6,89.42,77.53,0.0696,99.71,2.276,76.48,4.33,93.83
Vultr,eu-west-1,Compute,32,128,100,711,99.719,99.63,35.89,49.67,622.82,0.408,91.91,89.6,81.78,0.0804,94.62,2.35,76.07,4.13,93.15
Vultr,eu-west-1,Storage,2,16,50,962,99.751,99.99,36.41,39.18,679.01,0.43,89.63,88.95,83.53,0.0705,91.61,2.326,79.1,4.24,92.72
Vultr,eu-west-1,Database,16,64,1000,5814,99.737,99.93,34.62,44.97,5023.09,0.449,90.37,87.18,79.58,0.0491,85.73,2.375,79.77,3.99,91.61
Vultr,eu-west-1,Compute,32,64,500,3817,99.853,100,27.01,31.07,2786.42,0.236,91.26,90.58,80.34,0.0792,89.37,1.378,86.73,4.36,94.84
Vultr,eu-west-1,Kubernetes,64,128,2000,1516,99.826,99.39,35.27,47.44,1159.88,0.38,84.65,81.27,81.13,0.0675,85.93,1.726,87.85,4.16,91.94
Vultr,eu-west-1,Storage,8,64,2000,4664,99.745,99.5,34.1,40.7,3365.19,0.274,89.75,88.05,79.5,0.0386,87.16,2.341,79.84,4.22,91.65
Vultr,eu-west-1,Storage,16,32,250,7259,99.691,99.37,37.69,48.76,6596.25,0.449,86.13,83.19,83.19,0.0877,90.32,2.669,73.83,3.83,90.89
Vultr,eu-west-1,Networking,8,64,100,808,99.724,99.97,39.38,49.23,624.59,0.489,87.98,87.56,80.78,0.0594,92.55,2.471,93.29,4.14,91.56
Vultr,eu-west-1,Database,4,16,1000,8059,99.81,99.3,32.52,45.52,5886.19,0.414,91.03,90.1,81.8,0.0468,85.48,1.636,81.19,4.0,93.66
Vultr,eu-west-1,Database,8,16,250,179,99.789,99.72,34.48,44.42,162.46,0.377,88.41,85.67,85.17,0.067,85.03,2.083,74.56,4.03,92.61
Vultr,eu-west-1,Compute,8,64,2000,3776,99.741,99.87,35.55,43.39,3313.14,0.194,89.16,88.5,82.63,0.058,84.27,2.358,87.49,4.02,91.66
Vultr,eu-west-1,Kubernetes,64,256,100,6401,99.692,99.55,32.65,41.08,5066.09,0.194,87.3,82.85,80.62,0.0447,98.0,2.798,87.89,4.02,91.56
Vultr,eu-west-1,Storage,4,16,100,1029,99.781,99.29,32.1,39.81,872.99,0.223,91.4,89.53,80.18,0.0622,86.94,2.086,87.81,4.31,92.7
Vultr,eu-west-1,Kubernetes,8,32,500,1263,99.736,99.93,29.45,34.26,1102.26,0.346,89.26,88.52,83.24,0.0645,90.08,2.56,85.58,4.24,92.29
Vultr,eu-west-1,AI,4,16,50,9266,99.807,99.5,30.95,40.27,6630.42,0.328,91.69,91.59,82.82,0.0568,93.5,1.669,81.68,4.05,94.84
Vultr,eu-west-1,Database,16,32,2000,9346,99.816,99.92,28.9,35.16,6727.95,0.388,86.35,85.24,82.12,0.0442,95.65,1.951,81.33,4.15,93.42
Vultr,eu-west-1,Storage,2,4,50,7572,99.809,99.27,35.22,37.58,5372.19,0.354,86.97,84.68,85.7,0.0738,89.07,1.761,69.5,4.2,93.38
Vultr,eu-west-1,Kubernetes,64,128,500,9457,99.795,100,29.81,32.43,8234.14,0.195,91.8,87.24,81.19,0.0689,88.64,1.661,78.08,4.24,94.25
Vultr,eu-west-1,Compute,2,4,1000,3629,99.828,99.47,38.16,41.09,3240.47,0.249,91.03,89.34,83.95,0.0685,93.4,1.384,79.34,4.17,95.1
Vultr,eu-west-1,Compute,2,4,100,2401,99.797,100,35.47,50.2,2152.8,0.289,87.39,87.21,80.23,0.0459,98.77,1.933,85.02,3.93,93.37
Vultr,eu-west-1,Kubernetes,64,256,1000,3310,99.8,99.31,27.76,35.43,2420.71,0.323,88.28,84.08,74.47,0.064,90.27,1.86,78.16,4.22,92.2
Vultr,eu-central-1,Storage,4,8,1000,2554,99.778,99.62,30.21,44.81,2193.57,0.3,87.65,87.04,82.61,0.0882,96.2,2.07,89.96,4.27,93.45
Vultr,eu-central-1,Database,8,32,250,9849,99.746,100,36.26,40.3,9574.97,0.301,90.65,86.69,74.45,0.0579,83.88,2.393,82.36,4.05,90.55
Vultr,eu-central-1,Compute,64,256,250,5485,99.883,99.75,34.1,37.9,4291.64,0.483,90.23,89.65,80.14,0.084,89.31,1.044,76.96,4.13,94.88
Vultr,eu-central-1,Storage,64,128,100,139,99.809,99.99,37.34,39.53,124.16,0.267,86.84,82.68,78.16,0.071,89.18,1.585,75.0,3.87,92.55
Vultr,eu-central-1,Kubernetes,32,256,500,9187,99.89,99.68,34.6,40.49,8012.75,0.528,91.58,89.65,82.55,0.077,91.28,1.096,69.16,4.24,95.61
Vultr,eu-central-1,Database,2,16,100,7213,99.821,100,32.84,35.38,6280.97,0.583,83.25,81.77,84.59,0.0782,90.65,1.83,77.83,4.04,92.69
Vultr,eu-central-1,Kubernetes,64,512,250,5091,99.819,99.72,32.02,44.62,4222.01,0.391,90.02,89.18,80.26,0.0575,92.13,1.767,72.58,4.33,93.72
Vultr,eu-central-1,Compute,4,8,100,7774,99.786,100,29.81,35.57,6139.25,0.303,88.09,84.09,77.29,0.0553,96.32,1.964,77.93,4.36,93.02
Vultr,eu-central-1,Storage,4,32,50,557,99.793,100,35.52,48.59,436.73,0.289,87.83,86.83,82.77,0.1047,100,2.14,87.81,4.23,93.55
Vultr,eu-central-1,Networking,8,32,2000,4109,99.79,99.67,37.88,49.78,3468.47,0.407,88.8,86.97,82.36,0.083,84.84,1.981,74.46,3.95,92.25
Vultr,eu-central-1,Database,2,4,2000,9064,99.814,99.31,34.01,46.31,8399.18,0.242,87.53,82.68,81.63,0.074,94.13,1.53,79.03,3.96,93.95
Vultr,eu-central-1,Kubernetes,64,512,50,6333,99.798,99.24,31.65,34.6,5060.22,0.271,85.89,83.86,79.87,0.0536,91.86,1.795,80.94,4.05,92.64
Vultr,eu-central-1,Storage,64,256,50,6147,99.85,99.34,29.17,42.5,5345.07,0.304,93.59,90.8,79.41,0.0717,92.83,1.383,87.74,4.39,95.32
Vultr,eu-central-1,Kubernetes,2,4,100,7627,99.753,99.79,34.16,39.92,5369.09,0.27,87.89,87.85,83.13,0.0945,91.68,2.201,85.56,3.95,92.65
Vultr,eu-central-1,Storage,16,64,2000,3808,99.772,100,32.27,38.68,2995.49,0.354,85.08,80.78,81.51,0.0796,89.82,2.252,79.22,4.0,91.63
Vultr,eu-central-1,Database,16,128,250,2295,99.77,100,33.45,40.41,1848.37,0.412,91.21,90.2,80.92,0.067,87.83,1.9,70.07,4.19,93.3
Vultr,eu-central-1,Storage,64,512,100,8950,99.766,100,26.51,32.21,8541.15,0.33,89.09,87.62,78.97,0.0813,98.84,2.11,84.78,4.35,93.62
Vultr,eu-central-1,AI,64,256,250,7607,99.834,99.39,31.34,37.08,6580.73,0.412,88.1,83.41,87.16,0.069,97.75,1.498,82.91,4.17,95.55
Vultr,eu-central-1,Storage,16,32,50,7853,99.738,100,35.18,45.62,6112.26,0.394,86.41,84.51,85.75,0.0657,92.55,2.453,86.3,4.22,92.28
Vultr,eu-central-1,Kubernetes,4,32,250,4052,99.853,99.91,31.11,34.77,2845.92,0.308,88.22,86.54,76.78,0.0573,92.65,1.353,83.85,4.15,93.8
Vultr,eu-central-1,Database,16,128,2000,3674,99.853,99.32,38.54,46.9,2734.46,0.282,89.16,85.09,84.64,0.082,92.2,1.195,75.87,3.92,95.04
Vultr,eu-central-1,AI,32,64,500,2427,99.853,99.32,29.24,36.81,2128.37,0.323,89.43,86.7,81.9,0.0635,95.75,1.327,83.96,4.11,95.25
Vultr,eu-central-1,Networking,4,16,2000,8513,99.771,100,32.48,41.48,6093.55,0.216,90.79,90.0,85.51,0.0833,89.84,2.216,81.46,4.27,93.53
Vultr,eu-central-1,Networking,4,8,500,1450,99.78,99.87,33.92,44.51,1258.38,0.419,88.27,87.5,83.94,0.0688,83.88,2.09,77.22,4.25,92.3
Vultr,eu-central-1,Database,16,32,50,9765,99.669,99.38,37.56,47.57,9418.9,0.471,89.96,86.29,81.66,0.0561,88.93,2.704,83.7,4.08,91.24
Vultr,eu-central-1,Networking,8,16,500,4779,99.796,99.58,31.35,38.31,3478.24,0.349,87.33,87.19,80.28,0.0623,88.87,1.951,81.51,4.41,92.43
Vultr,eu-central-1,Kubernetes,64,512,50,4122,99.78,99.53,29.9,39.05,3081.35,0.234,90.8,88.67,76.49,0.0808,95.79,2.193,87.71,4.45,92.85
Vultr,eu-central-1,Kubernetes,64,128,1000,8546,99.799,99.49,33.55,47.94,7585.81,0.185,89.34,87.01,80.68,0.0872,89.1,1.759,75.32,3.99,93.22
Vultr,eu-central-1,Storage,64,256,500,4867,99.856,100,39.78,52.07,4631.61,0.47,88.1,86.87,76.52,0.061,89.98,1.587,83.2,3.83,92.52
Vultr,eu-central-1,Kubernetes,64,256,100,751,99.74,99.16,39.66,53.03,623.13,0.299,92.5,88.17,80.9,0.0536,93.36,2.309,78.86,3.97,92.82
Vultr,eu-central-1,Compute,32,256,2000,5951,99.897,99.43,35.14,42.61,5351.82,0.133,86.24,82.57,84.26,0.0565,97.12,1.136,80.38,4.19,95.22
Vultr,eu-central-1,Networking,64,512,250,1150,99.797,99.58,36.89,44.56,1022.15,0.403,89.97,86.04,79.32,0.0694,86.36,1.767,92.39,4.02,92.67
Vultr,eu-central-1,Compute,4,8,1000,8099,99.836,99.74,37.49,48.73,6873.83,0.248,87.56,84.73,79.72,0.0632,85.59,1.605,76.24,3.88,92.49
Vultr,eu-central-1,Networking,32,256,500,9994,99.816,100,36.99,45.04,7003.43,0.513,88.78,86.22,74.89,0.0748,90.3,1.656,74.14,3.9,92.43
Vultr,eu-central-1,Compute,4,8,500,2249,99.75,99.49,40.56,44.74,1784.5,0.352,90.08,85.72,77.19,0.0507,80.92,2.055,79.98,3.92,90.96
Vultr,eu-central-1,Database,4,8,1000,7651,99.833,99.58,30.97,43.28,5603.61,0.237,92.41,88.5,85.21,0.0432,87.24,1.583,69.01,4.27,94.91
Vultr,eu-central-1,Networking,2,4,1000,2189,99.744,99.68,40.05,44.84,1792.09,0.408,89.43,87.79,79.57,0.0767,91.96,2.102,81.26,4.09,92.32
Vultr,eu-central-1,Database,4,16,50,3938,99.782,99.63,33.15,39.19,2978.99,0.202,91.88,89.68,83.73,0.058,79.48,2.038,76.94,4.08,92.68
Vultr,eu-central-1,Compute,64,256,1000,2433,99.853,99.76,39.13,48.38,2285.57,0.253,89.22,84.69,81.3,0.0539,79.41,1.266,94.05,4.05,93.07
Vultr,eu-central-1,Kubernetes,8,16,100,1166,99.762,99.85,36.3,47.46,1065.68,0.339,88.03,83.43,81.69,0.0851,83.48,2.115,81.34,4.15,91.66
Vultr,ap-south-1,Networking,16,32,100,5145,99.819,99.64,35.89,49.88,3944.87,0.42,89.03,88.59,75.59,0.0403,99.99,1.837,81.87,4.22,93.24
Vultr,ap-south-1,Kubernetes,64,512,500,7007,99.805,99.44,30.76,44.15,6404.69,0.471,86.28,81.82,79.38,0.0659,82.6,1.966,86.41,4.17,91.39
Vultr,ap-south-1,Compute,8,32,50,648,99.849,99.3,27.52,41.25,577.65,0.274,89.18,84.25,84.98,0.0697,83.96,1.583,88.92,4.18,94.0
Vultr,ap-south-1,Kubernetes,32,256,100,5594,99.775,99.39,29.23,37.54,4663.49,0.202,92.23,87.66,74.83,0.0542,85.62,2.143,76.7,4.33,91.94
Vultr,ap-south-1,Kubernetes,64,256,50,8317,99.832,99.86,32.12,42.21,7663.21,0.104,87.3,83.03,81.07,0.0474,89.68,1.61,78.71,4.04,93.37
Vultr,ap-south-1,AI,64,512,500,1497,99.863,99.97,38.74,44.56,1084.2,0.505,89.45,87.57,78.98,0.0581,88.77,1.132,90.01,3.92,94.08
Vultr,ap-south-1,Database,8,16,50,8929,99.862,99.69,26.11,29.83,8057.15,0.255,87.0,84.4,78.98,0.0603,89.47,1.351,96.79,4.37,93.79
Vultr,ap-south-1,Compute,4,8,50,3851,99.799,99.37,37.64,40.29,3569.38,0.443,89.57,88.2,81.8,0.02,91.71,1.767,77.95,4.06,93.47
Vultr,ap-south-1,Storage,4,8,250,3012,99.802,99.74,31.24,46.1,2423.45,0.243,86.34,81.37,81.87,0.0332,93.78,1.963,83.26,4.15,93.0
Vultr,ap-south-1,Networking,64,512,500,980,99.766,99.28,37.32,40.23,829.1,0.277,87.13,85.24,82.49,0.0456,87.87,2.218,72.26,4.09,91.7
Vultr,ap-south-1,Compute,8,32,50,4699,99.753,99.79,22.39,36.3,3447.83,0.211,88.31,84.2,74.01,0.0505,86.1,2.285,86.39,4.58,91.15
Vultr,ap-south-1,Storage,4,8,50,8616,99.787,99.9,28.78,42.06,6133.84,0.454,91.17,90.09,82.54,0.0782,89.21,1.847,81.82,4.31,94.04
Vultr,ap-south-1,Networking,4,8,100,4997,99.792,99.27,31.93,44.35,3585.5,0.4,85.28,84.47,78.86,0.0718,91.04,1.953,67.68,4.16,91.92
Vultr,ap-south-1,Networking,64,512,250,2411,99.85,100,32.64,36.4,1807.63,0.372,87.97,84.42,81.31,0.0533,89.3,1.649,88.39,3.98,93.42
Vultr,ap-south-1,Storage,16,128,1000,7011,99.783,99.83,36.84,50.98,5445.31,0.555,90.13,88.03,83.23,0.0631,83.62,2.028,78.23,4.08,92.52
Vultr,ap-south-1,Networking,16,32,250,5849,99.63,99.47,35.19,42.82,4612.5,0.273,90.78,86.55,74.99,0.086,97.32,3.21,73.06,4.11,90.3
Vultr,ap-south-1,Networking,16,32,100,1178,99.722,99.87,31.63,43.87,888.91,0.247,88.59,85.26,75.29,0.0681,84.39,2.47,79.1,4.36,90.36
Vultr,ap-south-1,Database,16,128,500,2734,99.776,99.68,30.59,44.93,2053.92,0.112,90.38,87.66,80.79,0.0523,89.33,1.789,80.19,4.13,93.6
Vultr,ap-south-1,AI,16,64,1000,5138,99.778,99.78,32.29,43.82,4693.99,0.202,87.07,83.59,80.05,0.0768,86.45,2.189,81.31,4.31,91.57
Vultr,ap-south-1,Database,4,8,500,9158,99.812,100,30.85,37.63,7617.87,0.268,88.82,86.98,79.36,0.0887,84.21,1.988,75.6,4.08,92.13
Vultr,ap-south-1,Networking,4,8,1000,2448,99.772,99.25,43.88,48.77,1910.92,0.557,87.74,87.64,81.4,0.0808,94.57,1.901,83.1,3.7,92.68
Vultr,ap-south-1,Compute,8,64,50,9471,99.759,99.34,42.53,47.55,7610.55,0.415,86.34,84.22,76.7,0.0573,86.87,2.073,81.63,3.87,90.56
Vultr,ap-south-1,AI,4,32,100,8329,99.899,99.76,37.73,49.77,5972.24,0.431,88.06,87.5,83.06,0.0574,85.26,1.166,73.1,3.87,94.02
Vultr,ap-south-1,Compute,16,128,100,3767,99.783,99.58,28.49,37.34,2851.09,0.124,87.7,84.11,80.83,0.059,88.86,2.149,73.56,4.38,92.33
Vultr,ap-south-1,Networking,16,32,1000,7205,99.803,99.83,33.61,38.86,7056.59,0.24,90.02,85.85,85.03,0.0867,83.37,1.597,80.68,4.15,93.84
Vultr,ap-south-1,AI,64,256,100,1967,99.727,99.72,31.66,41.42,1584.48,0.091,89.45,88.0,80.3,0.0503,93.23,2.202,84.35,4.27,92.8
Vultr,ap-south-1,Kubernetes,16,64,100,2627,99.721,99.53,37.08,44.33,1975.05,0.4,92.6,89.91,81.54,0.0763,88.92,2.462,71.13,3.95,92.34
Vultr,ap-south-1,Kubernetes,2,16,50,843,99.739,99.42,38.06,47.53,652.6,0.159,89.39,85.93,84.11,0.0603,94.64,2.376,78.28,4.1,92.79
Vultr,ap-south-1,Database,2,4,2000,3956,99.782,100,37.24,43.79,3385.19,0.309,88.59,85.52,81.34,0.0618,96.75,2.007,80.07,4.17,93.33
Vultr,ap-south-1,Database,2,8,100,6069,99.811,99.25,33.55,40.08,5042.06,0.414,90.05,87.43,77.69,0.0721,83.13,1.893,72.57,4.08,91.95
Vultr,ap-south-1,Database,4,32,2000,5914,99.68,99.86,32.75,46.61,4153.53,0.167,92.75,89.91,78.39,0.0647,83.13,2.777,88.54,4.02,90.87
Vultr,ap-south-1,AI,64,128,250,1161,99.828,100,29.99,36.47,913.62,0.306,87.99,86.55,76.02,0.0826,92.53,1.682,80.56,4.35,93.0
Vultr,ap-south-1,Compute,16,32,2000,1107,99.7,99.78,34.51,38.45,952.78,0.273,85.35,83.46,78.5,0.0547,94.34,2.468,80.21,4.22,91.06
Vultr,ap-south-1,Database,2,4,500,282,99.837,99.67,39.21,46.66,256.0,0.462,91.25,86.79,78.32,0.0566,89.64,1.742,69.09,3.88,93.08
Vultr,ap-south-1,AI,2,8,250,4037,99.814,99.56,31.18,39.88,3497.71,0.542,91.82,91.63,81.43,0.0681,100,1.928,81.36,4.18,94.79
Vultr,ap-south-1,Networking,64,128,250,6095,99.667,99.5,32.3,42.9,5850.13,0.349,90.03,88.25,84.91,0.0767,87.14,3.092,81.56,4.35,91.05
Vultr,ap-south-1,Compute,32,256,250,4681,99.783,99.42,31.42,34.53,4327.47,0.227,87.77,83.08,79.73,0.0756,88.7,1.956,85.63,4.29,92.38
Vultr,ap-south-1,Compute,16,32,250,7232,99.716,99.6,30.38,37.73,5088.76,0.136,89.8,87.2,83.31,0.0749,81.14,2.329,90.52,4.19,91.85
Vultr,ap-south-1,Storage,16,32,50,6256,99.72,99.7,31.45,35.17,5838.03,0.364,91.42,88.41,82.91,0.0648,89.97,2.459,77.04,4.19,92.75
Vultr,ap-south-1,Networking,2,16,100,9152,99.769,99.82,37.68,50.92,6597.87,0.321,89.35,88.87,83.04,0.0757,92.21,2.127,88.81,3.99,92.97
Vultr,ap-southeast-1,Kubernetes,32,256,500,5440,99.77,100,43.34,45.54,3911.52,0.512,84.43,82.29,80.6,0.0733,86.79,2.276,71.9,3.95,90.4
Vultr,ap-southeast-1,Networking,64,128,2000,6207,99.779,99.57,38.42,42.41,5265.13,0.482,89.72,85.55,81.7,0.0689,82.15,1.783,88.67,4.06,92.43
Vultr,ap-southeast-1,Database,16,32,250,272,99.797,99.63,32.31,37.18,258.15,0.356,86.56,82.26,75.88,0.0828,93.5,1.789,96.39,4.25,92.36
Vultr,ap-southeast-1,AI,32,64,1000,6010,99.732,100,29.15,33.91,4927.57,0.082,84.31,81.39,81.61,0.079,84.21,2.544,78.31,4.31,90.43
Vultr,ap-southeast-1,Database,32,64,2000,3224,99.767,99.62,36.05,50.11,2883.2,0.374,90.53,90.4,77.14,0.0614,84.5,2.059,83.98,4.24,91.68
Vultr,ap-southeast-1,Storage,4,16,2000,3833,99.791,99.82,35.61,46.03,3556.08,0.31,90.54,89.58,80.23,0.0596,94.29,2.05,70.07,3.9,93.27
Vultr,ap-southeast-1,Database,2,16,1000,4087,99.812,100,35.8,47.79,3980.35,0.358,88.5,87.52,84.71,0.0669,93.26,1.511,75.32,4.21,94.6
Vultr,ap-southeast-1,Database,16,64,500,9151,99.714,99.46,38.22,47.42,6493.0,0.333,88.06,85.18,78.73,0.0509,79.35,2.304,87.34,3.97,90.2
Vultr,ap-southeast-1,Networking,16,64,50,1616,99.804,99.66,31.47,46.11,1440.97,0.48,91.23,86.42,80.61,0.0631,94.41,1.795,89.27,4.31,94.22
Vultr,ap-southeast-1,Compute,2,8,1000,8613,99.797,99.85,32.57,45.49,7644.19,0.483,88.73,84.29,73.88,0.0741,95.06,2.101,78.43,4.34,92.03
Vultr,ap-southeast-1,AI,16,64,500,2418,99.822,99.72,31.88,37.96,2055.72,0.191,89.48,87.49,85.51,0.0531,83.02,1.589,82.05,4.26,93.86
Vultr,ap-southeast-1,AI,8,64,1000,846,99.798,100,36.51,50.14,658.9,0.373,89.64,87.74,79.42,0.0672,87.28,1.9,74.84,3.99,92.52
Vultr,ap-southeast-1,Database,64,256,50,5212,99.758,99.52,35.56,44.55,4402.49,0.226,88.04,87.61,83.69,0.0636,92.42,1.967,78.35,3.89,93.22
Vultr,ap-southeast-1,Kubernetes,16,32,50,7379,99.804,99.43,32.55,40.48,6212.32,0.243,89.52,85.78,81.4,0.0493,84.73,1.985,72.1,4.34,92.48
Vultr,ap-southeast-1,Database,2,16,2000,6773,99.683,99.72,31.08,39.87,5397.73,0.169,90.15,89.55,79.73,0.0448,83.23,3.006,80.07,4.16,90.13
Vultr,ap-southeast-1,Storage,2,16,500,5137,99.769,99.76,34.31,44.48,4245.5,0.299,86.96,84.76,79.9,0.0633,90.41,1.902,80.75,4.27,92.43
Vultr,ap-southeast-1,Compute,64,256,250,2546,99.77,99.3,35.5,38.51,1808.99,0.319,88.14,86.29,83.47,0.0651,86.48,2.29,84.26,4.06,91.87
Vultr,ap-southeast-1,Compute,2,8,50,7496,99.87,100,36.24,42.2,6648.2,0.36,91.33,86.53,87.58,0.0715,89.98,1.201,91.01,4.11,95.95
Vultr,ap-southeast-1,Compute,8,32,2000,1888,99.692,99.18,40.61,45.06,1846.93,0.339,90.56,86.94,83.74,0.089,89.3,2.674,79.09,3.91,91.61
Vultr,ap-southeast-1,Storage,32,64,500,1923,99.729,99.49,31.95,35.27,1401.09,0.528,91.15,87.7,79.27,0.066,93.84,2.462,76.19,4.21,92.46
Vultr,ap-southeast-1,Storage,16,128,50,7751,99.803,99.74,37.57,46.52,7002.35,0.443,84.88,82.96,78.0,0.0625,88.67,1.698,68.36,3.93,91.77
Vultr,ap-southeast-1,Compute,64,128,1000,9998,99.892,99.55,35.8,41.06,9203.56,0.342,89.23,85.87,78.08,0.0605,90.08,0.862,79.29,4.03,94.69
Vultr,ap-southeast-1,Database,32,64,1000,7954,99.782,99.68,35.31,46.6,5962.78,0.29,90.27,89.24,78.77,0.0501,89.98,1.813,84.11,4.16,93.02
Vultr,ap-southeast-1,Database,4,8,2000,6421,99.815,99.47,31.72,37.98,4581.13,0.226,85.75,81.2,81.63,0.1054,94.58,1.553,84.24,4.08,93.72
Vultr,ap-southeast-1,Storage,4,32,500,3210,99.791,99.25,26.35,36.34,2333.78,0.223,89.43,87.53,78.52,0.0711,91.38,1.886,87.61,4.31,93.21
Vultr,ap-southeast-1,Storage,16,64,50,5248,99.842,99.61,37.12,40.3,4029.73,0.457,88.35,87.35,79.52,0.0724,88.57,1.301,79.29,3.97,93.58
Vultr,ap-southeast-1,AI,64,256,250,2939,99.767,100,34.51,38.89,2161.95,0.347,88.88,86.57,77.07,0.088,94.71,1.96,83.3,4.19,92.74
Vultr,ap-southeast-1,AI,8,32,1000,9360,99.802,99.3,37.08,41.37,8231.85,0.35,87.24,85.4,84.41,0.0656,91.58,1.719,69.65,4.03,93.5
Vultr,ap-southeast-1,Database,64,256,500,3407,99.728,99.35,33.05,37.78,2773.96,0.267,89.92,89.56,83.71,0.0448,91.23,2.54,80.59,4.16,92.39
Vultr,ap-southeast-1,AI,4,32,2000,4388,99.798,99.7,37.05,42.8,3977.22,0.41,87.28,85.84,86.19,0.0574,97.63,2.001,78.98,4.06,93.89
Vultr,ap-southeast-1,Kubernetes,4,32,2000,2183,99.749,99.5,36.94,51.14,1703.13,0.562,90.66,85.84,82.32,0.0694,88.11,2.354,70.96,4.12,92.21
Vultr,ap-southeast-1,Compute,16,32,500,8825,99.768,100,28.36,40.09,8177.01,0.278,91.21,89.61,79.29,0.0685,88.67,2.089,81.84,4.16,93.0
Vultr,ap-southeast-1,Storage,4,8,100,3041,99.841,99.39,29.96,34.29,2307.21,0.25,86.92,86.24,83.42,0.0772,92.97,1.701,77.15,4.36,93.86
Vultr,ap-southeast-1,AI,4,16,100,2280,99.62,99.64,41.85,55.66,1677.47,0.394,88.04,87.42,83.53,0.0702,86.87,3.094,68.09,3.87,89.89
Vultr,ap-southeast-1,Networking,2,4,2000,2142,99.726,99.92,28.81,33.23,1559.63,0.342,88.46,86.77,84.35,0.0796,85.19,2.649,72.21,4.42,91.63
Vultr,ap-southeast-1,Kubernetes,16,128,1000,3184,99.867,99.41,38.23,43.45,2989.05,0.261,87.22,85.51,82.33,0.0607,88.61,1.16,93.9,3.9,94.0
Vultr,ap-southeast-1,Kubernetes,64,128,2000,6341,99.812,99.72,34.11,44.89,4820.9,0.322,86.57,83.9,81.27,0.0652,84.12,1.623,88.04,4.18,92.5
Vultr,ap-southeast-1,Kubernetes,64,512,500,8217,99.922,99.95,29.33,38.15,7062.19,0.238,86.39,81.95,79.7,0.1065,86.95,0.676,76.01,4.12,94.82
Vultr,ap-southeast-1,Storage,8,32,50,2939,99.787,99.95,39.84,45.6,2549.92,0.384,91.94,90.31,80.31,0.0501,96.33,1.884,90.66,3.77,93.94
Vultr,ap-southeast-1,Kubernetes,8,16,100,2816,99.79,100,33.27,40.58,2369.14,0.387,85.19,82.52,77.25,0.0577,94.29,1.9,82.37,4.33,92.14
Vultr,sa-east-1,Kubernetes,4,8,50,6737,99.721,99.41,40.15,48.15,4874.79,0.378,91.99,88.56,78.82,0.0707,86.76,2.628,80.35,3.99,91.03
Vultr,sa-east-1,AI,2,16,50,3457,99.704,99.49,21.07,23.61,3167.69,0.084,86.48,84.83,81.95,0.0709,88.14,2.826,76.3,4.63,91.1
Vultr,sa-east-1,AI,8,16,250,2739,99.795,99.33,36.89,41.08,2129.38,0.286,91.46,91.23,85.27,0.0677,88.64,1.996,80.58,3.99,93.64
Vultr,sa-east-1,Compute,2,16,50,4565,99.842,99.24,35.54,45.15,4305.96,0.331,89.51,88.99,75.42,0.0494,85.95,1.419,81.79,4.28,92.67
Vultr,sa-east-1,Networking,64,128,2000,4462,99.74,99.44,34.42,39.27,3325.23,0.263,90.14,86.12,79.19,0.0853,91.39,2.284,86.06,4.04,92.22
Vultr,sa-east-1,Networking,32,256,100,4775,99.744,99.28,38.56,43.86,4310.35,0.468,90.41,87.27,81.2,0.0375,92.05,2.32,73.56,3.9,92.34
Vultr,sa-east-1,Database,16,128,2000,5628,99.78,99.33,31.44,44.57,5190.01,0.415,91.36,90.85,79.96,0.0429,94.17,1.767,82.14,4.26,94.13
Vultr,sa-east-1,Storage,4,32,50,8098,99.786,99.87,34.01,43.9,7396.05,0.187,86.22,82.07,81.94,0.0639,98.62,2.046,78.3,4.2,93.19
Vultr,sa-east-1,Storage,4,8,500,999,99.844,99.72,39.81,41.83,949.74,0.407,87.96,85.63,85.04,0.0818,96.74,1.444,76.23,3.83,94.8
Vultr,sa-east-1,Storage,16,32,500,2366,99.804,99.48,34.44,48.46,1808.85,0.346,91.49,87.46,81.36,0.0347,88.02,1.66,81.13,4.29,93.83
Vultr,sa-east-1,Compute,2,4,250,1598,99.731,99.43,31.34,42.35,1391.62,0.48,87.19,86.75,80.59,0.0876,92.79,2.23,81.89,4.09,92.24
Vultr,sa-east-1,Networking,4,32,2000,5198,99.771,99.48,32.13,36.68,3749.32,0.383,87.3,86.27,77.13,0.0521,94.03,2.242,86.91,4.26,91.8
Vultr,sa-east-1,Kubernetes,8,32,100,3110,99.709,99.56,33.46,46.26,2362.08,0.447,88.44,84.86,77.9,0.0613,92.9,2.584,76.85,4.25,91.25
Vultr,sa-east-1,Networking,8,32,500,5265,99.608,99.1,29.56,38.01,4011.6,0.362,88.83,86.66,84.99,0.0897,90.37,3.624,83.05,4.17,90.1
Vultr,sa-east-1,Compute,2,8,250,770,99.802,99.22,36.58,44.46,638.22,0.424,90.04,87.55,86.97,0.079,92.06,1.753,81.76,4.2,94.48
Vultr,sa-east-1,Storage,2,16,250,2154,99.73,99.54,37.72,43.59,1747.16,0.422,89.45,84.89,78.21,0.0605,91.61,2.391,88.6,3.83,91.55
Vultr,sa-east-1,Storage,16,64,500,8450,99.729,99.84,28.52,35.59,7361.1,0.151,90.77,88.2,82.79,0.0688,87.81,2.484,90.56,4.24,92.49
Vultr,sa-east-1,AI,4,8,500,9290,99.77,99.77,24.43,32.31,7934.05,0.274,91.82,89.4,82.0,0.0763,87.71,1.926,76.23,4.41,93.97
Vultr,sa-east-1,Storage,2,16,250,2059,99.76,99.31,38.14,40.69,1684.86,0.456,87.99,83.12,83.17,0.0709,100,2.023,86.14,3.84,93.64
Vultr,sa-east-1,AI,32,128,1000,5234,99.775,99.37,32.5,39.45,4804.97,0.328,91.54,88.44,77.13,0.0311,87.28,1.833,78.3,4.2,92.8
Vultr,sa-east-1,Compute,2,16,1000,5588,99.784,100,32.86,46.28,4801.03,0.395,88.56,84.88,86.13,0.062,77.56,1.837,89.47,4.34,92.65
Vultr,sa-east-1,Compute,4,16,100,501,99.815,99.91,28.95,43.42,477.51,0.387,90.54,86.44,78.0,0.0842,83.24,1.795,85.39,4.11,92.67
Vultr,sa-east-1,Networking,16,32,100,3327,99.812,99.45,34.77,44.26,2675.16,0.281,88.4,87.8,80.3,0.0472,91.83,1.809,80.76,4.11,93.08
Vultr,sa-east-1,Kubernetes,16,32,1000,7599,99.737,99.32,31.44,40.37,7428.44,0.232,86.8,83.22,83.05,0.0599,94.47,2.184,75.08,4.07,92.8
Vultr,sa-east-1,AI,8,16,250,4289,99.745,99.82,27.43,41.11,3454.81,0.21,91.42,89.88,81.5,0.0503,90.89,2.116,84.77,4.23,93.59
Vultr,sa-east-1,AI,64,128,1000,8386,99.772,99.76,31.89,36.6,6276.83,0.285,87.54,84.3,80.35,0.0679,89.59,2.204,92.83,4.17,92.02
Vultr,sa-east-1,AI,2,4,2000,7276,99.748,99.43,32.36,47.35,5490.51,0.091,88.06,87.8,73.97,0.0984,100,2.391,80.84,4.21,91.75
Vultr,sa-east-1,AI,4,32,1000,197,99.818,99.9,37.77,41.22,191.76,0.278,90.67,89.6,76.89,0.0731,92.52,1.848,76.84,3.88,92.92
Vultr,sa-east-1,Storage,64,512,250,1978,99.849,99.54,32.0,36.55,1621.56,0.4,90.42,86.86,83.64,0.072,87.42,1.219,86.63,4.03,94.98
Vultr,sa-east-1,Database,16,128,250,9946,99.771,99.24,40.33,45.07,7320.41,0.565,89.47,87.01,78.76,0.0533,86.54,2.006,81.87,3.81,91.75
Vultr,sa-east-1,Networking,64,256,500,8299,99.771,99.82,38.51,41.28,7721.95,0.49,89.68,85.52,86.79,0.0613,79.69,2.281,86.77,3.84,91.95
Vultr,sa-east-1,AI,8,64,50,1712,99.722,99.46,32.46,38.17,1637.35,0.34,90.19,88.94,80.12,0.0289,97.72,2.247,83.54,4.18,93.22
Vultr,sa-east-1,Networking,32,64,50,4534,99.84,99.69,32.82,37.78,4251.76,0.297,87.04,86.79,78.45,0.08,90.15,1.318,73.67,4.19,93.5
Vultr,sa-east-1,Networking,32,256,250,7776,99.704,99.55,33.52,43.52,6444.48,0.369,87.32,83.97,81.64,0.0795,89.15,2.789,95.62,4.34,90.77
Vultr,sa-east-1,Database,64,256,500,3910,99.931,99.5,33.34,47.58,3344.34,0.382,88.12,83.93,84.32,0.0466,82.59,0.657,71.87,4.02,95.22
Vultr,sa-east-1,Kubernetes,64,128,50,4589,99.783,99.93,30.57,34.47,3940.96,0.175,87.56,82.9,80.19,0.0335,92.2,1.902,80.93,4.21,93.01
Vultr,sa-east-1,Compute,32,256,2000,3804,99.781,100,37.78,48.44,2727.97,0.453,89.44,85.56,82.74,0.0686,90.31,1.851,80.49,3.93,93.35
Vultr,sa-east-1,Compute,16,128,2000,6685,99.743,99.27,32.91,46.76,5453.98,0.365,93.56,90.95,77.43,0.085,88.11,2.454,77.33,4.04,92.01
Vultr,sa-east-1,Storage,32,64,1000,6477,99.719,99.58,31.55,34.28,4944.35,0.275,91.85,89.35,87.27,0.0733,98.84,2.432,83.69,4.19,94.49
Vultr,sa-east-1,Compute,64,256,100,519,99.762,100,28.9,38.5,422.61,0.539,91.18,87.67,78.58,0.0767,88.31,2.361,87.63,4.48,92.24
Vultr,me-central-1,Database,64,256,500,8734,99.813,99.94,32.59,39.31,7184.63,0.428,89.4,84.69,83.21,0.0578,94.5,1.774,87.74,4.06,94.29
Vultr,me-central-1,Compute,16,32,250,7580,99.87,99.67,38.49,44.99,5643.32,0.299,88.68,86.53,82.49,0.0712,87.84,1.465,77.65,4.0,93.64
Vultr,me-central-1,Storage,2,4,100,738,99.789,99.82,33.71,43.85,624.53,0.252,89.68,87.57,77.15,0.0427,94.47,2.074,83.88,3.99,92.68
Vultr,me-central-1,Compute,8,64,250,2348,99.751,99.66,37.46,52.3,1873.34,0.321,86.86,82.87,74.52,0.0727,97.65,2.114,79.9,4.01,91.68
Vultr,me-central-1,Compute,32,128,2000,8562,99.778,99.39,31.4,35.28,6017.47,0.313,91.7,89.0,83.43,0.0612,83.19,2.072,81.42,4.14,92.96
Vultr,me-central-1,Compute,64,128,100,9650,99.69,99.83,31.95,37.17,6780.94,0.332,90.3,88.75,81.03,0.056,86.75,2.946,86.09,4.07,90.84
Vultr,me-central-1,Database,8,16,250,7188,99.779,99.32,34.1,44.84,6710.33,0.231,86.76,83.7,82.07,0.0558,86.04,2.174,88.49,4.1,91.64
Vultr,me-central-1,Storage,16,32,500,1214,99.795,99.6,27.32,36.1,1159.26,0.208,86.55,84.65,80.8,0.0596,88.81,2.083,85.23,4.39,92.28
Vultr,me-central-1,AI,16,64,2000,7882,99.821,99.91,31.09,42.4,7082.95,0.255,87.75,83.8,84.68,0.0582,78.79,1.769,75.95,4.32,92.61
Vultr,me-central-1,Database,64,512,500,8945,99.759,99.2,33.53,39.79,7855.76,0.38,85.5,85.33,81.93,0.0596,93.17,2.007,64.1,4.21,92.46
Vultr,me-central-1,Compute,2,8,500,2771,99.771,99.56,41.66,54.95,2354.23,0.179,91.45,87.34,79.0,0.0659,89.22,2.272,72.01,3.93,91.91
Vultr,me-central-1,AI,2,4,1000,1949,99.809,99.83,32.71,44.01,1616.04,0.252,89.45,88.07,81.92,0.0525,92.01,1.675,75.86,4.25,94.02
Vultr,me-central-1,Storage,64,128,1000,1331,99.82,99.4,32.64,40.33,1040.88,0.377,90.08,85.44,84.05,0.0728,80.8,1.807,76.98,4.01,92.97
Vultr,me-central-1,Database,2,16,2000,9446,99.823,99.97,34.25,39.93,8666.13,0.289,90.22,89.91,85.07,0.0652,89.3,1.871,91.96,4.09,93.93
Vultr,me-central-1,AI,32,128,1000,6958,99.825,99.8,36.65,44.79,6269.34,0.433,88.29,83.93,85.85,0.037,89.12,1.869,69.87,3.98,93.47
Vultr,me-central-1,Networking,8,32,500,6970,99.789,99.88,34.33,39.13,5999.74,0.466,84.65,83.06,84.39,0.0718,97.5,2.108,81.38,3.92,92.98
Vultr,me-central-1,Storage,32,64,100,8729,99.834,99.58,34.71,41.57,8347.49,0.216,90.45,89.08,78.49,0.0452,91.3,1.338,86.76,4.16,94.19
Vultr,me-central-1,Kubernetes,2,8,2000,7453,99.827,100,31.15,35.59,6122.38,0.381,86.62,85.73,74.83,0.0906,91.89,1.47,82.2,4.3,92.84
Vultr,me-central-1,Networking,2,4,2000,3816,99.731,99.65,29.11,37.04,3421.71,0.526,89.58,85.92,82.29,0.0503,87.51,2.157,71.19,4.44,92.76
Vultr,me-central-1,AI,16,64,250,6988,99.711,99.39,34.29,40.52,5421.8,0.201,88.11,86.64,85.22,0.0882,100,2.725,65.63,4.08,92.71
Vultr,me-central-1,AI,64,128,500,7330,99.716,99.2,40.24,46.64,7050.65,0.318,87.09,85.59,82.06,0.0591,88.48,2.644,78.73,4.07,90.61
Vultr,me-central-1,Storage,4,16,500,8917,99.74,99.47,26.95,34.13,7782.21,0.181,87.84,83.42,79.96,0.0767,84.96,2.156,85.76,4.36,91.85
Vultr,me-central-1,Storage,8,64,50,4584,99.757,100,42.42,49.72,4062.52,0.323,85.99,81.22,82.17,0.0851,92.67,2.045,82.55,3.88,92.13
Vultr,me-central-1,Database,16,64,1000,6951,99.88,99.29,32.4,39.37,6164.58,0.203,89.66,88.79,80.87,0.0646,82.07,1.294,79.42,4.06,93.61
Vultr,me-central-1,Storage,16,128,250,6709,99.822,99.31,40.64,43.85,5457.57,0.399,91.15,89.42,84.06,0.0803,83.29,1.785,91.66,3.84,93.07
Vultr,me-central-1,Compute,64,512,100,8321,99.744,99.98,30.42,41.02,5933.96,0.303,90.06,88.79,76.13,0.0435,79.06,2.263,83.73,4.41,90.76
Vultr,me-central-1,Networking,64,256,1000,3981,99.738,99.4,31.07,37.87,2905.99,0.433,89.69,86.0,78.25,0.0892,93.93,2.53,70.29,4.3,91.89
Vultr,me-central-1,Networking,64,512,1000,6019,99.767,99.33,28.97,35.09,5841.31,0.354,89.02,84.93,80.61,0.0521,90.53,2.051,87.09,4.47,92.88
Vultr,me-central-1,Storage,2,16,50,1080,99.832,99.59,39.19,53.87,937.67,0.543,90.72,86.45,82.52,0.0577,89.29,1.475,78.19,3.89,94.15
Vultr,me-central-1,Networking,4,32,100,3850,99.794,100,32.99,42.14,2832.33,0.112,89.11,85.05,70.34,0.06,94.97,2.06,76.76,4.13,91.63
Vultr,me-central-1,Database,2,16,250,6490,99.706,99.21,29.68,37.57,5446.6,0.478,88.74,88.03,87.43,0.0545,94.47,2.509,75.97,4.23,93.28
Vultr,me-central-1,Database,8,32,1000,8705,99.769,100,39.08,46.02,8475.94,0.371,90.65,88.03,76.97,0.0603,90.74,2.311,81.37,3.83,91.7
Vultr,me-central-1,Compute,16,128,250,8325,99.87,100.0,28.49,33.98,7203.38,0,93.43,93.02,81.02,0.0435,82.76,1.194,75.7,4.24,95.02
Vultr,me-central-1,Storage,32,64,500,5108,99.715,99.21,30.87,33.91,4758.71,0.271,90.39,88.68,80.3,0.0854,97.59,2.351,85.88,4.3,93.1
Vultr,me-central-1,Storage,16,128,250,625,99.737,99.61,40.83,45.82,562.64,0.379,89.41,87.15,79.42,0.0703,80.14,2.11,81.77,4.09,90.97
Vultr,me-central-1,Storage,4,32,500,535,99.739,100,34.5,38.59,505.18,0.263,88.9,86.79,80.85,0.0935,96.16,2.319,81.99,3.99,92.73
Vultr,me-central-1,Database,4,8,100,9025,99.863,99.44,30.98,45.44,8366.9,0.317,90.76,89.05,85.75,0.0465,91.59,1.34,70.95,4.32,95.61
Vultr,me-central-1,Kubernetes,32,256,500,9037,99.804,99.72,36.56,39.6,6561.66,0.463,93.74,91.23,84.35,0.0589,88.54,1.748,79.67,4.17,94.57
Vultr,me-central-1,Database,32,64,250,1919,99.84,99.96,38.97,52.71,1520.53,0.492,90.53,86.88,81.4,0.0592,83.21,1.508,81.58,3.83,93.29
Vultr,me-central-1,Database,64,256,250,7782,99.749,99.36,38.83,45.69,6402.02,0.541,92.59,88.42,84.46,0.061,89.72,2.387,78.54,4.11,92.93
OVHcloud,us-east-1,Storage,8,64,2000,7132,99.819,100,32.58,41.26,5551.06,0.252,90.27,90.2,81.09,0.0573,81.6,1.801,74.8,4.1,92.74
OVHcloud,us-east-1,AI,16,32,2000,3171,99.751,99.7,31.74,41.61,2250.3,0.372,90.33,89.46,83.93,0.0653,97.58,2.188,76.69,4.07,94.05
OVHcloud,us-east-1,Kubernetes,2,8,100,7222,99.885,99.91,34.59,49.13,6856.84,0.327,86.78,83.89,77.49,0.0395,82.5,0.94,78.75,4.27,93.24
OVHcloud,us-east-1,Compute,64,512,250,3714,99.765,100,22.98,29.31,2849.05,0.174,89.72,89.12,81.0,0.0619,90.89,1.893,79.38,4.68,93.88
OVHcloud,us-east-1,Kubernetes,2,16,100,3029,99.782,99.75,36.97,46.59,2320.28,0.37,85.3,85.05,79.12,0.065,100,2.034,86.19,4.21,92.54
OVHcloud,us-east-1,AI,2,4,50,4785,99.709,99.15,36.92,46.27,3702.62,0.278,89.52,88.56,80.6,0.0703,79.24,2.688,75.86,3.94,89.99
OVHcloud,us-east-1,Storage,32,256,2000,8335,99.717,99.81,40.77,45.32,7652.16,0.507,89.42,89.16,86.66,0.0539,100,2.473,84.42,3.95,93.47
OVHcloud,us-east-1,Kubernetes,4,32,500,1096,99.84,99.88,33.49,36.63,874.45,0.38,85.71,81.82,78.0,0.0915,94.03,1.762,74.99,4.2,92.62
OVHcloud,us-east-1,AI,16,64,500,4267,99.686,99.3,40.15,42.26,3130.4,0.461,89.27,85.78,83.07,0.0561,89.53,2.513,86.05,4.05,91.63
OVHcloud,us-east-1,Networking,8,32,2000,1699,99.826,99.45,36.49,40.41,1430.79,0.475,91.84,88.39,86.82,0.0733,87.27,1.812,70.75,4.18,94.26
OVHcloud,us-east-1,Compute,4,8,2000,3955,99.768,99.87,37.2,44.0,3147.58,0.458,85.77,85.37,82.37,0.0629,94.34,2.124,81.12,4.09,92.38
OVHcloud,us-east-1,Storage,2,16,500,2765,99.746,99.27,33.51,47.92,2406.52,0.34,86.38,84.95,82.08,0.058,89.66,2.514,88.45,4.19,91.24
OVHcloud,us-east-1,Storage,2,8,2000,5795,99.72,99.63,31.54,40.01,4134.13,0.429,86.71,85.65,80.41,0.0376,100,2.411,80.76,4.19,92.5
OVHcloud,us-east-1,Storage,16,32,2000,8906,99.763,100,39.02,49.7,7570.8,0.378,91.03,87.45,79.58,0.0689,93.11,2.215,79.14,3.79,92.65
OVHcloud,us-east-1,Database,32,64,100,6701,99.76,99.2,23.78,38.25,5541.73,0.42,89.01,86.57,82.4,0.0662,99.59,2.399,85.43,4.51,93.64
OVHcloud,us-east-1,Compute,8,64,1000,8069,99.819,99.99,38.25,51.67,6174.62,0.296,87.66,85.57,77.35,0.0417,85.5,1.53,78.84,3.95,92.28
OVHcloud,us-east-1,Kubernetes,16,128,50,5026,99.81,99.4,38.84,45.83,4673.23,0.652,91.99,87.69,80.53,0.048,95.46,1.953,69.41,3.89,93.72
OVHcloud,us-east-1,AI,8,64,500,5084,99.782,100,41.05,55.9,3896.82,0.335,90.61,87.72,78.65,0.0778,100,2.087,85.61,3.94,93.3
OVHcloud,us-east-1,AI,2,16,2000,6723,99.811,99.88,39.11,52.83,5923.64,0.324,90.52,85.84,79.41,0.0652,77.93,1.839,80.7,3.84,91.69
OVHcloud,us-east-1,AI,32,256,100,5643,99.779,99.58,31.15,37.69,4330.26,0.49,88.26,85.96,80.37,0.061,83.94,1.797,84.49,4.13,92.46
OVHcloud,us-east-1,Kubernetes,2,16,50,8405,99.674,100,35.14,49.12,6566.6,0.234,91.17,88.97,78.67,0.0506,80.66,3.052,90.67,3.97,89.64
OVHcloud,us-east-1,Database,32,64,250,871,99.675,100,36.16,44.68,762.44,0.452,91.5,91.07,86.58,0.064,93.91,3.069,77.46,4.26,92.26
OVHcloud,us-east-1,Compute,2,4,50,8151,99.807,99.21,32.91,38.31,6842.52,0.258,87.21,84.02,84.57,0.0585,86.14,1.78,80.38,4.36,93.02
OVHcloud,us-east-1,Networking,4,8,50,2860,99.763,99.73,32.83,35.87,2440.48,0.549,92.03,88.18,80.77,0.0759,84.29,2.261,86.83,4.15,92.3
OVHcloud,us-east-1,Database,2,16,100,7736,99.783,100,26.6,34.06,5992.61,0.266,87.27,82.67,83.27,0.0799,94.2,1.879,77.16,4.22,93.92
OVHcloud,us-east-1,Networking,64,512,1000,3312,99.784,99.65,39.87,53.37,2622.85,0.404,87.16,85.71,77.42,0.0618,85.14,2.196,83.02,4.06,90.6
OVHcloud,us-east-1,AI,32,64,1000,3773,99.78,100,40.79,44.37,2779.81,0.406,86.7,84.81,77.23,0.0735,83.48,1.992,84.01,3.83,90.73
OVHcloud,us-east-1,AI,2,8,2000,9505,99.826,99.6,29.26,40.02,8592.88,0.492,86.16,82.68,79.17,0.0709,89.89,1.726,67.47,4.37,92.72
OVHcloud,us-east-1,AI,64,256,250,9883,99.7,99.14,37.83,45.47,7802.94,0.472,87.16,84.63,78.18,0.0629,82.2,2.508,78.47,3.88,89.76
OVHcloud,us-east-1,Storage,4,8,2000,4166,99.777,99.74,33.13,45.17,3967.06,0.257,91.85,89.68,79.02,0.0697,86.45,2.13,75.51,4.34,92.48
OVHcloud,us-east-1,Storage,64,512,250,4384,99.772,99.81,35.74,43.72,3981.37,0.331,89.18,88.1,80.96,0.0606,91.8,2.262,73.58,4.05,92.38
OVHcloud,us-east-1,Networking,64,512,1000,346,99.912,100,34.79,47.41,317.35,0.473,89.04,87.05,78.59,0.0682,80.79,0.87,86.86,4.22,93.87
OVHcloud,us-east-1,Database,2,8,1000,9637,99.756,99.93,28.53,32.18,8560.03,0.288,87.91,86.5,79.58,0.0678,86.29,2.298,79.34,4.19,91.64
OVHcloud,us-east-1,Networking,16,32,2000,9044,99.81,99.8,35.42,43.14,8211.21,0.306,88.34,86.76,80.11,0.0721,95.91,1.903,80.26,4.14,93.29
OVHcloud,us-east-1,Compute,2,16,250,1809,99.746,99.64,37.09,45.01,1618.8,0.337,87.05,84.25,77.19,0.0739,89.83,2.165,88.21,4.17,91.23
OVHcloud,us-east-1,AI,8,32,500,7453,99.84,99.4,38.28,41.72,6510.31,0.333,87.62,83.61,79.9,0.0512,95.94,1.417,85.27,4.16,93.92
OVHcloud,us-east-1,Kubernetes,32,256,2000,466,99.782,99.82,37.31,39.73,339.85,0.237,90.72,86.38,78.53,0.0641,87.59,1.762,75.05,3.85,92.85
OVHcloud,us-east-1,Compute,64,256,50,4668,99.67,99.14,41.26,45.64,3743.64,0.328,90.56,88.74,84.8,0.0378,100,2.767,82.74,3.79,92.66
OVHcloud,us-east-1,Compute,8,64,500,6754,99.797,99.41,41.74,47.74,5449.92,0.429,91.16,89.69,83.07,0.0864,90.65,1.827,84.65,3.74,93.56
OVHcloud,us-east-1,Database,2,16,50,6870,99.736,99.76,39.01,48.98,5695.84,0.441,86.87,84.45,75.92,0.0528,84.66,2.53,81.8,4.14,89.6
OVHcloud,us-west-2,Kubernetes,4,16,250,9071,99.807,99.94,34.75,41.25,7832.94,0.313,90.56,85.74,77.6,0.0704,90.43,1.557,86.47,4.29,93.56
OVHcloud,us-west-2,Database,4,32,100,9947,99.753,99.26,30.47,34.36,8088.18,0.481,90.61,87.33,83.76,0.0846,91.28,2.206,84.76,4.05,93.37
OVHcloud,us-west-2,Kubernetes,4,32,250,7834,99.75,99.39,29.69,31.92,6714.18,0.245,83.98,79.68,79.19,0.03,80.17,2.021,73.59,4.21,90.54
OVHcloud,us-west-2,Storage,4,16,1000,3704,99.812,99.96,39.79,54.56,2967.52,0.397,86.55,81.66,78.49,0.0818,85.09,1.934,86.55,3.78,91.24
OVHcloud,us-west-2,Compute,2,4,500,2937,99.828,99.72,31.12,41.64,2148.56,0.365,87.64,84.79,86.61,0.0753,93.9,1.461,72.65,4.2,95.1
OVHcloud,us-west-2,AI,16,128,50,1654,99.702,99.18,36.95,51.73,1581.85,0.412,91.32,89.52,81.74,0.072,95.66,2.546,76.09,4.17,92.58
OVHcloud,us-west-2,AI,16,128,100,5197,99.847,99.91,35.29,50.25,4560.01,0.374,88.17,84.2,75.26,0.0772,88.95,1.571,89.58,4.07,92.48
OVHcloud,us-west-2,Networking,64,512,1000,2937,99.834,99.76,38.71,52.64,2294.57,0.342,87.09,87.07,81.17,0.0522,94.76,1.528,82.97,3.83,93.68
OVHcloud,us-west-2,Database,64,512,500,3879,99.82,99.61,40.93,45.0,2951.75,0.444,85.13,81.5,81.25,0.0532,92.94,1.656,79.91,4.0,92.68
OVHcloud,us-west-2,Compute,8,16,1000,8048,99.828,99.31,34.2,42.25,6708.07,0.28,87.38,86.01,78.45,0.0785,91.52,1.722,75.55,4.06,92.73
OVHcloud,us-west-2,AI,16,128,250,3090,99.771,99.75,33.2,46.07,2663.97,0.279,89.05,87.18,78.25,0.0551,85.97,2.161,75.51,4.36,91.65
OVHcloud,us-west-2,Storage,64,512,1000,7465,99.658,99.4,36.97,40.55,5776.97,0.452,84.81,82.69,82.84,0.0552,93.37,2.9,79.36,4.06,90.42
OVHcloud,us-west-2,Networking,4,8,250,3297,99.741,99.57,32.32,41.45,3220.79,0.312,88.7,83.87,86.0,0.0899,93.72,2.313,72.06,4.04,93.31
OVHcloud,us-west-2,AI,64,128,50,5387,99.771,99.76,30.95,33.56,4869.2,0.391,88.54,84.28,77.04,0.0611,82.93,1.923,76.21,4.04,91.65
OVHcloud,us-west-2,AI,4,16,100,1984,99.848,99.74,36.15,42.64,1718.44,0.369,87.73,84.09,78.03,0.0542,88.63,1.346,80.57,3.92,93.2
OVHcloud,us-west-2,AI,2,4,250,1523,99.858,99.83,37.01,51.03,1455.72,0.436,87.57,82.69,83.54,0.0606,94.27,1.203,72.7,4.1,94.9
OVHcloud,us-west-2,Database,64,512,2000,4206,99.797,99.21,34.94,40.84,3874.42,0.371,90.38,87.18,85.71,0.0642,85.58,1.896,72.64,4.11,93.46
OVHcloud,us-west-2,AI,2,8,1000,5470,99.799,99.32,39.15,48.76,4604.37,0.491,90.58,87.87,77.56,0.0823,96.37,2.017,73.43,4.11,92.89
OVHcloud,us-west-2,Networking,16,64,50,452,99.834,100,34.8,40.45,407.35,0.429,89.18,84.21,79.48,0.0745,87.63,1.379,80.48,3.94,93.66
OVHcloud,us-west-2,Networking,16,32,500,2161,99.747,99.42,30.79,34.69,1997.82,0.336,87.55,84.1,75.04,0.07,91.81,2.322,80.42,4.21,91.17
OVHcloud,us-west-2,Kubernetes,64,256,1000,7085,99.756,99.83,34.86,39.26,5578.92,0.485,90.33,85.85,78.37,0.0526,83.11,2.36,87.14,3.95,91.14
OVHcloud,us-west-2,Storage,2,16,250,7297,99.735,99.32,30.86,43.42,5213.35,0.266,87.74,86.58,80.26,0.0682,79.18,2.487,76.53,4.3,90.34
OVHcloud,us-west-2,Storage,2,16,500,3041,99.772,99.99,36.57,45.5,2416.85,0.3,83.36,81.26,77.87,0.076,86.07,2.183,86.77,4.14,90.22
OVHcloud,us-west-2,Networking,32,128,50,6250,99.805,99.46,38.33,51.31,4630.11,0.424,89.17,87.48,79.14,0.0548,83.05,1.906,79.25,4.13,91.74
OVHcloud,us-west-2,AI,16,64,2000,9613,99.741,99.16,39.9,49.04,7355.65,0.34,92.0,87.49,77.41,0.0615,94.64,2.213,80.02,4.1,92.49
OVHcloud,us-west-2,Compute,2,4,50,178,99.8,99.51,34.18,38.25,132.8,0.33,88.56,84.45,82.36,0.0443,100,1.773,75.87,4.06,94.41
OVHcloud,us-west-2,Database,64,512,500,8301,99.745,100,33.05,39.55,6567.81,0.465,86.93,82.97,79.77,0.0549,93.73,2.48,83.82,4.12,91.63
OVHcloud,us-west-2,Storage,32,256,100,568,99.81,99.3,35.48,38.39,440.99,0.22,87.46,84.4,79.37,0.0597,92.23,1.995,75.92,3.91,92.32
OVHcloud,us-west-2,Compute,2,8,500,9751,99.799,100,35.39,48.26,9007.83,0.314,90.76,89.08,84.94,0.0531,91.38,1.724,72.0,4.11,94.49
OVHcloud,us-west-2,Database,32,64,50,6252,99.754,99.69,36.45,38.68,4559.43,0.296,88.45,84.26,77.98,0.0832,92.64,2.372,75.46,4.14,91.55
OVHcloud,us-west-2,Kubernetes,8,64,250,8832,99.781,100,38.43,45.44,7481.27,0.494,88.9,87.67,76.41,0.06,96.44,2.112,82.73,4.13,92.3
OVHcloud,us-west-2,AI,32,256,1000,2135,99.84,99.7,36.26,51.17,1971.14,0.352,88.41,88.01,73.91,0.0544,87.26,1.631,77.09,4.06,91.93
OVHcloud,us-west-2,Compute,2,8,2000,7043,99.859,100.0,43.48,46.96,5270.87,0.372,88.42,87.84,83.17,0.0636,83.18,1.448,77.34,3.87,93.02
OVHcloud,us-west-2,Compute,32,64,500,8338,99.797,100,33.33,45.69,6451.21,0.162,88.93,88.23,81.04,0.0425,97.33,1.63,70.36,4.23,94.42
OVHcloud,us-west-2,Networking,4,16,250,4986,99.814,99.83,32.44,44.82,4603.47,0.187,87.81,83.54,81.62,0.061,92.42,1.53,82.19,4.05,93.99
OVHcloud,us-west-2,Networking,8,16,2000,9725,99.813,99.56,35.03,42.53,9342.2,0.289,89.99,89.44,85.61,0.0531,88.71,1.817,69.38,4.12,93.91
OVHcloud,us-west-2,Compute,4,32,2000,888,99.721,99.96,37.07,50.08,806.35,0.216,91.18,89.97,80.41,0.0449,100,2.554,80.7,3.99,92.9
OVHcloud,us-west-2,Storage,16,64,1000,1176,99.791,99.93,37.27,46.43,944.63,0.478,87.6,84.48,81.22,0.0641,96.64,1.888,82.67,4.17,93.33
OVHcloud,us-west-2,Storage,16,32,500,6901,99.817,99.63,42.94,50.39,6004.07,0.438,94.04,93.17,81.87,0.0668,89.79,1.508,78.85,3.68,94.53
OVHcloud,us-west-2,Compute,16,32,100,5596,99.748,99.35,33.43,35.5,4131.15,0.15,92.83,92.19,81.71,0.0541,89.25,2.349,80.49,4.1,92.86
OVHcloud,eu-west-1,Database,2,4,250,3749,99.861,99.63,38.01,40.24,3536.87,0.249,85.7,82.11,82.89,0.0872,87.63,1.341,81.12,4.06,93.33
OVHcloud,eu-west-1,Database,64,512,100,5404,99.788,100,33.98,40.39,5054.4,0.325,89.26,84.59,73.82,0.0743,86.19,2.036,80.38,4.27,91.28
OVHcloud,eu-west-1,Kubernetes,4,32,1000,6898,99.767,99.6,45.83,56.27,5730.23,0.549,95.2,94.39,81.14,0.0593,94.73,1.966,89.42,3.73,94.05
OVHcloud,eu-west-1,AI,2,4,1000,2654,99.784,100,34.78,41.15,2378.57,0.498,90.14,85.66,76.63,0.0551,83.09,1.857,80.06,4.27,91.92
OVHcloud,eu-west-1,Kubernetes,4,32,100,4857,99.842,100,36.55,42.51,4037.94,0.335,88.28,83.87,76.08,0.0277,83.19,1.759,78.87,3.95,91.58
OVHcloud,eu-west-1,AI,4,16,100,6833,99.748,100,36.56,42.53,5711.99,0.366,92.02,91.41,79.11,0.067,88.64,2.201,74.48,3.86,92.46
OVHcloud,eu-west-1,Database,64,128,100,195,99.795,99.86,36.62,51.09,152.47,0.398,90.72,85.78,81.96,0.0872,89.77,1.684,83.79,3.86,93.84
OVHcloud,eu-west-1,Kubernetes,2,16,1000,7499,99.749,99.76,34.31,49.16,5386.7,0.392,89.0,85.04,80.67,0.0526,89.34,2.086,78.27,4.3,92.47
OVHcloud,eu-west-1,Database,16,128,250,2159,99.887,99.37,38.89,47.37,1933.5,0.517,86.44,86.06,83.46,0.0572,72.76,1.28,77.75,3.79,92.06
OVHcloud,eu-west-1,Storage,16,32,50,5532,99.814,100,44.34,51.77,4354.65,0.39,88.79,87.78,82.5,0.0752,87.91,1.89,75.73,3.74,92.5
OVHcloud,eu-west-1,Kubernetes,16,128,1000,3869,99.82,99.71,28.28,33.07,3507.6,0.374,86.53,81.89,80.14,0.0617,88.87,1.594,88.11,4.23,93.18
OVHcloud,eu-west-1,AI,8,32,500,6635,99.756,99.93,38.55,47.92,5299.39,0.336,89.07,84.7,78.98,0.0712,91.94,2.077,77.58,4.0,92.32
OVHcloud,eu-west-1,Networking,64,512,50,1348,99.703,99.78,39.58,53.91,1043.76,0.439,89.85,86.28,76.47,0.0419,92.74,2.655,72.87,4.04,90.86
OVHcloud,eu-west-1,Kubernetes,8,64,250,8705,99.725,99.59,40.67,46.59,7990.53,0.448,88.61,85.46,75.27,0.0483,87.03,2.367,74.21,4.01,90.33
OVHcloud,eu-west-1,Networking,64,128,500,1152,99.787,99.4,42.93,50.66,833.92,0.441,88.49,84.66,83.69,0.0541,87.89,2.098,75.74,3.89,92.16
OVHcloud,eu-west-1,AI,4,16,2000,9456,99.787,99.81,28.51,35.89,7788.13,0.293,87.09,86.79,79.63,0.0448,84.33,1.94,76.56,4.42,92.01
OVHcloud,eu-west-1,Networking,32,256,100,4283,99.729,99.77,38.35,52.67,3059.1,0.123,89.35,86.05,81.04,0.0564,88.05,2.447,87.23,4.13,91.49
OVHcloud,eu-west-1,Kubernetes,32,64,1000,3553,99.83,99.35,31.71,40.63,2500.19,0.327,87.98,86.03,83.52,0.0656,94.02,1.833,82.12,4.24,93.83
OVHcloud,eu-west-1,Database,32,128,500,6767,99.8,99.32,39.82,50.59,6514.87,0.403,89.64,87.11,73.16,0.0551,93.24,2.039,83.86,3.99,91.58
OVHcloud,eu-west-1,AI,2,16,250,9811,99.733,99.14,33.8,45.54,8653.84,0.408,88.87,87.2,80.99,0.0679,94.42,2.255,82.35,4.31,92.6
OVHcloud,eu-west-1,Storage,64,512,2000,8337,99.763,99.19,37.76,51.15,6020.09,0.627,86.71,83.15,78.66,0.0585,87.99,2.016,76.85,3.84,91.41
OVHcloud,eu-west-1,Kubernetes,64,128,100,5158,99.835,99.93,30.91,33.51,4226.89,0.425,89.84,87.18,77.97,0.0696,85.36,1.718,81.95,4.15,92.81
OVHcloud,eu-west-1,Storage,8,16,2000,401,99.736,99.73,31.33,42.31,391.68,0.243,88.3,84.98,80.25,0.0488,87.31,2.258,71.83,4.37,91.83
OVHcloud,eu-west-1,Compute,8,32,100,948,99.803,99.53,38.46,43.82,730.62,0.491,89.12,86.74,79.92,0.067,91.76,1.787,75.44,4.1,93.02
OVHcloud,eu-west-1,Networking,8,64,100,3106,99.821,100,39.79,51.6,2400.64,0.477,92.95,91.07,72.99,0.0749,91.17,1.68,83.14,3.75,92.9
OVHcloud,eu-west-1,Database,64,512,1000,5414,99.804,99.6,33.44,39.14,3791.01,0.161,87.54,86.49,84.43,0.064,94.86,1.753,76.69,4.13,94.07
OVHcloud,eu-west-1,Networking,32,256,100,9602,99.818,99.62,41.22,52.48,8151.92,0.571,86.55,86.06,79.02,0.0299,89.79,1.898,73.8,3.74,91.77
OVHcloud,eu-west-1,Kubernetes,4,32,250,4771,99.848,100,34.19,49.13,3382.43,0.373,88.86,88.38,81.84,0.0575,100,1.266,83.99,4.15,95.55
OVHcloud,eu-west-1,AI,64,128,500,4371,99.741,99.15,27.82,38.1,3114.87,0.485,90.13,86.11,79.18,0.0553,96.36,2.25,87.33,4.14,93.11
OVHcloud,eu-west-1,Networking,16,64,2000,9290,99.749,100,35.87,50.07,8924.84,0.226,90.86,89.54,79.8,0.0862,90.73,2.392,77.13,4.06,92.18
OVHcloud,eu-west-1,Storage,2,8,50,5134,99.747,99.22,36.01,48.2,3602.92,0.192,90.34,86.1,79.61,0.0476,82.25,2.259,78.06,4.03,91.3
OVHcloud,eu-west-1,Database,4,32,50,3369,99.688,99.32,37.86,43.53,2390.25,0.496,87.77,84.33,81.47,0.0394,80.81,2.505,81.76,3.83,90.29
OVHcloud,eu-west-1,Storage,16,128,1000,1739,99.733,99.62,44.15,58.56,1535.98,0.465,91.65,86.65,78.21,0.0518,97.87,2.383,82.64,3.82,92.37
OVHcloud,eu-west-1,Database,16,64,500,6245,99.775,99.27,31.7,35.02,4972.2,0.184,86.68,83.15,82.21,0.0722,94.38,1.952,74.01,4.17,93.11
OVHcloud,eu-west-1,AI,4,16,50,8197,99.815,99.34,39.28,49.57,6428.29,0.31,88.92,88.48,79.23,0.0664,86.92,1.617,83.14,3.79,92.65
OVHcloud,eu-west-1,Kubernetes,32,64,2000,2020,99.784,99.65,30.92,34.08,1851.29,0.305,90.01,85.94,80.98,0.0557,83.24,1.791,79.18,4.31,92.88
OVHcloud,eu-west-1,Networking,32,128,50,9734,99.797,100,33.66,45.27,7166.64,0.343,87.65,86.88,78.99,0.0623,96.91,1.707,79.21,3.96,93.6
OVHcloud,eu-west-1,Database,16,32,1000,3056,99.7,99.16,37.38,48.4,2449.84,0.366,88.54,85.14,81.95,0.0805,97.43,2.48,83.94,4.18,92.33
OVHcloud,eu-west-1,AI,64,256,500,6746,99.705,99.22,38.18,42.45,6463.46,0.555,91.27,90.09,80.05,0.053,96.16,2.586,87.89,3.8,92.22
OVHcloud,eu-west-1,Kubernetes,16,128,100,3509,99.79,99.21,33.0,47.3,3176.38,0.252,90.18,85.71,83.2,0.0792,90.89,2.118,82.18,3.97,93.21
OVHcloud,eu-central-1,Networking,64,512,1000,852,99.831,99.95,34.62,43.35,662.84,0.399,90.32,85.47,79.3,0.0935,93.59,1.558,77.93,4.27,94.13
OVHcloud,eu-central-1,AI,8,32,1000,1004,99.765,100,40.39,50.27,725.84,0.415,86.54,84.38,83.47,0.0323,82.74,2.079,81.52,4.02,91.44
OVHcloud,eu-central-1,Storage,4,8,2000,366,99.841,99.55,36.49,44.75,317.08,0.263,90.02,88.45,79.29,0.0623,93.03,1.669,83.39,4.18,93.61
OVHcloud,eu-central-1,Compute,2,4,1000,9071,99.826,99.39,39.38,52.04,6869.86,0.57,91.63,90.88,78.33,0.072,85.54,1.782,83.17,4.1,92.59
OVHcloud,eu-central-1,Networking,16,32,1000,3610,99.661,99.28,32.77,43.2,3201.7,0.324,90.12,86.76,83.75,0.0598,88.85,2.851,83.0,4.17,91.51
OVHcloud,eu-central-1,Networking,8,32,500,2057,99.718,99.34,32.91,41.53,1486.6,0.285,93.02,91.82,79.93,0.0531,85.78,2.354,88.5,4.08,92.26
OVHcloud,eu-central-1,Storage,4,8,250,5748,99.721,99.76,29.64,40.93,4437.8,0.374,93.36,88.77,82.51,0.0605,89.35,2.669,90.78,4.17,92.69
OVHcloud,eu-central-1,Compute,4,32,250,7512,99.781,99.33,38.67,41.35,5790.69,0.447,92.79,88.56,77.79,0.0721,88.7,1.86,92.36,3.78,92.93
OVHcloud,eu-central-1,Networking,16,128,50,9123,99.772,99.61,41.71,52.34,7547.4,0.422,87.44,84.54,83.2,0.0626,94.5,2.069,77.35,3.78,92.72
OVHcloud,eu-central-1,AI,8,32,100,3807,99.788,100,49.16,63.72,3199.52,0.226,84.49,80.75,80.06,0.0837,87.54,1.788,77.71,3.7,91.13
OVHcloud,eu-central-1,AI,64,256,2000,7612,99.753,99.55,37.29,46.11,6632.62,0.213,88.73,85.71,81.12,0.066,88.66,2.054,79.7,3.99,92.29
OVHcloud,eu-central-1,Networking,8,16,100,4395,99.724,99.82,30.41,35.6,3479.8,0.386,89.47,85.22,82.18,0.0601,91.65,2.696,82.04,4.27,91.98
OVHcloud,eu-central-1,Kubernetes,8,32,2000,6513,99.673,99.68,38.28,45.72,5434.3,0.363,90.04,87.01,80.66,0.0597,87.11,2.977,62.22,3.88,90.34
OVHcloud,eu-central-1,AI,2,16,500,8098,99.728,99.35,32.51,34.75,7581.0,0.317,88.24,84.0,79.04,0.0612,98.12,2.259,79.83,4.01,92.64
OVHcloud,eu-central-1,Storage,4,8,250,2076,99.816,99.99,33.27,45.54,2019.13,0.361,90.0,89.03,75.38,0.0976,83.54,1.482,81.82,3.98,92.62
OVHcloud,eu-central-1,AI,8,32,100,1827,99.788,99.7,33.32,42.74,1655.23,0.512,92.4,89.64,84.41,0.0365,91.56,2.097,88.25,4.14,94.04
OVHcloud,eu-central-1,AI,32,128,2000,6079,99.632,99.94,31.22,40.8,5042.47,0.353,88.44,85.49,81.43,0.0889,90.17,3.379,81.0,4.16,90.0
OVHcloud,eu-central-1,AI,16,32,1000,1642,99.734,99.99,32.98,42.28,1163.76,0.509,91.86,89.15,78.3,0.0462,85.32,2.583,68.32,4.07,91.33
OVHcloud,eu-central-1,Storage,16,64,50,7762,99.724,99.21,31.01,43.66,7495.87,0.31,88.89,86.16,74.19,0.0692,91.8,2.343,83.69,4.37,91.22
OVHcloud,eu-central-1,Networking,8,32,500,3844,99.793,99.92,36.17,42.56,3233.38,0.474,89.22,88.42,81.01,0.047,89.28,1.806,92.25,4.19,93.1
OVHcloud,eu-central-1,Storage,8,16,50,5733,99.787,99.25,33.97,44.64,5262.9,0.31,91.06,89.95,73.08,0.0868,84.18,1.827,68.59,4.24,91.66
OVHcloud,eu-central-1,Database,16,64,500,6086,99.785,100,31.87,40.48,5052.81,0.176,90.28,85.65,80.92,0.0554,90.54,1.859,84.69,4.04,93.56
OVHcloud,eu-central-1,Storage,2,16,500,8918,99.779,99.34,42.09,50.64,7575.95,0.292,87.86,85.86,81.63,0.0667,82.09,1.819,81.87,3.86,91.71
OVHcloud,eu-central-1,Storage,16,32,250,4055,99.773,99.41,30.61,33.72,3876.34,0.525,92.82,90.46,79.57,0.0295,91.94,1.826,93.37,4.24,94.07
OVHcloud,eu-central-1,Database,64,256,100,7908,99.758,99.39,34.82,48.67,6731.28,0.335,91.26,88.13,79.15,0.0541,92.09,2.031,78.37,3.92,93.03
OVHcloud,eu-central-1,Kubernetes,64,256,250,4443,99.745,99.44,32.87,47.18,4314.43,0.355,91.69,87.51,73.43,0.0356,85.94,2.261,83.22,4.08,91.19
OVHcloud,eu-central-1,Kubernetes,2,8,250,488,99.728,99.56,38.18,43.57,394.55,0.262,88.18,87.09,78.36,0.057,85.59,2.608,91.92,4.12,90.2
OVHcloud,eu-central-1,Storage,2,16,100,5296,99.837,99.41,35.21,44.28,5038.46,0.563,89.35,86.35,78.04,0.061,83.62,1.559,83.71,4.26,92.56
OVHcloud,eu-central-1,Database,16,32,250,9199,99.811,99.4,38.76,42.98,6632.39,0.488,89.12,86.08,85.74,0.075,81.84,1.869,70.63,3.87,92.69
OVHcloud,eu-central-1,AI,8,16,500,3102,99.779,99.42,33.57,36.86,2964.24,0.331,89.8,89.59,84.81,0.0741,88.25,1.849,96.1,4.13,93.67
OVHcloud,eu-central-1,Kubernetes,64,128,100,4878,99.701,99.85,36.64,44.71,4314.03,0.204,89.32,88.47,82.25,0.0684,92.12,2.494,87.82,3.89,92.1
OVHcloud,eu-central-1,Database,8,16,100,8076,99.679,99.69,40.24,46.18,6863.07,0.442,88.25,85.77,76.51,0.062,82.06,2.893,82.75,4.01,88.85
OVHcloud,eu-central-1,AI,2,16,100,146,99.63,99.43,35.38,47.64,142.75,0.353,90.3,88.43,77.21,0.084,87.84,3.132,77.74,4.03,89.7
OVHcloud,eu-central-1,Database,4,32,250,993,99.791,100,35.28,43.17,927.45,0.312,87.24,86.54,81.4,0.0842,86.43,2.079,74.38,4.03,91.92
OVHcloud,eu-central-1,Networking,2,4,100,5610,99.691,99.66,30.31,34.71,5202.11,0.194,86.13,82.74,74.68,0.0717,97.38,2.707,76.53,4.45,90.64
OVHcloud,eu-central-1,Compute,2,8,1000,5296,99.727,100,34.98,40.07,4866.24,0.244,87.79,84.97,80.62,0.0676,84.75,2.371,78.96,4.22,91.12
OVHcloud,eu-central-1,Storage,16,64,100,6724,99.772,100,30.43,43.56,5269.61,0.202,89.82,88.97,77.51,0.0716,97.71,1.843,84.57,4.24,93.79
OVHcloud,eu-central-1,Storage,16,32,250,5930,99.766,99.45,36.86,46.8,5342.89,0.186,92.73,88.99,76.27,0.1021,91.14,2.061,74.71,4.13,92.63
OVHcloud,eu-central-1,AI,4,32,100,5474,99.767,100,34.98,41.61,4036.83,0.388,87.21,82.82,78.13,0.0547,82.64,1.896,77.42,4.05,91.4
OVHcloud,eu-central-1,Compute,64,128,250,8929,99.767,99.25,46.29,51.71,7436.79,0.369,88.26,85.23,75.48,0.0912,84.53,2.029,87.36,3.9,90.4
OVHcloud,ap-south-1,AI,32,256,250,5451,99.679,99.61,41.48,51.17,3932.31,0.496,89.22,88.97,77.83,0.0511,84.79,2.764,74.63,3.69,89.75
OVHcloud,ap-south-1,Database,8,16,500,9773,99.724,99.7,33.3,44.55,8315.7,0.292,90.96,90.57,79.91,0.0536,91.36,2.464,92.33,4.14,92.22
OVHcloud,ap-south-1,Networking,64,256,2000,7878,99.781,99.2,38.37,44.57,6561.75,0.27,88.5,85.09,81.05,0.0683,95.55,1.912,89.97,3.87,93.15
OVHcloud,ap-south-1,Database,8,64,2000,8415,99.749,99.23,32.97,47.24,7755.07,0.382,90.12,88.3,78.13,0.056,94.85,2.123,89.35,4.24,92.8
OVHcloud,ap-south-1,Compute,4,16,500,939,99.869,100,31.23,38.29,747.82,0.405,87.23,84.53,78.98,0.0934,85.64,1.493,92.45,4.19,92.92
OVHcloud,ap-south-1,Database,2,16,250,4275,99.696,99.66,40.4,51.67,3498.07,0.41,86.54,83.37,77.59,0.0705,94.49,2.635,81.08,3.93,90.5
OVHcloud,ap-south-1,Networking,64,512,100,8541,99.69,99.78,35.17,40.4,6516.48,0.307,90.42,85.76,78.07,0.0616,85.18,2.555,65.94,4.04,90.88
OVHcloud,ap-south-1,Kubernetes,2,8,500,7223,99.753,99.19,38.78,41.24,6290.89,0.536,90.44,90.03,77.42,0.0707,95.06,1.986,81.01,4.01,92.75
OVHcloud,ap-south-1,Networking,2,8,1000,314,99.71,99.6,35.76,49.7,255.5,0.351,93.87,93.15,84.61,0.0633,95.68,2.608,73.82,4.27,93.58
OVHcloud,ap-south-1,Kubernetes,32,128,100,5907,99.789,99.35,36.64,51.08,4355.06,0.402,83.34,78.44,78.96,0.0665,93.97,1.868,64.94,4.06,91.78
OVHcloud,ap-south-1,Kubernetes,64,256,50,6259,99.783,99.3,37.88,41.3,5699.76,0.424,89.2,85.79,83.43,0.0701,84.35,2.067,66.99,4.09,92.21
OVHcloud,ap-south-1,Storage,2,16,100,4949,99.88,100,35.48,37.61,3831.97,0.477,89.83,85.19,83.32,0.0911,87.36,1.237,82.02,3.94,94.66
OVHcloud,ap-south-1,AI,8,64,500,6281,99.814,99.78,42.75,57.31,4900.95,0.304,88.02,86.13,75.61,0.039,93.43,1.597,79.23,3.83,92.5
OVHcloud,ap-south-1,Networking,32,64,100,7536,99.723,100,28.71,31.13,7286.72,0.371,88.31,84.09,82.69,0.0758,96.78,2.623,81.22,4.14,92.62
OVHcloud,ap-south-1,AI,64,128,50,2412,99.832,99.57,38.19,48.99,2230.44,0.41,87.98,83.56,77.82,0.0889,93.6,1.702,70.46,4.16,92.85
OVHcloud,ap-south-1,Storage,16,64,250,9426,99.768,99.94,34.63,39.96,8687.46,0.287,88.22,86.65,78.26,0.0655,88.8,2.196,82.94,4.06,91.65
OVHcloud,ap-south-1,Kubernetes,32,256,2000,7904,99.825,100,36.05,49.06,6079.2,0.358,93.57,93.07,76.82,0.0652,95.09,1.872,86.0,4.07,93.85
OVHcloud,ap-south-1,Database,8,16,50,762,99.819,99.36,33.07,43.88,651.01,0.307,86.15,84.23,81.72,0.0664,93.17,1.614,81.02,4.07,93.45
OVHcloud,ap-south-1,Networking,8,32,50,7636,99.809,100,37.95,41.82,7188.48,0.244,90.94,87.17,80.05,0.0624,84.68,1.635,79.2,4.05,93.1
OVHcloud,ap-south-1,Compute,32,256,500,2421,99.76,100,32.48,43.95,2050.22,0.355,87.24,82.81,74.87,0.0772,85.15,2.392,90.66,4.13,90.24
OVHcloud,ap-south-1,Storage,8,32,500,480,99.829,99.39,37.2,40.89,429.77,0.33,90.36,89.3,76.99,0.0513,86.7,1.807,82.82,4.0,92.3
OVHcloud,ap-south-1,Kubernetes,64,256,100,2188,99.743,99.15,39.59,44.66,2012.12,0.373,88.74,87.58,81.95,0.0985,79.4,2.433,79.07,4.04,90.46
OVHcloud,ap-south-1,Database,8,16,100,8787,99.834,99.28,37.88,46.92,6954.77,0.319,91.46,90.93,86.12,0.0487,92.51,1.678,87.51,4.2,94.8
OVHcloud,ap-south-1,AI,4,8,50,6056,99.776,99.23,30.72,35.86,4329.76,0.122,87.03,83.54,76.9,0.0589,81.82,1.922,73.24,4.06,91.13
OVHcloud,ap-south-1,Storage,8,64,1000,6527,99.727,99.97,39.47,47.5,5122.97,0.428,87.92,84.46,81.64,0.0535,93.63,2.375,83.91,4.09,92.0
OVHcloud,ap-south-1,Storage,16,64,250,477,99.799,99.29,37.42,45.16,441.25,0.444,89.84,85.6,82.25,0.0756,92.45,1.91,73.78,3.86,93.37
OVHcloud,ap-south-1,AI,4,32,50,4599,99.728,99.35,33.23,47.13,4106.6,0.341,87.29,85.04,80.57,0.0663,99.39,2.29,80.86,4.12,92.71
OVHcloud,ap-south-1,Kubernetes,16,128,100,6244,99.792,99.66,38.3,42.95,4489.66,0.24,89.52,87.1,80.26,0.0642,94.0,2.031,78.04,3.88,92.91
OVHcloud,ap-south-1,Networking,8,64,250,8444,99.835,99.58,42.47,52.65,6930.07,0.284,91.73,86.79,85.35,0.0476,88.59,1.518,75.02,3.86,94.47
OVHcloud,ap-south-1,Kubernetes,2,16,100,8154,99.772,100,26.85,37.56,7989.7,0.472,90.23,85.91,77.17,0.0584,86.97,2.16,70.66,4.41,92.21
OVHcloud,ap-south-1,AI,16,32,1000,445,99.759,99.97,36.22,50.54,360.82,0.491,89.2,84.54,82.78,0.0566,88.59,2.101,77.84,4.05,92.67
OVHcloud,ap-south-1,Kubernetes,16,32,50,6198,99.706,99.99,34.15,46.99,4449.9,0.448,92.07,88.42,81.55,0.0611,84.71,2.652,71.41,4.19,91.61
OVHcloud,ap-south-1,Storage,4,32,250,3149,99.785,99.43,36.47,43.72,2767.72,0.536,86.27,84.56,79.26,0.0327,90.8,2.107,81.02,3.9,91.63
OVHcloud,ap-south-1,Storage,64,128,1000,4972,99.765,99.41,34.38,38.63,4502.61,0.291,92.6,90.23,75.84,0.0759,91.85,2.234,76.47,4.07,92.37
OVHcloud,ap-south-1,Networking,2,4,100,685,99.782,100,33.48,43.75,536.91,0.206,87.85,86.82,76.68,0.066,77.88,1.908,82.85,3.97,90.86
OVHcloud,ap-south-1,Compute,2,16,2000,4684,99.797,99.76,32.62,43.61,4289.8,0.361,88.5,85.24,80.47,0.0631,79.95,2.005,65.79,4.3,91.62
OVHcloud,ap-south-1,Compute,64,256,250,4936,99.749,99.34,37.98,44.65,4211.51,0.388,93.62,90.72,81.32,0.0521,90.26,2.458,81.95,3.94,92.6
OVHcloud,ap-south-1,Database,8,32,2000,203,99.677,99.49,38.45,47.68,156.55,0.421,87.99,86.64,79.04,0.053,83.42,2.927,78.57,4.07,89.33
OVHcloud,ap-south-1,Storage,4,32,250,9157,99.719,99.64,30.38,38.11,8539.66,0.34,88.99,85.66,74.56,0.0732,100,2.514,77.57,4.38,91.91
OVHcloud,ap-south-1,Compute,16,128,500,6307,99.76,99.89,34.06,47.43,5393.25,0.499,90.19,86.43,81.69,0.0936,95.99,1.986,77.28,4.19,93.83
OVHcloud,ap-southeast-1,AI,64,512,50,6745,99.731,99.33,37.24,49.09,4992.97,0.371,90.36,88.98,79.63,0.0551,90.32,2.431,79.58,3.95,91.74
OVHcloud,ap-southeast-1,AI,8,16,250,7380,99.892,100,26.29,41.08,7227.31,0.291,88.02,85.74,81.99,0.0606,84.02,1.033,86.23,4.34,94.63
OVHcloud,ap-southeast-1,Kubernetes,64,512,2000,3275,99.824,99.62,43.38,45.72,3070.76,0.482,90.93,89.63,78.44,0.0573,100,1.888,76.55,3.81,93.59
OVHcloud,ap-southeast-1,Compute,2,4,500,255,99.715,99.28,42.99,46.82,241.32,0.392,91.63,88.5,75.29,0.0575,93.75,2.372,79.7,3.74,91.5
OVHcloud,ap-southeast-1,Networking,64,128,100,4707,99.847,99.61,42.82,51.05,3357.15,0.456,87.57,83.35,85.56,0.063,100,1.327,81.96,4.0,95.22
OVHcloud,ap-southeast-1,Networking,64,256,100,8997,99.786,99.79,39.69,53.02,7723.33,0.356,88.46,85.38,78.51,0.0649,78.84,1.969,70.83,4.02,90.89
OVHcloud,ap-southeast-1,Networking,2,4,2000,5172,99.758,99.31,39.35,47.82,4084.88,0.349,90.6,86.24,76.19,0.0792,84.75,2.029,81.81,3.94,91.4
OVHcloud,ap-southeast-1,Networking,16,32,500,6961,99.74,99.44,37.76,47.6,5456.28,0.426,88.94,86.39,74.73,0.0461,92.44,2.131,81.79,3.91,91.52
OVHcloud,ap-southeast-1,Networking,8,64,1000,1964,99.838,99.42,38.57,46.15,1746.25,0.564,91.0,90.53,75.2,0.0617,89.6,1.62,86.89,3.92,92.78
OVHcloud,ap-southeast-1,AI,64,256,1000,387,99.683,99.68,37.88,52.05,308.66,0.402,89.61,88.1,82.16,0.0683,86.86,2.743,75.26,4.07,90.97
OVHcloud,ap-southeast-1,Storage,4,8,2000,3600,99.808,99.64,31.58,40.95,3515.72,0.289,92.67,89.32,80.07,0.0788,88.87,1.759,83.82,4.19,93.93
OVHcloud,ap-southeast-1,Storage,4,16,250,1699,99.748,99.25,40.26,52.35,1465.22,0.281,90.76,86.52,83.23,0.0817,96.03,2.271,78.18,3.75,93.17
OVHcloud,ap-southeast-1,AI,8,64,2000,2714,99.724,99.39,32.84,39.92,2070.55,0.331,86.3,81.87,78.78,0.0454,93.61,2.537,83.1,4.2,91.12
OVHcloud,ap-southeast-1,Networking,16,32,100,153,99.711,100,37.3,50.18,148.9,0.31,90.99,87.98,81.3,0.0465,89.53,2.647,76.55,3.92,91.7
OVHcloud,ap-southeast-1,Networking,2,16,50,5716,99.779,99.76,41.16,47.72,5078.75,0.391,86.66,82.39,85.51,0.0919,86.9,1.905,76.18,3.85,92.52
OVHcloud,ap-southeast-1,AI,8,64,50,2101,99.806,99.73,34.32,42.09,1700.41,0.322,85.35,81.18,81.54,0.0874,100,1.57,74.5,4.0,94.06
OVHcloud,ap-southeast-1,Compute,64,128,2000,7639,99.794,99.84,36.37,41.28,6937.14,0.278,88.09,87.94,83.75,0.0573,88.99,1.689,76.72,4.09,93.48
OVHcloud,ap-southeast-1,Compute,4,32,2000,5978,99.766,99.68,41.82,55.54,5146.93,0.46,89.64,87.96,75.9,0.0628,88.34,2.075,86.4,3.9,91.37
OVHcloud,ap-southeast-1,AI,8,64,100,9572,99.722,99.28,40.72,51.44,8305.2,0.494,88.13,84.87,79.55,0.0464,91.85,2.641,84.66,3.91,90.79
OVHcloud,ap-southeast-1,Kubernetes,32,128,500,1389,99.683,99.46,34.31,48.43,1082.2,0.355,89.51,88.1,76.39,0.0877,92.53,2.576,72.5,4.24,91.14
OVHcloud,ap-southeast-1,Kubernetes,2,16,500,2495,99.735,100,36.64,41.37,1843.77,0.334,89.13,86.54,87.66,0.0658,100,2.163,70.72,4.06,94.47
OVHcloud,ap-southeast-1,Networking,4,32,1000,4690,99.722,99.73,36.06,48.48,3680.05,0.33,88.97,87.09,80.04,0.0581,92.5,2.511,62.82,3.95,91.7
OVHcloud,ap-southeast-1,Storage,8,32,2000,823,99.835,99.54,41.04,48.95,692.03,0.251,87.23,83.56,78.31,0.0662,89.25,1.712,74.83,4.01,92.14
OVHcloud,ap-southeast-1,Database,2,4,2000,6501,99.863,99.37,32.63,34.91,5589.46,0.351,91.72,89.74,82.83,0.0737,86.56,1.49,75.55,4.12,94.4
OVHcloud,ap-southeast-1,Database,4,32,100,6538,99.717,99.4,35.05,43.12,5536.74,0.3,87.2,87.09,77.07,0.0663,99.27,2.541,77.55,4.24,91.51
OVHcloud,ap-southeast-1,Storage,16,64,250,5450,99.732,99.75,38.96,46.04,4152.37,0.264,85.82,84.78,83.31,0.0358,87.31,2.635,83.14,3.81,90.6
OVHcloud,ap-southeast-1,Storage,2,8,100,1686,99.825,99.96,37.62,42.04,1534.05,0.5,87.64,82.95,79.23,0.062,85.76,1.419,78.16,3.91,92.86
OVHcloud,ap-southeast-1,Compute,4,8,250,7429,99.802,99.79,31.51,39.63,7138.31,0.339,88.33,85.33,83.43,0.0548,88.82,1.948,78.65,4.35,93.17
OVHcloud,ap-southeast-1,Storage,2,4,100,7373,99.811,99.51,36.3,46.91,6984.82,0.48,92.06,89.69,76.8,0.0359,92.45,1.958,71.19,4.22,92.97
OVHcloud,ap-southeast-1,AI,32,64,1000,2303,99.817,99.23,46.77,55.87,1985.99,0.467,87.7,86.51,75.81,0.0648,91.46,1.536,89.06,3.53,92.09
OVHcloud,ap-southeast-1,Networking,4,8,500,7570,99.768,100,28.42,39.78,5720.22,0.273,86.93,83.9,78.91,0.0519,90.03,1.885,84.8,4.16,92.61
OVHcloud,ap-southeast-1,AI,8,64,50,8375,99.785,100,37.01,47.61,6795.8,0.501,92.38,91.46,78.88,0.0701,87.26,1.795,87.7,3.94,93.2
OVHcloud,ap-southeast-1,Networking,64,256,2000,8662,99.804,99.21,35.83,38.33,7638.77,0.569,87.04,86.66,81.7,0.0691,86.48,1.906,81.85,3.95,92.15
OVHcloud,ap-southeast-1,AI,64,256,250,7305,99.681,99.33,35.15,38.76,5298.92,0.418,87.33,82.63,78.36,0.0766,89.04,2.808,76.32,4.24,90.07
OVHcloud,ap-southeast-1,Networking,8,16,500,8311,99.751,99.59,38.72,42.42,7560.1,0.454,89.25,88.92,80.56,0.0746,91.57,2.328,90.93,4.17,91.97
OVHcloud,ap-southeast-1,Compute,4,32,1000,7384,99.779,99.32,29.8,43.51,5530.53,0.552,88.98,84.73,77.83,0.0679,87.12,1.779,87.86,4.32,92.61
OVHcloud,ap-southeast-1,Networking,2,8,100,7043,99.792,99.28,33.18,45.37,6696.37,0.438,91.27,88.21,78.88,0.0651,80.26,2.056,73.78,4.15,91.77
OVHcloud,ap-southeast-1,Storage,4,32,500,2153,99.768,99.48,35.21,46.43,1609.67,0.27,89.83,85.0,78.51,0.0631,90.79,2.167,81.39,4.0,92.2
OVHcloud,ap-southeast-1,Kubernetes,8,64,2000,3032,99.782,100,39.84,52.83,2204.48,0.272,92.07,87.61,80.51,0.0582,97.1,1.908,62.64,4.01,94.04
OVHcloud,ap-southeast-1,Compute,2,8,250,6963,99.726,99.38,34.49,46.12,4958.09,0.3,91.84,91.76,84.09,0.0383,94.32,2.525,83.57,4.13,93.13
OVHcloud,sa-east-1,Compute,32,128,1000,8997,99.79,99.51,32.77,44.5,6617.53,0.337,88.59,85.2,81.78,0.0376,93.49,2.12,73.11,4.1,92.98
OVHcloud,sa-east-1,Compute,2,4,500,7908,99.798,99.28,36.21,42.51,7363.17,0.339,90.22,88.67,81.5,0.0377,90.45,2.049,83.95,4.07,92.89
OVHcloud,sa-east-1,Database,32,256,100,2841,99.72,99.23,35.81,40.73,2017.11,0.396,89.6,86.67,80.78,0.0386,97.76,2.659,80.14,4.04,92.12
OVHcloud,sa-east-1,AI,8,64,250,7515,99.761,99.83,30.25,35.24,6578.14,0.291,93.27,93.05,78.05,0.0553,91.08,2.052,84.75,4.15,93.44
OVHcloud,sa-east-1,Database,2,8,2000,8513,99.807,100,35.73,39.71,5966.76,0.393,88.49,84.75,78.89,0.0673,89.71,2.023,79.65,4.05,92.23
OVHcloud,sa-east-1,Compute,4,16,100,4002,99.777,99.52,38.43,47.32,3910.03,0.333,90.12,86.24,78.66,0.0373,86.44,2.154,73.53,3.83,91.69
OVHcloud,sa-east-1,AI,64,512,50,6231,99.799,99.38,41.82,51.32,5679.73,0.562,87.17,86.11,78.71,0.05,91.49,1.957,80.85,3.94,91.83
OVHcloud,sa-east-1,Networking,4,32,250,9834,99.813,99.22,38.5,41.03,8616.93,0.541,92.8,91.43,81.34,0.0382,83.51,1.72,84.6,3.86,93.25
OVHcloud,sa-east-1,Storage,16,128,50,1738,99.764,99.37,30.88,44.95,1608.06,0.318,88.01,85.19,81.42,0.07,96.37,2.288,84.68,4.18,92.82
OVHcloud,sa-east-1,AI,32,128,250,3410,99.884,100,42.77,49.65,2512.34,0.613,90.08,85.08,79.45,0.0584,88.84,1.328,78.82,3.99,93.68
OVHcloud,sa-east-1,AI,4,16,2000,5574,99.783,99.77,34.69,38.58,4257.6,0.376,88.99,85.64,80.22,0.0776,89.2,1.973,74.01,3.92,92.61
OVHcloud,sa-east-1,Networking,64,256,100,3850,99.73,99.66,40.63,53.09,3705.25,0.59,90.3,89.6,81.35,0.0616,92.71,2.316,77.67,3.82,92.37
OVHcloud,sa-east-1,Database,8,32,500,7773,99.702,99.11,28.54,41.45,6496.5,0.186,89.95,85.85,77.14,0.0665,97.08,2.754,78.33,4.13,91.71
OVHcloud,sa-east-1,AI,64,512,500,191,99.793,99.76,28.91,31.05,180.09,0.351,87.18,85.37,84.56,0.0481,85.54,1.766,89.82,4.23,93.27
OVHcloud,sa-east-1,Compute,16,64,250,3712,99.774,99.28,40.65,54.67,3587.61,0.466,94.56,94.3,81.51,0.0603,91.85,1.879,79.72,3.87,94.07
OVHcloud,sa-east-1,Database,2,16,250,304,99.722,100,36.2,39.14,261.41,0.258,89.52,85.82,79.25,0.0672,95.79,2.435,80.21,4.17,92.23
OVHcloud,sa-east-1,Compute,64,256,250,5908,99.83,99.31,36.63,45.57,5616.87,0.251,87.85,85.57,78.76,0.0469,92.25,1.412,86.82,4.03,93.48
OVHcloud,sa-east-1,Storage,16,32,100,8038,99.805,100,38.72,46.37,6411.38,0.353,86.1,82.94,83.57,0.0476,94.35,1.818,83.04,4.16,93.23
OVHcloud,sa-east-1,Compute,4,32,100,2638,99.771,99.72,31.42,35.24,2077.19,0.299,88.69,86.93,86.12,0.0541,92.85,2.317,76.53,4.2,93.3
OVHcloud,sa-east-1,Networking,4,8,2000,4160,99.813,99.87,39.27,50.76,3499.49,0.297,88.92,87.65,76.16,0.0607,81.21,1.903,76.3,4.07,91.05
OVHcloud,sa-east-1,Compute,8,64,50,9705,99.704,99.97,33.4,47.23,8145.01,0.503,89.7,88.69,83.27,0.066,89.4,2.753,79.52,4.29,91.7
OVHcloud,sa-east-1,Database,64,256,500,1655,99.775,99.86,39.7,42.46,1361.39,0.419,88.2,84.09,77.83,0.0817,94.16,2.23,83.07,4.1,91.8
OVHcloud,sa-east-1,Networking,2,16,250,7691,99.843,99.43,35.19,40.46,7525.45,0.454,89.03,84.09,81.14,0.049,82.8,1.322,83.37,4.24,93.4
OVHcloud,sa-east-1,Compute,8,64,50,4343,99.771,100,36.04,43.86,3961.15,0.51,87.15,85.41,77.54,0.0454,91.42,1.994,75.22,3.87,91.95
OVHcloud,sa-east-1,Database,16,64,100,3817,99.694,99.34,36.96,43.81,2918.31,0.328,87.74,86.28,85.02,0.0621,90.09,2.918,71.32,4.21,91.0
OVHcloud,sa-east-1,Kubernetes,32,64,50,4315,99.809,99.71,41.88,47.0,3672.08,0.472,86.49,81.78,78.66,0.0653,94.35,1.55,71.0,3.83,92.89
OVHcloud,sa-east-1,AI,16,64,100,5436,99.792,99.4,35.39,49.24,3829.71,0.354,87.44,87.42,80.92,0.0451,91.1,1.921,84.21,4.18,92.61
OVHcloud,sa-east-1,Kubernetes,64,512,500,4681,99.683,99.37,37.08,49.6,4504.82,0.279,86.24,82.53,83.15,0.047,95.74,2.705,78.26,3.9,91.43
OVHcloud,sa-east-1,Kubernetes,2,16,1000,9981,99.819,100,28.54,33.25,9585.2,0.282,90.66,89.56,78.94,0.0788,92.71,1.478,87.13,4.33,94.54
OVHcloud,sa-east-1,Kubernetes,8,64,250,1197,99.753,99.94,40.41,45.34,1084.93,0.484,92.14,90.2,80.37,0.0639,87.94,2.09,77.33,3.95,92.64
OVHcloud,sa-east-1,Kubernetes,16,32,250,4108,99.705,99.74,33.32,48.15,2933.12,0.31,90.17,86.62,80.49,0.0449,89.01,2.656,83.42,4.01,91.49
OVHcloud,sa-east-1,Networking,32,128,100,6079,99.793,100,33.86,43.07,4570.38,0.528,88.94,85.73,84.62,0.0594,87.24,2.032,73.65,4.21,93.05
OVHcloud,sa-east-1,Networking,2,4,250,7673,99.78,99.85,39.28,41.31,7304.28,0.214,86.15,83.87,79.21,0.0555,92.39,2.071,82.46,4.06,91.76
OVHcloud,sa-east-1,Networking,16,128,50,6456,99.831,100,29.68,32.21,6160.07,0.256,89.81,87.84,76.07,0.0765,88.27,1.572,73.56,4.12,93.19
OVHcloud,sa-east-1,AI,64,256,500,7107,99.776,99.18,39.85,47.09,5433.19,0.32,89.61,89.55,82.45,0.0593,85.52,1.802,77.24,4.06,92.7
OVHcloud,sa-east-1,Networking,4,32,1000,933,99.815,99.7,38.56,40.61,892.41,0.425,87.31,82.38,75.84,0.0467,84.75,1.97,75.01,3.98,90.9
OVHcloud,sa-east-1,Database,32,256,500,2125,99.797,99.22,34.76,37.29,1733.98,0.443,88.33,83.71,81.32,0.096,87.95,1.711,87.38,4.04,92.98
OVHcloud,sa-east-1,AI,16,64,50,6870,99.744,100,40.02,54.93,6400.95,0.307,87.56,87.3,78.86,0.0569,94.64,2.472,72.91,4.05,91.36
OVHcloud,sa-east-1,Database,4,8,2000,8653,99.763,99.61,41.56,51.34,7781.83,0.454,89.27,87.44,82.78,0.0559,83.48,2.12,82.68,4.0,91.77
OVHcloud,sa-east-1,Kubernetes,32,256,250,1005,99.737,99.99,30.55,36.73,950.74,0.486,91.66,89.49,80.89,0.0706,92.07,2.335,75.92,4.39,93.06
OVHcloud,me-central-1,Kubernetes,16,128,1000,4215,99.79,99.24,34.88,42.21,3663.57,0.492,89.35,85.72,78.2,0.0467,97.87,1.703,91.93,4.08,93.76
OVHcloud,me-central-1,Database,16,64,2000,861,99.798,99.52,36.76,44.35,608.7,0.501,89.25,88.01,77.78,0.0778,92.96,2.003,85.15,4.2,92.47
OVHcloud,me-central-1,Database,8,64,2000,6676,99.797,99.28,41.16,47.85,4949.61,0.428,88.72,87.46,79.56,0.0865,89.08,2.12,83.93,3.96,91.71
OVHcloud,me-central-1,Kubernetes,4,16,2000,5230,99.841,100,39.98,47.47,4128.87,0.373,89.43,86.43,76.24,0.0718,89.58,1.698,74.0,3.89,92.47
OVHcloud,me-central-1,Database,8,64,500,2600,99.845,99.76,38.36,49.36,2348.74,0.373,87.6,83.54,78.67,0.0504,92.36,1.665,93.5,3.96,92.88
OVHcloud,me-central-1,Networking,16,32,1000,9651,99.774,99.48,35.23,44.41,8370.83,0.336,89.54,89.24,76.26,0.0644,84.51,1.872,82.52,4.25,91.74
OVHcloud,me-central-1,Compute,16,64,500,8954,99.786,99.83,35.64,43.71,8675.17,0.303,90.17,89.66,73.77,0.0691,88.58,1.869,68.72,4.03,91.96
OVHcloud,me-central-1,Kubernetes,8,16,2000,8969,99.768,99.62,32.4,38.84,8083.75,0.135,88.99,84.8,79.75,0.0588,93.15,2.221,84.14,4.09,92.52
OVHcloud,me-central-1,Database,64,256,100,3901,99.774,99.9,35.89,50.29,2764.04,0.422,86.54,83.07,78.7,0.0457,81.19,1.907,74.95,4.15,91.11
OVHcloud,me-central-1,AI,2,4,250,2284,99.856,100,33.43,46.75,2194.69,0.592,87.1,86.23,81.66,0.0719,94.11,1.428,81.57,4.13,94.22
OVHcloud,me-central-1,Compute,2,16,100,4988,99.837,99.32,29.39,36.55,3580.43,0.263,90.13,86.62,84.21,0.0568,87.89,1.458,78.0,4.13,94.65
OVHcloud,me-central-1,Compute,16,32,50,3008,99.765,99.44,38.24,43.52,2719.84,0.141,88.32,87.75,81.94,0.0831,85.25,2.119,81.15,4.11,91.78
OVHcloud,me-central-1,Networking,2,8,500,8631,99.796,100,35.81,42.9,7126.66,0.279,87.21,86.63,80.16,0.071,90.27,2.053,81.63,3.99,92.15
OVHcloud,me-central-1,AI,2,8,50,9135,99.849,99.5,33.81,43.49,6731.69,0.287,89.13,86.8,78.68,0.0829,86.61,1.28,75.93,4.25,93.61
OVHcloud,me-central-1,AI,16,32,500,2792,99.746,99.82,34.21,39.78,2275.05,0.278,85.65,82.58,79.95,0.0615,85.83,2.094,87.44,4.19,91.28
OVHcloud,me-central-1,Networking,16,64,1000,4065,99.849,99.67,41.91,49.44,2890.58,0.525,88.49,86.28,78.84,0.0455,83.95,1.691,86.91,3.68,91.95
OVHcloud,me-central-1,Kubernetes,2,4,1000,1006,99.887,100,35.54,47.74,874.94,0.536,89.38,85.27,75.71,0.0767,90.95,0.986,81.43,4.24,94.26
OVHcloud,me-central-1,Networking,16,64,2000,9169,99.743,99.66,30.94,45.91,8355.08,0.319,86.79,83.37,81.13,0.0625,85.58,2.474,83.64,4.35,91.03
OVHcloud,me-central-1,Networking,64,256,2000,3064,99.768,99.5,41.56,48.18,2418.93,0.457,88.31,85.72,77.86,0.0595,93.48,2.255,68.92,3.7,91.54
OVHcloud,me-central-1,Storage,64,128,500,9500,99.805,100,36.92,51.4,8736.1,0.248,88.31,85.59,80.57,0.0332,96.94,1.847,81.27,4.08,93.53
OVHcloud,me-central-1,AI,16,128,50,9456,99.726,99.9,31.94,46.63,6747.53,0.297,88.05,88.04,78.55,0.0642,87.83,2.458,76.15,4.19,91.14
OVHcloud,me-central-1,Networking,2,8,100,427,99.804,99.44,40.5,48.54,323.62,0.576,90.47,89.79,78.45,0.0839,94.52,1.596,76.68,4.06,93.65
OVHcloud,me-central-1,Database,16,128,2000,1803,99.776,99.87,33.84,42.6,1373.34,0.34,89.68,85.77,84.67,0.0677,81.59,2.068,79.19,4.27,92.52
OVHcloud,me-central-1,Networking,4,8,50,2208,99.758,99.3,34.28,40.19,2005.83,0.361,87.55,85.8,73.27,0.0766,85.21,2.068,78.15,4.29,90.53
OVHcloud,me-central-1,Kubernetes,64,128,500,8849,99.773,99.51,36.19,45.73,6447.74,0.451,89.55,86.38,77.8,0.0692,100,2.184,84.21,3.88,92.92
OVHcloud,me-central-1,Storage,2,8,100,8184,99.79,99.75,39.03,44.9,6286.4,0.456,89.83,89.45,84.05,0.0512,88.94,1.82,94.78,3.77,93.46
OVHcloud,me-central-1,AI,64,256,100,6652,99.811,99.64,37.53,42.8,6191.47,0.492,91.95,89.27,82.06,0.0657,100,1.553,74.68,4.1,95.39
OVHcloud,me-central-1,Compute,32,256,100,6371,99.774,99.75,42.79,46.02,4728.53,0.317,88.48,85.57,78.47,0.049,91.67,2.06,72.48,3.85,91.88
OVHcloud,me-central-1,Kubernetes,2,8,500,1951,99.821,99.68,34.03,42.22,1891.89,0.373,89.81,85.82,75.42,0.0556,88.32,1.846,80.49,3.94,92.23
OVHcloud,me-central-1,Storage,8,16,250,572,99.71,100,35.75,40.33,428.55,0.407,85.48,81.87,81.83,0.0421,85.77,2.528,75.72,4.08,90.56
OVHcloud,me-central-1,Kubernetes,4,16,100,4289,99.814,99.62,31.98,37.19,3861.36,0.205,93.33,92.97,77.35,0.0539,86.34,1.555,76.27,4.39,93.78
OVHcloud,me-central-1,AI,32,64,500,4233,99.78,99.76,35.56,46.23,3397.38,0.315,92.41,90.26,76.03,0.0992,94.93,1.841,84.86,4.03,93.5
OVHcloud,me-central-1,Database,64,128,100,5653,99.756,99.3,35.54,43.29,4463.68,0.323,92.1,91.81,80.79,0.0673,92.39,2.193,82.62,4.01,93.1
OVHcloud,me-central-1,Compute,16,32,500,1252,99.782,99.87,35.03,37.38,1017.98,0.355,87.05,85.12,86.16,0.0586,91.15,1.828,85.48,4.01,93.65
OVHcloud,me-central-1,AI,4,32,2000,7975,99.771,99.48,33.26,43.1,6216.45,0.206,86.74,82.8,83.74,0.0302,90.99,1.941,79.62,4.29,92.98
OVHcloud,me-central-1,Kubernetes,8,64,50,2986,99.812,99.49,31.13,34.5,2625.65,0.345,86.89,86.36,72.19,0.0419,89.85,1.879,78.15,4.09,91.32
OVHcloud,me-central-1,Compute,16,128,1000,9935,99.811,99.56,31.13,42.13,9266.53,0.179,88.73,84.49,79.88,0.0566,87.55,1.532,89.37,4.31,93.42
OVHcloud,me-central-1,Networking,32,128,500,3174,99.825,99.61,41.54,44.48,3054.33,0.337,90.19,85.48,79.95,0.0516,94.68,1.589,87.17,3.83,93.83
OVHcloud,me-central-1,Storage,32,256,500,5292,99.799,99.97,37.07,45.6,4202.7,0.507,84.88,83.38,83.41,0.0628,89.92,1.975,86.26,4.0,92.23
OVHcloud,me-central-1,Storage,2,16,100,4022,99.779,99.57,37.94,48.7,3932.88,0.241,89.95,88.3,83.01,0.0697,84.24,1.804,82.61,4.08,92.89
Tencent,us-east-1,Database,8,64,50,2765,99.852,100,30.59,35.43,2213.74,0.362,95.43,94.74,79.78,0.0937,80.27,1.462,91.15,4.42,94.3
Tencent,us-east-1,Storage,2,16,50,6639,99.807,99.71,25.69,31.8,4670.88,0.229,92.82,88.02,84.69,0.1007,96.56,1.623,76.19,4.41,96.11
Tencent,us-east-1,Kubernetes,4,16,500,1018,99.872,99.8,32.66,45.3,867.35,0.121,90.12,86.62,90.07,0.0757,88.2,1.107,82.77,4.18,96.26
Tencent,us-east-1,Database,8,32,2000,9757,99.848,99.44,29.48,43.64,8779.79,0.059,96.0,93.24,82.61,0.0893,89.58,1.675,78.09,4.17,95.37
Tencent,us-east-1,Database,4,32,100,3746,99.907,99.45,29.74,34.3,3292.79,0.309,92.87,91.4,82.57,0.0791,91.61,0.977,86.29,4.18,96.39
Tencent,us-east-1,Networking,8,32,500,1157,99.895,99.73,33.26,40.58,923.33,0.296,94.7,94.41,84.54,0.0857,89.47,0.845,73.67,4.35,97.0
Tencent,us-east-1,Kubernetes,2,8,1000,2681,99.829,99.38,26.01,36.18,2517.2,0.315,88.69,85.1,83.17,0.0709,93.31,1.484,72.09,4.32,94.89
Tencent,us-east-1,AI,4,8,50,9724,99.902,99.95,28.47,35.32,8957.78,0.198,94.31,89.93,83.47,0.1032,94.65,1.173,76.88,4.24,96.89
Tencent,us-east-1,Networking,8,16,1000,7042,99.773,99.75,28.15,35.25,6590.75,0.273,94.34,92.0,84.41,0.0847,92.64,2.074,94.56,4.2,94.89
Tencent,us-east-1,Kubernetes,16,32,1000,1175,99.831,99.25,34.51,44.88,971.2,0.627,91.83,90.89,81.61,0.0836,94.37,1.615,88.41,3.97,94.67
Tencent,us-east-1,Kubernetes,16,32,1000,1579,99.804,99.59,34.48,49.12,1379.19,0.366,90.68,87.28,81.53,0.0773,91.85,1.976,74.67,3.92,93.43
Tencent,us-east-1,Database,2,16,50,8002,99.838,99.32,33.25,42.72,5688.69,0.067,90.37,88.65,88.6,0.0864,92.55,1.617,73.77,4.27,95.35
Tencent,us-east-1,Storage,8,16,500,916,99.868,100,31.87,36.24,667.18,0.188,91.48,89.08,88.55,0.0977,86.41,1.366,62.49,4.13,95.64
Tencent,us-east-1,Kubernetes,4,8,100,6314,99.98,100,25.91,30.18,4772.41,0.095,88.79,85.02,82.89,0.0897,84.08,0.256,86.52,4.33,96.62
Tencent,us-east-1,Networking,4,16,500,2075,99.989,99.6,30.43,38.52,1792.31,0.201,95.49,90.76,81.32,0.0672,93.07,0.569,76.4,4.14,97.77
Tencent,us-east-1,Networking,8,32,50,6356,99.858,99.46,31.93,42.25,5669.77,0.316,92.31,90.65,85.12,0.0876,92.47,1.474,85.24,4.21,95.59
Tencent,us-east-1,Storage,32,128,1000,5598,99.839,99.72,29.45,31.69,5270.21,0.476,93.88,90.76,78.86,0.0914,82.32,1.48,71.79,4.37,94.02
Tencent,us-east-1,AI,64,128,50,8416,99.858,100,30.76,37.68,8058.79,0.312,89.3,88.44,84.95,0.0899,87.03,1.502,91.21,4.27,94.45
Tencent,us-east-1,AI,16,128,50,9242,99.902,99.53,34.19,42.48,7472.91,0.519,94.92,93.21,90.27,0.0667,91.26,0.857,88.04,4.09,98.03
Tencent,us-east-1,Networking,2,16,2000,1673,99.817,100,33.3,40.78,1426.78,0.257,94.75,93.98,79.82,0.0689,97.25,1.669,83.89,4.01,95.37
Tencent,us-east-1,Networking,2,4,50,3993,99.909,99.84,26.1,38.9,3201.51,0.421,92.84,88.37,80.11,0.0901,96.31,1.027,84.25,4.59,96.64
Tencent,us-east-1,AI,32,64,250,7373,99.811,99.58,42.61,47.31,6128.12,0.395,93.89,91.55,82.63,0.0914,82.89,1.669,74.65,3.71,93.56
Tencent,us-east-1,AI,16,32,50,3745,99.926,99.37,40.66,44.15,3233.56,0.447,94.36,92.43,87.63,0.1104,85.36,0.929,83.71,3.95,96.37
Tencent,us-east-1,Compute,64,128,1000,7629,99.904,99.98,35.81,38.8,6790.01,0.421,93.39,92.32,83.07,0.0778,96.01,0.828,76.19,4.02,97.12
Tencent,us-east-1,Kubernetes,16,128,500,3157,99.843,99.4,30.02,44.82,3042.55,0.353,90.54,86.68,85.1,0.091,87.5,1.297,80.34,4.25,95.16
Tencent,us-east-1,Networking,8,32,500,3142,99.869,99.95,32.75,43.85,2648.63,0.471,91.97,91.49,82.77,0.1095,89.74,1.525,72.49,3.98,94.79
Tencent,us-east-1,AI,64,128,100,3070,99.857,99.6,33.5,35.85,2901.51,0.329,89.05,88.63,90.91,0.0682,94.48,1.514,73.67,4.3,95.89
Tencent,us-east-1,Database,16,64,2000,4645,99.881,100,27.41,33.94,3969.09,0.273,92.62,91.52,81.15,0.0624,87.67,1.394,82.65,4.48,95.03
Tencent,us-east-1,Storage,16,128,50,5737,99.887,99.49,32.15,44.66,4862.73,0.422,90.56,85.97,85.74,0.1029,89.49,1.126,81.18,4.27,95.74
Tencent,us-east-1,AI,4,16,100,1074,99.919,100,27.05,33.78,859.45,0.337,91.48,91.35,85.77,0.0684,87.89,1.034,81.68,4.3,96.33
Tencent,us-east-1,Storage,4,32,50,4389,99.839,99.38,24.6,37.12,4243.61,0.12,95.84,92.2,81.66,0.1081,83.78,1.327,95.39,4.45,95.56
Tencent,us-east-1,Storage,64,256,2000,1268,99.844,99.41,32.18,34.88,1211.13,0.14,92.85,92.03,85.86,0.0861,91.34,1.323,84.06,4.17,96.0
Tencent,us-east-1,Storage,2,16,50,5078,99.842,99.33,25.49,39.17,4745.01,0.269,93.72,92.48,90.43,0.0979,81.19,1.685,91.25,4.38,95.41
Tencent,us-east-1,Kubernetes,2,8,100,1405,99.867,99.31,35.42,44.3,1206.89,0.171,96.98,92.11,84.33,0.0934,94.9,1.53,82.77,4.1,96.39
Tencent,us-east-1,AI,32,64,2000,9725,99.942,100,31.28,38.83,8125.81,0.262,90.86,90.69,82.05,0.0823,91.35,0.542,74.35,4.27,96.79
Tencent,us-east-1,Networking,32,64,100,8676,99.841,99.36,34.08,44.24,6238.64,0.455,90.2,86.16,88.31,0.0793,88.34,1.402,76.02,3.95,95.24
Tencent,us-east-1,Kubernetes,4,8,250,4286,99.907,99.41,32.0,38.3,3667.94,0.225,90.3,87.14,84.89,0.0854,88.91,0.778,80.26,4.19,96.23
Tencent,us-east-1,Kubernetes,8,64,250,4087,99.919,100.0,33.62,41.25,3582.99,0.374,92.76,89.03,80.14,0.0728,90.45,0.982,82.46,4.15,95.74
Tencent,us-east-1,Kubernetes,16,64,100,8479,99.863,99.38,25.97,32.76,7703.24,0.294,92.2,87.98,81.42,0.0669,90.36,1.158,85.08,4.55,95.73
Tencent,us-east-1,Kubernetes,4,8,1000,8623,99.78,100,28.03,40.01,6652.87,0.385,90.32,86.29,84.97,0.0732,93.74,1.862,82.83,4.26,94.74
Tencent,us-west-2,Compute,8,64,50,409,99.789,99.88,31.23,38.13,389.81,0.239,94.03,93.9,88.41,0.0981,87.35,2.101,69.56,4.05,94.7
Tencent,us-west-2,Database,2,8,2000,4551,99.885,99.5,21.12,25.22,4290.41,0.14,95.5,94.9,92.66,0.1073,80.58,1.349,70.17,4.5,97.05
Tencent,us-west-2,Compute,16,32,2000,9603,99.921,100,31.75,41.03,7670.45,0.239,92.8,89.47,88.69,0.0269,93.38,0.716,76.06,4.04,98.07
Tencent,us-west-2,Kubernetes,4,8,100,1233,99.955,99.77,25.69,29.42,1119.55,0.202,91.79,90.01,86.7,0.0854,91.79,0.448,72.77,4.53,98.23
Tencent,us-west-2,Networking,16,64,100,977,99.82,99.84,39.48,48.62,956.68,0.468,92.05,90.17,82.22,0.0962,90.52,1.58,78.02,4.01,94.31
Tencent,us-west-2,Storage,4,32,100,8635,99.853,99.67,39.11,46.33,8327.78,0.158,91.4,89.87,85.58,0.0828,79.18,1.546,71.99,3.87,93.58
Tencent,us-west-2,Storage,8,16,100,8541,99.885,99.47,35.9,38.85,5991.72,0.27,94.19,93.62,82.29,0.0824,85.02,1.246,76.26,4.26,95.04
Tencent,us-west-2,Networking,2,16,50,5897,99.929,100,29.82,34.46,4691.68,0.343,95.33,94.95,83.82,0.088,95.68,0.785,82.6,4.13,98.03
Tencent,us-west-2,AI,16,128,250,1070,99.835,100,26.01,37.7,1032.35,0.514,93.26,90.04,86.56,0.089,88.6,1.354,80.09,4.28,96.26
Tencent,us-west-2,Storage,32,128,1000,7636,99.869,99.68,29.73,36.34,5823.5,0.36,96.15,95.0,88.16,0.067,85.09,1.477,85.13,4.09,96.25
Tencent,us-west-2,Database,4,16,100,1619,99.795,99.52,31.07,40.33,1193.97,0.349,91.65,87.59,84.04,0.0871,88.31,2.121,86.54,4.19,93.52
Tencent,us-west-2,AI,64,512,50,4445,99.763,99.74,33.01,39.91,3827.02,0.253,93.44,92.16,80.91,0.0647,89.23,2.02,93.36,4.2,93.64
Tencent,us-west-2,Storage,32,128,2000,4456,99.889,100,37.7,46.27,3600.18,0.428,92.79,87.96,83.15,0.0952,99.55,1.196,81.11,4.21,96.51
Tencent,us-west-2,AI,64,128,250,7576,99.92,100,34.46,44.94,7026.14,0.392,92.88,87.97,87.0,0.0648,80.57,0.821,72.72,4.0,96.1
Tencent,us-west-2,Compute,8,16,50,1879,99.916,99.73,33.85,37.17,1385.91,0.179,92.5,90.57,85.36,0.0905,88.11,0.918,76.17,4.32,96.34
Tencent,us-west-2,Networking,64,256,2000,3961,99.824,99.65,27.5,32.82,3621.66,0.183,93.12,89.41,85.78,0.0924,94.39,1.596,81.75,4.34,96.07
Tencent,us-west-2,Compute,8,32,500,6440,99.927,99.93,32.22,34.24,5061.35,0.466,95.51,93.61,82.13,0.0899,86.44,1.059,78.09,4.35,96.11
Tencent,us-west-2,AI,32,128,1000,4970,99.9,99.9,32.2,39.86,4188.15,0.242,91.55,88.2,83.13,0.0985,93.14,1.073,77.72,4.11,96.1
Tencent,us-west-2,Storage,16,64,250,6138,99.768,99.46,34.57,49.35,4410.88,0.346,92.41,92.28,85.56,0.0748,92.77,2.236,76.11,4.12,93.95
Tencent,us-west-2,Networking,32,256,250,2896,99.888,99.59,31.33,41.03,2115.77,0.355,93.2,88.58,86.45,0.0803,90.99,1.007,81.67,4.18,96.88
Tencent,us-west-2,AI,8,32,500,8489,99.819,99.43,31.52,36.23,7533.48,0.322,91.32,90.82,88.25,0.0674,91.16,1.805,79.36,4.23,95.06
Tencent,us-west-2,Storage,16,128,1000,5995,99.886,99.86,38.77,47.7,5342.54,0.438,93.64,89.95,84.02,0.0931,85.88,1.349,83.47,3.79,94.98
Tencent,us-west-2,Networking,16,32,250,4030,99.835,99.35,30.39,36.21,3144.75,0.429,92.74,91.43,85.05,0.0805,84.77,1.698,84.74,4.39,94.45
Tencent,us-west-2,Database,64,128,1000,6353,99.827,100,29.56,32.19,5330.98,0.255,92.77,90.04,81.28,0.0981,90.72,1.549,81.62,4.37,94.95
Tencent,us-west-2,Kubernetes,8,16,2000,5353,99.919,99.82,27.46,32.56,4018.23,0.36,94.02,91.97,83.47,0.0922,87.15,0.674,87.05,4.17,97.13
Tencent,us-west-2,Networking,32,64,250,988,99.803,99.48,36.88,44.83,757.21,0.36,91.01,90.38,85.69,0.0718,84.38,1.76,86.02,4.23,93.69
Tencent,us-west-2,Storage,4,16,1000,4108,99.834,100,32.94,38.44,2916.44,0.366,92.48,89.34,83.92,0.0741,89.38,1.478,75.96,4.21,95.13
Tencent,us-west-2,Database,8,64,1000,3589,99.912,99.76,31.54,41.39,3383.46,0.372,94.29,92.67,83.95,0.1073,86.39,0.912,83.52,4.4,96.45
Tencent,us-west-2,AI,8,64,250,3246,99.832,99.79,32.29,47.14,2474.0,0.582,92.02,88.43,89.31,0.1111,82.79,1.448,91.45,4.37,95.26
Tencent,us-west-2,Kubernetes,16,64,100,9080,99.873,100,31.17,40.99,7490.27,0.061,95.16,93.15,85.03,0.0856,93.63,1.428,79.15,4.06,96.53
Tencent,us-west-2,Database,16,128,2000,8407,99.85,99.39,33.55,43.32,6346.85,0.41,93.59,92.7,86.39,0.1089,88.9,1.307,77.32,4.31,95.95
Tencent,us-west-2,AI,2,8,250,3364,99.896,100,30.92,36.37,2709.53,0.211,91.38,88.42,82.18,0.0777,89.61,1.159,82.35,4.29,95.45
Tencent,us-west-2,Kubernetes,2,4,250,3903,99.836,99.96,27.68,30.14,3039.54,0.106,93.19,92.63,88.12,0.1015,92.94,1.404,85.77,4.16,96.75
Tencent,us-west-2,Kubernetes,2,4,500,3853,99.816,100,30.83,40.97,3090.01,0.252,91.78,87.54,87.19,0.0824,79.74,1.519,82.42,4.38,94.51
Tencent,us-west-2,Database,4,16,250,3812,99.812,99.86,33.4,44.48,3422.37,0.4,92.34,87.9,81.26,0.0925,89.99,1.551,76.23,4.31,94.54
Tencent,us-west-2,Storage,64,512,500,4337,99.957,99.94,19.59,26.42,3755.58,0.27,92.97,90.53,84.19,0.0911,87.83,0.593,85.15,4.72,97.71
Tencent,us-west-2,Compute,8,32,250,6406,99.866,100,33.7,42.8,4839.19,0.328,92.67,88.51,90.82,0.0808,89.24,1.379,83.24,4.27,96.42
Tencent,us-west-2,Compute,4,16,500,6252,99.873,99.37,27.17,36.73,5072.89,0.342,90.78,89.28,83.02,0.0721,91.03,1.505,79.41,4.45,94.97
Tencent,us-west-2,Kubernetes,16,128,100,8067,99.858,99.98,39.59,44.92,7072.86,0.535,97.31,94.94,87.22,0.0668,80.69,1.469,85.23,4.07,95.43
Tencent,us-west-2,Database,2,8,50,6941,99.819,99.91,30.48,44.19,6001.82,0.387,94.02,89.66,81.57,0.0778,91.31,1.75,78.81,4.1,94.83
Tencent,eu-west-1,Networking,2,8,250,5738,99.916,100,31.09,40.93,5419.98,0.362,96.76,94.19,91.14,0.0573,92.83,0.933,87.14,4.21,98.81
Tencent,eu-west-1,Compute,4,16,50,4886,99.807,99.46,27.28,40.03,3736.68,0.243,93.58,92.27,87.41,0.0905,86.08,1.981,75.02,4.51,94.72
Tencent,eu-west-1,Kubernetes,2,4,50,6200,99.881,99.48,32.72,39.29,4468.5,0.408,91.47,91.1,82.21,0.0619,94.92,1.33,82.87,4.17,95.49
Tencent,eu-west-1,Kubernetes,2,16,2000,9154,99.896,99.98,30.62,41.15,7015.7,0.28,93.9,92.58,85.84,0.101,93.8,0.996,78.52,4.36,97.35
Tencent,eu-west-1,Kubernetes,16,128,2000,1782,99.949,99.64,33.61,37.66,1290.62,0.339,93.76,91.2,82.92,0.121,87.38,0.644,77.5,4.17,96.73
Tencent,eu-west-1,Kubernetes,8,64,250,4587,99.944,100,30.65,42.52,4319.67,0.476,92.87,90.84,89.93,0.1028,89.61,0.562,79.45,4.29,98.27
Tencent,eu-west-1,Compute,32,64,250,9331,99.905,99.56,32.78,43.04,9072.51,0.401,93.28,90.49,83.25,0.0898,87.29,1.228,83.72,4.35,95.46
Tencent,eu-west-1,Database,16,32,250,8025,99.885,99.85,29.75,44.26,7793.3,0.318,93.54,88.81,83.58,0.0724,85.73,1.317,78.57,4.32,95.42
Tencent,eu-west-1,Kubernetes,2,16,2000,355,99.868,99.43,27.9,36.63,249.54,0.119,95.94,94.57,84.42,0.055,90.63,1.461,82.39,4.23,96.29
Tencent,eu-west-1,AI,64,128,2000,9786,99.929,99.83,32.31,38.59,8118.97,0.194,93.81,91.03,83.95,0.0817,91.11,0.86,88.76,4.18,96.93
Tencent,eu-west-1,Database,64,128,250,7434,99.925,100,27.65,30.52,7140.81,0.418,92.42,89.54,88.99,0.0966,90.64,1.044,70.06,4.33,97.27
Tencent,eu-west-1,Networking,2,16,500,9118,99.875,100,33.41,43.92,7803.81,0.421,90.23,89.9,83.8,0.081,84.12,1.186,84.69,4.07,94.69
Tencent,eu-west-1,Database,8,16,500,8524,99.874,99.76,26.02,29.06,6180.27,0.122,93.27,89.05,83.85,0.1293,84.24,1.347,77.55,4.38,95.36
Tencent,eu-west-1,AI,2,16,250,6715,99.896,99.5,27.69,37.12,5561.68,0.476,93.56,89.65,89.35,0.0465,91.72,0.976,78.26,4.27,97.74
Tencent,eu-west-1,Database,4,32,2000,6368,99.821,100,29.07,39.32,4627.15,0.331,92.41,90.29,91.29,0.1022,90.34,1.842,75.16,4.43,95.82
Tencent,eu-west-1,Storage,64,128,100,3723,99.806,100,30.48,33.05,3579.94,0.116,95.65,93.68,80.07,0.1043,85.33,1.82,78.78,4.1,94.17
Tencent,eu-west-1,Kubernetes,64,256,100,9328,99.888,99.84,30.45,37.09,8568.57,0,94.94,91.32,80.8,0.0923,98.59,1.119,77.59,4.27,97.0
Tencent,eu-west-1,Compute,4,8,500,6602,99.731,99.6,33.44,42.95,6249.18,0.277,95.2,91.87,82.72,0.1277,90.57,2.259,79.42,4.02,93.88
Tencent,eu-west-1,Compute,32,256,1000,3438,99.911,99.8,31.1,44.22,3196.42,0.2,97.54,94.09,83.59,0.0809,93.81,1.177,77.2,4.14,97.33
Tencent,eu-west-1,Kubernetes,32,64,500,3577,99.794,99.75,32.64,46.48,3285.68,0.404,94.62,89.93,85.44,0.0941,97.0,1.721,82.03,4.2,96.08
Tencent,eu-west-1,Storage,2,16,500,7900,99.878,99.9,31.37,35.61,7006.65,0.38,93.0,88.23,83.43,0.0931,91.51,1.107,80.68,4.41,96.25
Tencent,eu-west-1,Compute,16,64,2000,4425,99.865,99.37,30.02,40.68,3325.95,0.277,89.45,86.87,79.46,0.0626,90.17,1.208,87.65,4.09,94.51
Tencent,eu-west-1,Networking,4,16,100,580,99.88,100,30.04,43.5,539.65,0.329,92.96,92.84,80.79,0.0746,85.72,1.425,67.01,4.21,94.63
Tencent,eu-west-1,Database,32,256,2000,6597,99.671,99.95,29.24,38.41,4796.74,0.371,92.12,90.83,84.39,0.0931,96.96,2.98,81.76,4.28,92.91
Tencent,eu-west-1,Kubernetes,4,16,50,5060,99.754,99.7,36.56,47.67,3674.6,0.302,94.22,90.13,79.55,0.0534,93.63,2.211,84.2,3.86,93.46
Tencent,eu-west-1,Compute,16,32,100,4521,99.848,99.35,32.38,44.79,3712.78,0.369,93.58,90.81,85.32,0.0939,88.0,1.349,74.42,4.32,95.64
Tencent,eu-west-1,AI,2,16,500,2770,99.833,99.27,32.37,34.61,2231.13,0.315,94.19,93.85,86.88,0.0784,98.23,1.356,75.91,4.3,97.06
Tencent,eu-west-1,Storage,8,64,250,169,99.814,99.98,24.86,39.2,158.93,0.224,92.9,90.45,82.65,0.0605,82.16,1.89,82.6,4.27,93.81
Tencent,eu-west-1,Networking,16,128,100,1218,99.797,99.55,30.21,35.68,1019.99,0.274,93.4,91.96,85.38,0.0943,93.94,1.694,87.52,4.19,95.65
Tencent,eu-west-1,Kubernetes,16,32,250,2527,99.872,99.65,29.75,37.77,1871.21,0.365,94.28,92.1,86.32,0.0924,91.7,1.305,78.78,4.24,96.62
Tencent,eu-west-1,Kubernetes,2,4,1000,3732,99.884,99.95,28.3,33.74,3095.48,0.325,95.78,94.29,83.29,0.1061,92.59,1.076,87.55,4.4,97.17
Tencent,eu-west-1,Kubernetes,2,8,2000,4864,99.871,100,31.29,37.97,4562.8,0.443,94.05,92.65,82.38,0.0629,92.38,1.11,77.32,4.25,96.41
Tencent,eu-west-1,Kubernetes,16,32,1000,7982,99.912,99.92,33.26,40.27,7466.32,0.477,95.14,91.95,90.19,0.0867,87.65,0.827,75.26,4.17,97.86
Tencent,eu-west-1,Compute,16,64,500,4692,99.822,100,33.89,48.43,3779.86,0.505,93.59,93.07,82.86,0.0588,97.65,1.78,80.95,3.95,95.38
Tencent,eu-west-1,AI,4,8,250,2423,99.888,99.41,34.56,38.33,2172.13,0.343,92.71,89.53,83.0,0.0864,85.95,1.238,79.21,4.2,95.02
Tencent,eu-west-1,Database,4,16,1000,802,99.883,99.88,27.91,32.41,674.18,0.302,93.17,92.89,77.52,0.1017,84.96,1.116,91.22,4.34,94.82
Tencent,eu-west-1,Database,4,32,500,9547,99.86,99.59,29.91,33.1,7909.42,0.134,92.46,87.95,83.76,0.0534,90.02,1.39,71.74,4.07,95.46
Tencent,eu-west-1,Storage,8,16,100,7141,99.874,99.86,30.84,45.43,6448.87,0.243,94.23,91.42,83.42,0.0852,83.27,1.085,83.91,4.12,95.7
Tencent,eu-west-1,Compute,64,128,250,5619,99.9,99.69,28.99,41.07,4899.66,0.372,95.79,95.23,83.51,0.1092,93.28,1.259,75.24,4.35,96.81
Tencent,eu-west-1,AI,2,16,50,1888,99.808,99.48,25.58,29.55,1429.77,0.113,91.04,86.66,83.67,0.0641,88.83,1.713,84.36,4.57,94.54
Tencent,eu-central-1,Compute,4,8,2000,6955,99.837,100,33.94,37.24,6541.69,0.144,91.4,88.63,83.28,0.0902,100,1.776,77.81,4.24,95.24
Tencent,eu-central-1,Compute,4,8,250,3523,99.778,99.84,29.1,35.34,2720.03,0.356,91.22,90.78,85.52,0.0932,93.35,2.065,82.34,4.15,94.47
Tencent,eu-central-1,Kubernetes,64,128,250,3341,99.858,99.59,36.92,40.37,2693.78,0.226,92.33,91.44,88.64,0.0645,85.43,1.24,67.54,4.13,95.67
Tencent,eu-central-1,Storage,2,4,250,6966,99.849,99.67,24.89,34.64,4894.44,0.224,94.77,91.67,81.27,0.0915,88.06,1.346,86.35,4.43,95.71
Tencent,eu-central-1,Database,64,128,250,3959,99.879,99.63,36.97,50.3,3826.8,0.437,90.01,87.77,83.69,0.0911,89.93,1.146,77.77,3.85,95.08
Tencent,eu-central-1,Networking,32,256,100,8394,99.786,99.19,33.98,37.81,8011.76,0.401,91.54,89.11,82.74,0.0996,82.28,2.157,76.4,4.25,92.38
Tencent,eu-central-1,Networking,64,512,50,7984,99.903,100,27.14,41.86,7725.33,0.231,91.07,90.58,82.7,0.0604,92.42,0.901,80.39,4.26,96.5
Tencent,eu-central-1,Kubernetes,32,128,100,3446,99.807,99.95,29.77,34.13,2709.14,0.445,94.09,89.96,85.65,0.0784,86.15,1.69,83.41,4.37,95.11
Tencent,eu-central-1,Compute,4,32,2000,2542,99.912,99.87,28.38,35.16,2143.27,0.308,93.12,92.85,78.81,0.0878,89.22,1.015,75.01,4.33,95.66
Tencent,eu-central-1,Storage,16,64,1000,1388,99.872,100,34.49,44.14,1174.67,0.472,94.08,93.43,83.33,0.0699,86.94,1.098,80.94,4.11,95.85
Tencent,eu-central-1,AI,32,64,1000,3752,99.814,99.81,24.63,28.51,3464.33,0.17,91.91,88.81,86.92,0.0764,89.25,1.7,74.18,4.37,95.41
Tencent,eu-central-1,Kubernetes,64,512,500,4664,99.836,99.65,33.43,35.63,3734.8,0.302,95.05,90.43,80.38,0.076,94.92,1.405,84.72,4.12,95.77
Tencent,eu-central-1,Compute,32,256,250,8557,99.913,99.88,34.71,48.53,7442.13,0.272,94.05,91.58,86.39,0.0648,89.8,0.954,78.82,3.93,96.91
Tencent,eu-central-1,Networking,32,256,1000,4413,99.922,99.36,35.11,39.2,3582.45,0.311,86.34,82.03,88.03,0.0585,85.46,0.676,81.57,4.12,95.58
Tencent,eu-central-1,AI,2,16,100,3361,99.917,100,33.81,42.47,2707.49,0.283,92.01,88.57,85.29,0.0992,84.51,0.938,83.1,4.29,95.85
Tencent,eu-central-1,Kubernetes,2,8,250,5440,99.843,100,29.87,39.22,4075.71,0.078,95.9,90.94,83.18,0.0636,95.93,1.312,80.1,4.35,96.94
Tencent,eu-central-1,Storage,8,32,2000,3854,99.84,99.9,32.3,38.24,3241.36,0.347,95.05,91.23,81.7,0.0877,98.56,1.301,80.67,4.08,96.68
Tencent,eu-central-1,Networking,2,16,100,221,99.892,99.91,29.77,34.89,207.74,0.264,90.83,85.89,86.12,0.1033,85.08,1.252,75.92,4.13,95.32
Tencent,eu-central-1,Database,16,128,100,4424,99.832,99.9,33.23,38.26,3550.2,0.22,90.08,87.24,84.86,0.0835,85.02,1.724,72.78,4.23,93.77
Tencent,eu-central-1,AI,4,8,1000,2653,99.816,99.35,28.04,37.21,1881.82,0.193,94.6,90.39,87.99,0.0739,79.69,1.649,82.87,4.24,94.99
Tencent,eu-central-1,Compute,64,256,100,9567,99.912,99.34,34.47,42.29,8456.44,0.439,90.33,89.15,82.36,0.0667,97.46,0.828,73.28,4.26,96.49
Tencent,eu-central-1,Database,2,16,50,7316,99.977,100,36.56,49.35,6626.33,0.457,94.01,92.14,84.41,0.0947,96.24,0.584,75.15,4.22,97.98
Tencent,eu-central-1,AI,64,256,2000,7845,99.852,99.77,36.07,38.73,6318.38,0.177,93.47,88.69,85.11,0.0807,94.86,1.505,79.01,4.11,95.85
Tencent,eu-central-1,Kubernetes,16,32,2000,7577,99.83,99.42,35.09,47.03,7229.99,0.422,91.3,89.67,85.27,0.0835,88.57,1.623,73.28,4.0,94.5
Tencent,eu-central-1,Networking,4,16,250,6937,99.895,99.53,32.07,41.36,5427.18,0.417,94.15,94.01,85.0,0.0884,95.42,1.237,82.16,4.16,96.79
Tencent,eu-central-1,Storage,64,512,1000,7389,99.86,99.73,31.7,39.25,7166.74,0.43,93.64,88.82,85.43,0.0843,89.97,1.598,88.57,4.14,95.46
Tencent,eu-central-1,Compute,8,32,50,1688,99.816,99.4,37.9,48.08,1477.45,0.464,95.43,92.03,90.63,0.0974,87.93,1.866,85.75,4.16,95.48
Tencent,eu-central-1,AI,32,256,100,9840,99.846,100,32.57,43.5,9005.14,0.268,92.37,87.95,82.98,0.0978,92.09,1.64,81.49,4.07,94.93
Tencent,eu-central-1,Compute,32,128,50,7968,99.883,99.67,22.54,29.53,7494.26,0,97.06,92.69,85.55,0.0853,90.77,1.336,81.98,4.58,97.31
Tencent,eu-central-1,Storage,64,256,250,558,99.847,99.87,32.36,45.12,426.4,0.247,91.27,91.06,84.23,0.1177,83.23,1.598,78.06,3.99,94.04
Tencent,eu-central-1,Storage,8,16,50,7546,99.87,99.53,33.09,39.75,5896.57,0.498,92.52,91.28,89.1,0.1033,88.34,1.115,77.95,3.99,96.54
Tencent,eu-central-1,Compute,16,128,1000,9378,99.922,100,36.52,46.79,7535.95,0.335,89.21,85.58,82.48,0.0945,87.77,0.858,74.03,4.12,95.19
Tencent,eu-central-1,Storage,64,256,1000,4497,99.837,99.83,34.64,44.53,3940.34,0.341,94.69,91.86,85.97,0.0911,92.35,1.413,78.64,3.93,96.26
Tencent,eu-central-1,Storage,32,256,250,4306,99.918,99.82,20.86,22.93,3947.61,0.101,91.31,87.02,82.39,0.1068,88.54,0.979,79.98,4.75,96.24
Tencent,eu-central-1,AI,4,8,500,7870,99.985,100,39.79,50.72,6191.19,0.33,92.48,90.37,86.76,0.0848,87.46,0.444,87.14,3.96,97.24
Tencent,eu-central-1,Database,2,4,1000,1291,99.883,99.29,22.71,34.53,1161.02,0.078,93.91,92.49,83.86,0.0752,90.82,1.171,77.33,4.43,96.66
Tencent,eu-central-1,Database,8,32,100,2297,99.827,99.5,34.66,43.98,1665.39,0.419,96.67,96.63,80.92,0.0626,94.73,1.776,78.67,4.26,95.31
Tencent,eu-central-1,Networking,32,256,100,1260,99.821,99.74,33.08,46.35,987.86,0.193,100,97.29,86.84,0.0822,90.9,1.858,86.68,4.2,96.49
Tencent,eu-central-1,Networking,2,8,100,7601,99.884,99.56,29.54,37.13,5701.13,0.133,92.8,88.59,90.26,0.0973,86.79,1.218,80.57,4.26,96.6
Tencent,eu-central-1,Database,2,16,500,3390,99.892,99.54,34.25,45.03,3250.47,0.333,95.11,92.75,83.87,0.1003,91.38,1.166,88.72,4.0,96.42
Tencent,ap-south-1,Kubernetes,64,128,500,5316,99.901,99.97,26.9,37.93,4031.43,0.35,94.52,93.15,84.03,0.0861,91.74,0.962,66.43,4.4,97.25
Tencent,ap-south-1,Database,4,8,1000,7605,99.873,99.32,23.75,27.11,7317.23,0,95.07,91.33,83.9,0.1029,96.62,1.501,72.57,4.4,96.78
Tencent,ap-south-1,Database,64,512,250,5312,99.791,100,29.75,33.62,4735.64,0.328,90.92,87.95,84.97,0.0865,92.14,1.784,75.49,4.14,94.77
Tencent,ap-south-1,Networking,32,128,500,593,99.952,99.71,25.62,30.41,545.41,0.32,91.96,89.21,88.8,0.0908,90.07,0.761,82.59,4.45,97.75
Tencent,ap-south-1,Compute,16,32,1000,6398,99.837,99.63,27.51,32.96,5608.34,0.232,94.98,93.66,81.84,0.1054,84.67,1.568,75.87,4.43,94.88
Tencent,ap-south-1,Database,64,512,2000,6706,99.921,100,30.92,43.1,5317.24,0.173,94.71,91.35,84.84,0.1092,95.54,0.75,81.26,4.07,98.06
Tencent,ap-south-1,Database,4,8,500,5430,99.902,100,30.91,44.22,4851.78,0.328,92.57,91.28,81.94,0.1088,95.06,1.157,76.28,4.06,96.24
Tencent,ap-south-1,Storage,2,8,100,1602,99.795,99.21,33.67,46.64,1444.45,0.21,94.33,92.13,88.28,0.0804,91.16,1.887,92.29,4.24,95.37
Tencent,ap-south-1,Networking,2,4,2000,740,99.769,99.18,34.66,43.17,599.77,0.241,91.27,88.3,88.18,0.0991,89.02,2.193,85.19,4.08,93.77
Tencent,ap-south-1,Kubernetes,16,32,1000,8405,99.806,99.67,30.94,37.23,6214.69,0.33,93.15,90.93,85.87,0.1082,78.13,1.559,86.6,4.27,94.27
Tencent,ap-south-1,Database,16,32,250,5262,99.907,100,27.9,39.48,5098.65,0.246,94.85,92.07,85.42,0.0742,91.34,1.103,71.57,4.26,97.15
Tencent,ap-south-1,Networking,2,8,500,9677,99.872,99.94,32.69,38.85,7969.2,0.279,90.61,88.26,77.67,0.0897,90.64,1.228,75.97,4.1,94.43
Tencent,ap-south-1,Compute,16,32,50,1209,99.865,99.97,27.96,30.97,1067.1,0.249,91.72,88.21,87.14,0.1034,84.51,1.187,81.95,4.5,95.85
Tencent,ap-south-1,AI,2,8,2000,4061,99.937,100,25.53,29.02,3955.28,0.193,95.75,92.73,82.68,0.0859,87.9,0.674,87.64,4.23,97.58
Tencent,ap-south-1,AI,16,128,500,2808,99.864,99.61,30.84,33.67,2690.9,0.291,91.17,90.84,85.49,0.0847,79.15,1.309,77.75,4.29,94.44
Tencent,ap-south-1,Kubernetes,32,64,2000,2533,99.804,99.68,28.76,40.82,2003.06,0.594,93.8,93.44,84.85,0.0889,90.22,1.716,78.66,4.42,95.31
Tencent,ap-south-1,Networking,8,64,100,6404,99.841,99.84,29.02,41.77,4600.43,0.364,96.92,94.29,88.81,0.0912,96.88,1.465,84.55,4.37,97.84
Tencent,ap-south-1,Networking,4,8,100,1422,99.884,99.44,24.2,32.11,1244.09,0.259,92.77,91.59,82.99,0.0775,88.71,0.934,86.46,4.48,96.51
Tencent,ap-south-1,AI,8,32,100,7768,99.857,99.63,26.55,36.75,6385.19,0.258,95.02,90.73,80.41,0.0865,93.81,1.289,83.06,4.27,96.26
Tencent,ap-south-1,Database,8,64,50,3262,99.821,99.54,31.09,45.32,2556.41,0.556,88.85,87.58,89.02,0.1128,89.18,1.899,87.48,4.1,94.29
Tencent,ap-south-1,Networking,8,64,2000,4288,99.871,99.59,28.73,31.92,3411.17,0.313,91.95,90.2,84.14,0.0558,92.11,1.149,81.79,4.41,96.2
Tencent,ap-south-1,Compute,4,32,100,276,99.847,100,32.5,36.11,262.45,0.364,93.04,92.01,84.16,0.0702,92.74,1.554,83.29,4.11,95.51
Tencent,ap-south-1,AI,32,64,2000,2143,99.937,99.91,28.78,32.76,1722.37,0.177,95.14,94.99,81.37,0.1088,92.79,0.908,82.06,4.3,97.08
Tencent,ap-south-1,AI,32,64,100,3485,99.93,100,32.68,35.75,2501.19,0.183,87.25,85.14,84.56,0.1102,84.07,0.886,86.25,4.05,94.86
Tencent,ap-south-1,Database,4,32,1000,6768,99.819,99.74,26.07,31.14,5697.37,0.298,95.54,90.57,86.02,0.1019,86.65,1.828,83.23,4.24,95.4
Tencent,ap-south-1,Storage,32,256,1000,237,99.819,99.27,34.81,47.47,231.66,0.208,94.99,92.52,86.31,0.1004,91.15,1.662,78.85,4.2,95.62
Tencent,ap-south-1,Storage,64,256,1000,8777,99.848,99.39,25.42,36.85,7081.67,0.23,94.35,94.21,84.94,0.0893,97.91,1.608,86.69,4.47,96.62
Tencent,ap-south-1,AI,4,32,250,9183,99.848,100,30.45,42.54,7202.49,0.205,93.59,90.22,87.57,0.103,87.1,1.623,75.7,4.31,95.53
Tencent,ap-south-1,Kubernetes,16,64,2000,8698,99.856,99.82,29.13,42.19,6220.27,0.293,94.72,92.62,87.39,0.0785,88.98,1.599,82.89,4.19,96.04
Tencent,ap-south-1,Database,4,8,250,5745,99.853,99.54,29.74,44.48,5098.53,0.399,90.4,85.64,86.48,0.0724,96.28,1.619,76.81,4.27,95.63
Tencent,ap-south-1,AI,32,64,1000,5840,99.844,100,31.23,33.42,4158.73,0.37,90.97,89.27,86.54,0.0838,82.14,1.333,79.23,4.06,94.87
Tencent,ap-south-1,Kubernetes,8,32,100,3012,99.911,100,27.56,33.48,2785.32,0.188,96.24,93.57,88.07,0.1064,90.95,0.821,77.94,4.26,98.43
Tencent,ap-south-1,Storage,64,128,1000,1891,99.816,99.85,31.09,34.78,1719.73,0.197,93.77,90.37,86.32,0.0745,83.52,1.799,86.72,4.24,94.56
Tencent,ap-south-1,Compute,64,128,100,7046,99.818,99.78,35.37,42.88,6629.94,0.463,92.99,88.33,85.74,0.0805,93.29,1.864,79.17,4.15,94.96
Tencent,ap-south-1,Compute,2,16,2000,3368,99.885,99.77,38.08,43.04,3248.16,0.328,93.34,88.46,91.07,0.1197,82.01,0.967,76.55,3.92,96.45
Tencent,ap-south-1,Kubernetes,32,256,250,3940,99.86,99.64,30.19,32.82,2918.26,0.449,91.26,86.91,81.54,0.0791,89.43,1.288,83.36,4.43,95.0
Tencent,ap-south-1,Storage,64,512,2000,5612,99.801,99.62,31.91,38.74,4789.53,0.092,96.07,95.62,88.82,0.0785,90.9,1.737,82.61,4.34,96.26
Tencent,ap-south-1,Networking,64,256,50,1403,99.872,99.4,26.07,37.47,1093.2,0.114,96.15,92.7,86.8,0.0917,85.07,1.078,84.94,4.24,97.03
Tencent,ap-south-1,Kubernetes,2,4,50,9765,99.856,99.7,33.42,44.5,8307.43,0.344,93.44,92.27,81.65,0.1014,86.25,1.287,88.5,4.03,94.98
Tencent,ap-south-1,Networking,64,512,100,5299,99.916,100,30.74,34.18,4051.88,0.219,95.16,92.92,85.56,0.0648,89.28,1.085,79.7,4.36,96.91
Tencent,ap-southeast-1,Kubernetes,64,512,1000,523,99.836,100,31.74,35.63,393.95,0.274,90.13,86.31,85.49,0.0925,99.31,1.369,72.58,4.17,96.22
Tencent,ap-southeast-1,Storage,64,512,50,4541,99.843,99.81,28.27,42.01,4069.69,0.391,91.96,90.74,83.14,0.0584,92.02,1.295,91.63,4.37,95.78
Tencent,ap-southeast-1,Kubernetes,32,128,500,5353,99.866,99.86,21.45,23.65,4825.78,0.187,94.87,90.95,84.99,0.087,77.12,1.15,70.77,4.54,95.8
Tencent,ap-southeast-1,Networking,16,128,50,1231,99.838,99.78,27.32,35.07,1005.69,0.22,90.14,87.67,82.48,0.0792,85.98,1.399,85.49,4.27,94.48
Tencent,ap-southeast-1,Compute,16,128,1000,9886,99.954,99.87,33.01,42.8,8267.98,0.278,95.92,92.27,81.65,0.1257,90.75,0.458,81.59,4.27,97.8
Tencent,ap-southeast-1,Storage,2,4,100,6716,99.889,99.77,28.77,41.04,5654.79,0.337,94.91,91.03,88.83,0.0608,88.99,0.959,89.68,4.34,97.67
Tencent,ap-southeast-1,Database,64,512,100,2468,99.962,99.92,27.5,35.56,1954.91,0.179,90.08,87.58,88.25,0.0831,89.05,0.564,80.47,4.22,97.51
Tencent,ap-southeast-1,Networking,32,128,250,7950,99.859,100,31.47,36.39,5849.06,0.478,93.4,88.52,84.84,0.063,95.4,1.53,87.71,4.3,96.08
Tencent,ap-southeast-1,Kubernetes,32,256,1000,1085,99.869,100,28.08,33.63,978.39,0.323,91.41,91.25,83.6,0.0761,88.65,1.126,72.62,4.36,95.79
Tencent,ap-southeast-1,Storage,4,32,2000,5615,99.866,99.81,35.45,37.61,5253.6,0.536,93.79,90.94,89.44,0.0793,86.1,1.143,84.87,4.28,96.49
Tencent,ap-southeast-1,Storage,4,16,500,681,99.869,99.81,36.68,48.16,666.78,0.518,88.91,88.62,87.64,0.0865,87.75,1.147,89.13,4.13,95.28
Tencent,ap-southeast-1,AI,32,64,1000,6032,99.853,99.38,32.0,45.27,5281.89,0.385,91.79,91.12,89.84,0.0771,82.5,1.176,83.52,4.09,95.79
Tencent,ap-southeast-1,Compute,2,4,50,6383,99.86,99.64,30.94,36.58,5131.16,0.245,92.9,89.13,82.12,0.0829,90.17,1.406,85.75,4.39,95.23
Tencent,ap-southeast-1,AI,32,64,100,2887,99.852,99.41,33.77,40.62,2596.53,0.42,93.88,89.49,89.2,0.0801,92.25,1.225,90.79,4.25,96.96
Tencent,ap-southeast-1,Networking,64,512,100,8951,99.819,100,38.67,47.11,7537.09,0.592,93.43,92.09,90.8,0.0749,92.02,1.609,75.57,4.14,96.12
Tencent,ap-southeast-1,Storage,2,16,1000,5661,99.865,99.93,33.18,43.52,4108.26,0.278,93.92,89.64,88.02,0.0916,81.14,1.584,84.24,4.1,94.98
Tencent,ap-southeast-1,Database,64,256,50,5091,99.85,100,29.11,38.1,4787.16,0.157,92.65,92.12,85.81,0.0564,90.58,1.241,79.81,4.46,96.3
Tencent,ap-southeast-1,Networking,8,16,2000,1967,99.89,100,25.36,39.62,1927.38,0.327,94.51,89.62,86.18,0.0812,88.07,0.881,69.08,4.46,97.45
Tencent,ap-southeast-1,Storage,8,32,100,586,99.813,99.82,26.97,34.6,441.12,0.322,91.23,86.36,88.14,0.1171,84.04,1.684,91.95,4.28,94.82
Tencent,ap-southeast-1,Networking,2,16,2000,5267,99.823,100,33.85,45.75,4764.18,0.306,95.28,94.57,84.09,0.079,81.09,1.641,87.95,4.02,94.49
Tencent,ap-southeast-1,AI,2,4,100,456,99.822,99.89,35.28,46.99,335.88,0.375,91.49,91.28,82.84,0.087,85.98,1.578,87.61,3.94,94.04
Tencent,ap-southeast-1,AI,16,128,500,1997,99.753,99.17,26.7,30.48,1859.43,0.208,91.23,91.0,77.79,0.0888,88.77,2.319,77.83,4.23,92.24
Tencent,ap-southeast-1,Kubernetes,64,256,250,1095,99.932,99.66,35.21,44.24,995.98,0.415,92.73,92.66,87.0,0.0687,89.34,0.802,74.95,4.22,96.94
Tencent,ap-southeast-1,Database,32,64,250,7862,99.905,99.82,30.45,41.25,7137.58,0.25,93.63,91.63,89.92,0.0953,92.04,1.18,78.25,4.34,97.35
Tencent,ap-southeast-1,Networking,4,8,1000,4978,99.864,100,30.25,38.88,4372.27,0.207,97.16,96.28,86.63,0.0892,99.52,1.184,85.21,4.4,98.38
Tencent,ap-southeast-1,Database,8,32,250,5638,99.855,100,30.63,43.13,4245.15,0.303,92.64,92.24,87.74,0.0618,80.87,1.381,79.82,4.14,95.21
Tencent,ap-southeast-1,Compute,2,8,250,5028,99.912,99.91,26.36,38.18,4504.73,0.244,91.78,90.43,79.7,0.1017,93.16,0.71,83.02,4.56,96.69
Tencent,ap-southeast-1,AI,16,128,1000,4767,99.92,99.78,28.72,37.4,4543.11,0.341,91.81,89.31,83.97,0.0788,86.6,0.712,82.44,4.13,96.53
Tencent,ap-southeast-1,Storage,16,128,100,157,99.901,100,26.57,41.13,124.0,0.253,95.43,92.06,84.48,0.0916,88.94,1.224,85.84,4.36,96.68
Tencent,ap-southeast-1,Kubernetes,32,256,50,319,99.999,99.68,30.81,34.14,287.6,0.254,94.63,90.99,84.31,0.1211,85.71,0.06,89.27,4.05,98.35
Tencent,ap-southeast-1,Networking,16,64,250,6492,99.872,99.31,36.55,42.39,6121.9,0.599,93.61,89.35,85.02,0.1077,94.11,1.364,73.54,4.24,96.0
Tencent,ap-southeast-1,Database,64,256,250,6708,99.771,99.37,27.82,35.58,5192.65,0.154,88.92,85.47,88.09,0.0663,80.54,1.936,76.44,4.21,93.3
Tencent,ap-southeast-1,Compute,16,64,250,1762,99.846,99.64,29.3,36.71,1637.57,0.129,92.11,90.56,87.57,0.0991,95.11,1.43,80.23,4.29,96.48
Tencent,ap-southeast-1,AI,16,32,50,1012,99.778,99.4,34.49,48.0,838.63,0.29,95.23,90.58,86.37,0.1004,85.48,1.87,78.69,3.95,94.67
Tencent,ap-southeast-1,AI,8,16,250,6908,99.884,99.7,35.5,43.31,6768.37,0.288,91.61,88.11,83.58,0.0823,90.01,1.072,82.77,3.9,95.65
Tencent,ap-southeast-1,AI,16,64,500,839,99.833,99.9,33.41,42.53,821.78,0.421,95.08,91.38,85.61,0.0948,89.08,1.685,76.65,4.06,95.44
Tencent,ap-southeast-1,Kubernetes,64,512,50,6535,99.935,99.73,35.9,42.79,5273.62,0.174,92.06,89.8,83.04,0.0973,85.8,1.004,69.69,4.19,95.36
Tencent,ap-southeast-1,AI,4,32,100,4738,99.919,100,36.08,46.16,3853.54,0.389,94.22,92.28,86.07,0.083,91.85,0.958,86.2,4.17,97.05
Tencent,ap-southeast-1,Networking,2,8,2000,825,99.958,99.62,27.39,39.63,692.51,0.214,91.48,91.1,85.06,0.0704,93.88,0.432,78.03,4.28,98.04
Tencent,ap-southeast-1,Networking,16,128,50,6926,99.857,99.51,39.54,51.17,5154.21,0.517,94.33,91.42,88.02,0.0743,99.36,1.211,88.68,4.08,97.37
Tencent,sa-east-1,Storage,8,64,50,7561,99.804,99.85,33.1,41.93,7215.83,0.256,89.18,87.48,86.19,0.0845,84.88,1.607,77.7,4.14,94.01
Tencent,sa-east-1,AI,32,256,50,8146,99.895,100,30.91,38.34,6247.34,0.384,91.0,87.76,87.0,0.0915,97.87,1.079,90.12,4.4,97.16
Tencent,sa-east-1,Database,4,32,2000,6415,99.921,99.51,32.83,47.19,5729.37,0.279,92.95,92.74,88.89,0.0752,87.88,0.817,90.62,4.14,97.2
Tencent,sa-east-1,Database,32,128,100,9198,99.83,99.91,24.64,30.12,8842.09,0.325,94.82,91.61,85.85,0.0862,92.3,1.825,80.15,4.56,95.93
Tencent,sa-east-1,AI,32,128,100,9494,99.88,100,30.32,36.1,8796.25,0.35,95.55,95.52,78.16,0.0866,90.8,1.219,75.37,4.11,95.71
Tencent,sa-east-1,Database,32,256,2000,8042,99.81,99.81,35.83,41.73,6199.29,0.352,92.26,91.18,84.02,0.0684,89.98,1.816,80.35,4.0,94.27
Tencent,sa-east-1,Database,64,256,250,4502,99.802,99.33,38.63,45.07,4292.8,0.487,94.12,93.81,82.13,0.0718,88.14,1.949,79.89,4.02,93.66
Tencent,sa-east-1,Compute,64,256,2000,7394,99.841,99.65,29.12,34.08,5786.67,0.281,92.31,87.73,81.98,0.0668,92.12,1.383,84.04,4.32,95.43
Tencent,sa-east-1,Storage,16,32,100,3354,99.924,99.38,30.8,40.23,2678.43,0.236,89.93,86.77,84.28,0.0999,92.63,0.925,86.78,4.1,96.2
Tencent,sa-east-1,AI,8,16,50,7119,99.878,100,33.05,38.16,6432.32,0.288,93.34,92.9,85.87,0.0895,100,1.385,97.25,4.17,96.94
Tencent,sa-east-1,Compute,4,8,100,8862,99.816,99.62,32.78,45.02,6667.3,0.197,91.95,90.69,81.71,0.0723,90.87,1.8,81.6,4.07,94.1
Tencent,sa-east-1,Database,64,128,500,6625,99.81,99.85,26.22,35.73,5523.5,0.515,91.0,89.68,85.72,0.1095,87.49,1.539,75.18,4.29,95.1
Tencent,sa-east-1,Storage,8,64,500,1263,99.798,99.22,34.31,47.22,1216.6,0.249,91.43,86.64,88.3,0.0793,93.28,1.721,79.2,4.23,95.3
Tencent,sa-east-1,Storage,4,8,100,3211,99.964,99.56,32.13,37.11,2694.54,0.248,91.01,86.12,86.08,0.0893,88.64,0.779,89.48,4.29,96.57
Tencent,sa-east-1,Storage,2,8,100,8416,99.851,99.91,27.4,41.0,7133.66,0.328,94.72,91.57,85.09,0.082,79.87,1.468,72.43,4.46,95.09
Tencent,sa-east-1,Storage,2,4,250,4136,99.821,99.7,27.53,39.96,3296.09,0.213,92.82,88.2,85.59,0.0787,94.86,1.774,85.52,4.5,95.66
Tencent,sa-east-1,Compute,2,4,2000,8099,99.862,99.28,31.66,37.44,7711.63,0.488,94.43,91.11,83.59,0.084,89.34,1.319,76.4,4.14,95.78
Tencent,sa-east-1,Kubernetes,8,32,2000,5622,99.867,100,28.0,42.35,4813.79,0.2,93.29,91.96,87.66,0.0922,91.37,1.376,89.97,4.26,96.59
Tencent,sa-east-1,Networking,32,256,2000,4425,99.858,99.63,25.66,38.45,3385.43,0.344,93.41,89.83,82.46,0.0747,89.36,1.548,79.07,4.38,95.28
Tencent,sa-east-1,Database,64,512,1000,9151,99.919,99.91,26.05,28.17,7562.4,0.269,93.07,90.67,81.86,0.127,86.19,0.665,81.09,4.3,96.68
Tencent,sa-east-1,Networking,8,64,1000,9681,99.893,99.7,28.85,37.53,7310.91,0.29,94.65,90.0,79.76,0.1115,87.56,1.355,79.88,4.25,95.19
Tencent,sa-east-1,Database,16,64,1000,767,99.856,99.6,38.34,53.12,737.39,0.244,90.54,88.99,86.53,0.0918,83.43,1.186,82.5,3.98,94.78
Tencent,sa-east-1,Kubernetes,32,64,250,9051,99.914,99.7,31.18,40.63,7162.77,0.379,92.57,88.12,88.85,0.0815,85.52,0.733,69.2,4.14,97.16
Tencent,sa-east-1,Kubernetes,2,16,250,1456,99.799,99.32,35.33,44.5,1044.7,0.447,91.19,87.84,87.14,0.0987,100,1.832,77.13,3.94,95.5
Tencent,sa-east-1,Storage,4,16,500,3673,99.872,99.61,30.58,41.46,3536.69,0.216,91.0,86.77,89.24,0.08,88.62,1.498,74.07,4.26,95.61
Tencent,sa-east-1,AI,16,32,100,2479,99.876,100,29.55,37.13,2204.76,0.34,92.57,87.79,87.29,0.0962,96.79,1.17,78.59,4.2,97.3
Tencent,sa-east-1,AI,64,256,50,9898,99.81,99.72,28.32,32.16,8842.35,0.18,94.72,91.56,85.38,0.0763,85.58,1.932,85.97,4.51,94.67
Tencent,sa-east-1,Networking,16,32,100,3333,99.87,100,36.4,40.39,2352.06,0.066,94.02,93.07,88.18,0.0859,89.35,1.283,74.79,4.04,96.37
Tencent,sa-east-1,Storage,64,128,50,7079,99.903,100,34.89,49.76,6776.84,0.225,92.24,90.89,81.74,0.091,89.96,1.243,73.73,4.26,95.21
Tencent,sa-east-1,Networking,2,16,250,3349,99.794,99.26,30.21,38.86,2720.85,0.176,93.17,89.44,79.74,0.0943,87.83,1.848,82.22,4.17,93.69
Tencent,sa-east-1,AI,64,256,50,2239,99.788,99.82,33.56,39.89,1595.79,0.12,92.64,90.32,84.48,0.106,81.76,1.976,82.03,4.32,93.33
Tencent,sa-east-1,Compute,8,64,250,2707,99.884,99.6,28.24,32.56,2471.96,0.126,95.66,93.49,80.08,0.0696,86.67,1.174,80.0,4.3,95.75
Tencent,sa-east-1,Compute,8,32,2000,3582,99.863,99.44,23.53,38.48,3181.84,0.353,94.76,93.82,77.05,0.0928,86.25,1.197,75.97,4.66,95.21
Tencent,sa-east-1,Kubernetes,32,256,250,5181,99.845,100,36.06,41.92,3713.95,0.382,93.28,92.74,84.86,0.0944,96.83,1.637,85.69,4.0,95.74
Tencent,sa-east-1,Database,8,64,250,8796,99.874,99.39,28.89,41.15,8484.94,0.342,91.91,91.78,85.87,0.0876,84.67,1.166,83.36,4.39,95.61
Tencent,sa-east-1,Networking,4,8,2000,2165,99.892,99.72,28.3,40.7,1608.6,0.255,96.06,91.47,88.23,0.0796,87.65,1.281,84.13,4.16,97.02
Tencent,sa-east-1,AI,64,256,500,982,99.908,99.67,28.98,38.34,700.59,0.468,94.85,91.27,86.63,0.0712,88.52,1.197,80.94,4.14,96.74
Tencent,sa-east-1,Networking,64,128,250,7523,99.788,100,28.91,40.93,6232.81,0.401,91.13,89.38,84.47,0.0688,78.48,2.115,74.8,4.23,92.65
Tencent,sa-east-1,Networking,64,256,1000,1425,99.802,99.44,30.96,37.64,1128.78,0.359,95.06,92.92,80.14,0.1024,94.82,1.877,82.01,4.41,94.82
Tencent,sa-east-1,Networking,16,32,1000,6064,99.815,100.0,31.53,34.91,4927.86,0.345,93.73,91.3,83.35,0.0606,86.59,1.96,82.43,4.4,94.07
Tencent,me-central-1,Kubernetes,8,32,1000,5657,99.865,99.57,29.94,43.5,4047.14,0.483,97.08,92.45,81.06,0.0686,89.63,1.55,84.57,4.45,95.62
Tencent,me-central-1,Kubernetes,64,256,100,3659,99.733,99.23,32.88,46.6,2760.16,0.433,94.08,94.06,84.71,0.1031,87.03,2.193,85.56,4.07,93.7
Tencent,me-central-1,AI,64,512,100,2210,99.805,99.71,34.05,37.27,2100.63,0.316,92.02,90.76,85.64,0.085,99.77,2.056,75.67,4.27,95.08
Tencent,me-central-1,Networking,32,128,100,8329,99.909,99.81,34.22,43.28,6301.7,0.212,91.9,90.15,82.59,0.0749,88.25,0.825,77.9,3.96,95.98
Tencent,me-central-1,AI,8,32,1000,8673,99.9,99.42,27.25,30.87,6414.74,0.205,89.86,88.8,88.64,0.0855,88.31,1.063,76.02,4.51,96.31
Tencent,me-central-1,Storage,4,32,100,3099,99.832,100,23.63,32.52,2446.66,0.293,94.45,93.04,86.11,0.0958,88.09,1.366,77.42,4.55,96.48
Tencent,me-central-1,AI,4,16,50,3400,99.777,99.28,34.61,38.67,2418.62,0.17,88.78,87.39,85.78,0.0571,83.86,2.107,75.58,4.12,92.53
Tencent,me-central-1,Storage,16,128,1000,6992,99.813,99.82,31.1,36.69,5293.24,0.3,90.7,89.0,85.29,0.1079,100,1.883,87.62,4.34,95.3
Tencent,me-central-1,Networking,16,32,100,6596,99.904,99.46,26.04,32.1,6231.2,0.277,88.15,87.33,86.61,0.0779,91.82,1.049,84.36,4.57,96.11
Tencent,me-central-1,AI,64,128,500,9888,99.913,99.36,37.95,44.45,7088.08,0.425,90.2,86.48,85.95,0.0653,97.11,1.096,69.39,4.0,96.25
Tencent,me-central-1,Database,8,16,1000,7835,99.913,99.74,31.59,40.01,6054.84,0.585,91.17,87.12,89.22,0.1022,93.69,0.974,81.19,4.17,97.26
Tencent,me-central-1,Compute,16,32,50,5521,99.848,99.58,25.88,28.18,4791.84,0.264,93.46,88.53,88.77,0.0421,83.24,1.551,85.26,4.47,95.61
Tencent,me-central-1,Compute,8,64,250,309,99.845,99.28,31.76,35.86,297.13,0.164,93.61,90.33,87.53,0.0835,88.75,1.728,88.09,4.21,95.3
Tencent,me-central-1,Networking,32,256,250,4108,99.801,99.86,32.85,34.93,2986.12,0.164,90.76,88.55,85.53,0.0953,89.13,1.903,88.08,4.32,94.08
Tencent,me-central-1,AI,8,32,2000,1149,99.829,99.27,32.32,41.08,882.79,0.246,95.12,90.29,82.15,0.0931,82.12,1.482,68.8,4.05,94.55
Tencent,me-central-1,Database,32,128,1000,2349,99.869,99.46,24.95,33.31,2111.54,0.394,91.85,89.55,82.83,0.0753,84.45,1.094,80.59,4.36,95.46
Tencent,me-central-1,Compute,64,256,500,9098,99.8,100,34.2,45.87,7335.47,0.391,96.24,93.14,83.24,0.0982,90.34,1.702,83.16,4.17,95.37
Tencent,me-central-1,AI,16,128,500,8097,99.923,99.99,40.47,46.44,6212.92,0.43,93.81,91.29,81.05,0.0757,87.57,0.656,87.18,4.04,96.13
Tencent,me-central-1,Kubernetes,64,128,100,7236,99.834,99.98,35.98,45.25,6391.32,0.477,91.4,90.59,90.06,0.109,95.78,1.44,75.81,4.23,96.47
Tencent,me-central-1,Compute,16,32,1000,3123,99.825,99.65,35.07,38.73,2557.06,0.473,92.59,90.95,84.52,0.0904,87.36,1.405,88.24,4.08,95.02
Tencent,me-central-1,Storage,4,8,50,7966,99.874,100,35.75,48.48,7415.9,0.325,93.54,90.41,84.6,0.0585,92.34,1.321,80.52,4.11,95.97
Tencent,me-central-1,Database,2,4,50,619,99.793,99.82,33.0,39.53,490.94,0.356,90.78,90.44,84.49,0.0882,86.52,1.68,74.87,4.36,94.1
Tencent,me-central-1,Database,64,128,50,1135,99.911,99.42,24.32,27.71,1073.42,0.397,92.72,88.52,85.68,0.1004,85.47,1.126,83.55,4.35,96.17
Tencent,me-central-1,Database,2,16,100,6576,99.846,100,31.24,33.34,5645.58,0.249,95.26,94.05,83.8,0.0815,93.82,1.542,88.0,4.41,96.13
Tencent,me-central-1,Storage,2,8,50,4291,99.814,99.51,34.37,46.14,3957.04,0.428,90.67,86.7,87.41,0.0715,87.43,1.518,79.07,4.08,94.86
Tencent,me-central-1,AI,16,64,100,6932,99.859,99.98,27.62,30.34,6535.82,0.172,93.17,89.51,82.27,0.0854,93.25,1.222,79.02,4.24,96.25
Tencent,me-central-1,Kubernetes,2,8,1000,3266,99.828,99.56,34.29,47.26,3126.37,0.205,95.74,93.1,89.01,0.0828,87.07,1.872,77.39,4.18,95.41
Tencent,me-central-1,Storage,16,32,500,483,99.809,99.31,32.55,36.26,401.98,0.432,96.52,92.97,84.94,0.0869,94.23,1.985,83.61,4.08,95.49
Tencent,me-central-1,Kubernetes,2,8,100,5816,99.865,99.92,34.96,47.74,4305.61,0.261,96.17,91.51,84.99,0.0732,91.06,1.314,68.32,3.93,96.49
Tencent,me-central-1,Kubernetes,32,64,50,8631,99.844,99.83,33.83,39.7,7168.72,0.273,92.76,91.57,89.57,0.1093,100,1.511,78.1,4.27,97.06
Tencent,me-central-1,Storage,4,16,100,9879,99.878,99.89,29.89,34.86,9583.23,0.142,93.17,89.67,84.34,0.0908,94.02,1.419,79.18,4.1,96.11
Tencent,me-central-1,Networking,32,256,1000,2708,99.805,99.23,32.06,42.09,2409.7,0.402,92.4,88.35,86.53,0.0884,88.01,2.041,82.46,4.3,94.12
Tencent,me-central-1,Database,64,256,1000,7388,99.969,99.94,34.94,46.15,6147.06,0.262,90.71,89.5,82.94,0.0773,86.9,0.567,85.81,4.11,96.19
Tencent,me-central-1,Compute,32,128,50,948,99.856,99.59,30.74,40.36,773.66,0.342,91.35,89.37,87.48,0.0845,92.68,1.538,80.32,4.24,95.74
Tencent,me-central-1,Kubernetes,4,16,2000,6156,99.85,99.37,23.08,31.06,5207.04,0.231,95.9,94.58,81.69,0.0952,91.17,1.479,100,4.37,96.11
Tencent,me-central-1,AI,64,128,500,7436,99.893,100,30.98,33.4,6242.88,0.196,92.32,88.12,81.23,0.0983,93.14,1.283,85.99,4.3,95.6
Tencent,me-central-1,Database,16,64,500,420,99.857,99.53,34.86,40.09,385.32,0.413,95.96,94.49,85.57,0.0871,85.62,1.365,68.24,3.94,95.8
Tencent,me-central-1,Compute,2,4,500,1723,99.824,99.31,36.85,45.54,1643.95,0.445,94.47,90.34,85.15,0.0901,95.0,1.857,89.32,3.92,95.23
Tencent,me-central-1,Database,8,16,500,2943,99.93,99.84,32.74,39.49,2620.11,0.227,92.14,88.49,86.53,0.0676,95.14,0.965,87.9,4.2,97.17
Tencent,me-central-1,Networking,2,4,500,9853,99.809,99.42,31.88,42.25,9485.36,0.139,92.04,87.6,84.5,0.0797,88.49,1.822,78.07,4.4,94.27
Huawei,us-east-1,AI,32,64,500,8497,99.923,99.81,41.58,44.34,6732.95,0.205,93.27,89.68,87.68,0.0976,85.2,0.958,73.99,3.88,96.09
Huawei,us-east-1,Storage,32,64,500,6288,99.922,99.52,28.41,35.03,5546.14,0.233,95.43,94.1,86.49,0.103,87.12,0.97,86.64,4.14,97.18
Huawei,us-east-1,Kubernetes,16,64,50,9060,99.908,99.9,28.15,32.53,8019.98,0.253,91.21,89.65,88.25,0.0971,100,0.993,86.18,4.35,97.95
Huawei,us-east-1,Database,8,32,500,4146,99.844,99.97,33.87,42.87,3880.51,0.395,94.21,91.87,82.85,0.0805,91.69,1.625,71.39,4.21,95.21
Huawei,us-east-1,Kubernetes,4,16,50,1829,99.963,100,36.18,44.15,1696.37,0.257,93.66,91.62,84.13,0.0776,100,0.367,80.78,3.93,98.74
Huawei,us-east-1,Storage,16,128,2000,6351,99.904,99.8,29.77,33.48,4485.31,0.138,94.9,93.33,81.2,0.0857,91.23,0.949,76.84,4.32,96.68
Huawei,us-east-1,Kubernetes,4,16,50,252,99.838,100,30.79,43.95,206.26,0.379,94.0,90.82,83.61,0.0777,94.08,1.477,72.42,4.35,96.02
Huawei,us-east-1,Networking,8,64,500,3271,99.828,100,30.74,41.88,2743.72,0.474,90.31,88.15,88.49,0.0943,86.86,1.527,84.98,4.11,95.14
Huawei,us-east-1,Kubernetes,64,128,50,4163,99.999,99.45,26.13,40.9,3724.78,0.207,94.14,90.63,84.44,0.0708,96.68,0.271,81.65,4.36,99.19
Huawei,us-east-1,Database,16,128,100,3027,99.879,99.69,24.38,29.18,2926.82,0.262,95.23,94.28,81.73,0.068,82.73,1.152,80.07,4.33,95.77
Huawei,us-east-1,Database,32,64,500,9283,99.886,100,33.37,39.14,7223.66,0.273,96.48,94.83,86.11,0.1131,88.02,1.141,78.65,4.18,96.88
Huawei,us-east-1,Storage,16,32,500,6684,99.888,100,29.4,37.9,6047.0,0.33,92.01,87.14,85.22,0.0975,94.38,1.137,79.48,4.11,96.68
Huawei,us-east-1,Storage,32,128,100,2944,99.868,100,30.13,44.51,2069.95,0.376,96.98,95.62,89.94,0.0852,87.03,1.54,83.43,4.45,96.81
Huawei,us-east-1,AI,2,8,1000,798,99.822,99.42,28.1,38.35,683.87,0.272,91.16,86.32,88.23,0.0809,92.93,1.658,87.23,4.32,95.69
Huawei,us-east-1,AI,2,16,500,5679,99.857,99.55,28.19,40.09,4773.69,0.266,93.53,91.45,87.42,0.0748,92.96,1.52,88.85,4.5,96.38
Huawei,us-east-1,Kubernetes,32,64,100,4517,99.858,99.95,29.71,34.5,3184.65,0.379,91.61,91.46,87.96,0.1172,90.36,1.536,80.34,4.1,95.74
Huawei,us-east-1,Database,4,8,1000,6196,99.895,99.91,29.48,35.94,5019.53,0.226,89.89,84.94,87.51,0.071,81.32,1.031,80.23,4.09,95.43
Huawei,us-east-1,AI,2,16,50,1282,99.825,99.3,30.07,39.2,1002.54,0.256,95.31,92.89,83.71,0.0744,94.6,1.548,81.57,4.39,96.14
Huawei,us-east-1,Database,16,128,100,8928,99.875,99.55,34.3,42.83,7735.01,0.499,96.37,91.58,82.96,0.0843,85.74,1.064,78.95,4.01,96.16
Huawei,us-east-1,Database,4,8,500,2795,99.792,99.67,27.53,35.85,2154.09,0.311,93.43,91.84,87.85,0.0973,80.36,1.688,83.13,4.19,94.78
Huawei,us-east-1,Networking,16,32,100,2676,99.904,100,27.12,32.3,2232.0,0.196,94.25,94.03,85.98,0.0783,97.05,0.923,78.37,4.51,98.13
Huawei,us-east-1,AI,16,64,500,1743,99.765,99.98,29.06,39.92,1707.98,0.248,95.99,95.86,87.65,0.0866,92.4,2.216,67.78,4.46,95.41
Huawei,us-east-1,AI,2,16,2000,9509,99.841,100,19.89,25.53,7425.72,0.323,95.03,93.89,83.64,0.0884,94.71,1.682,76.45,4.6,96.45
Huawei,us-east-1,Networking,4,8,50,3710,99.797,100,25.38,37.64,3238.79,0.276,94.26,91.6,86.16,0.1017,95.37,1.709,79.11,4.51,96.4
Huawei,us-east-1,Database,32,128,250,4578,99.867,100,26.81,31.7,4481.04,0.36,92.89,91.74,84.1,0.0984,88.86,1.137,79.9,4.38,96.25
Huawei,us-east-1,Networking,8,64,500,3686,99.824,100,29.17,32.16,2819.5,0.062,95.77,95.2,81.37,0.0947,89.29,1.837,75.15,4.34,94.85
Huawei,us-east-1,Networking,32,128,500,5867,99.877,100,28.1,34.8,4891.62,0.33,93.18,92.03,82.91,0.103,87.1,1.306,80.67,4.22,95.51
Huawei,us-east-1,Storage,8,32,50,2105,99.893,100,35.52,47.01,1653.32,0.357,97.68,95.48,84.99,0.1148,95.3,1.219,89.01,4.03,97.45
Huawei,us-east-1,Storage,4,8,50,7556,99.882,100,36.33,48.4,7401.47,0.446,94.76,91.61,82.57,0.0794,84.07,0.96,70.69,4.09,95.77
Huawei,us-east-1,Compute,2,8,50,6869,99.892,99.39,24.3,36.04,5846.67,0.316,89.25,86.45,79.58,0.105,93.61,1.12,83.79,4.52,95.34
Huawei,us-east-1,Networking,2,4,100,8709,99.845,99.63,34.45,43.84,7379.01,0.351,92.78,89.69,86.47,0.1051,91.13,1.31,78.25,4.16,96.0
Huawei,us-east-1,Kubernetes,64,128,50,1439,99.915,100,23.65,35.8,1311.85,0.346,94.25,92.29,81.33,0.0703,97.64,0.783,71.32,4.41,97.94
Huawei,us-east-1,AI,16,64,2000,1916,99.915,99.46,28.56,40.64,1874.81,0.144,97.18,94.15,89.72,0.07,85.91,1.09,72.51,4.14,97.66
Huawei,us-east-1,AI,16,128,100,7186,99.856,100,28.34,32.77,5059.93,0.282,93.83,91.31,86.23,0.1209,80.64,1.361,75.16,4.45,95.36
Huawei,us-east-1,Database,2,4,2000,4480,99.843,99.4,26.95,31.72,4241.16,0.39,92.34,91.84,79.05,0.0756,84.64,1.518,78.51,4.22,93.98
Huawei,us-east-1,Networking,4,32,100,4002,99.868,100,26.94,37.02,2838.67,0.396,93.91,90.79,88.27,0.0791,80.42,1.302,79.14,4.52,95.87
Huawei,us-east-1,Kubernetes,64,128,50,1695,99.952,99.63,27.61,39.3,1189.2,0.249,91.44,88.05,86.47,0.0803,89.4,0.627,78.4,4.53,97.37
Huawei,us-east-1,Kubernetes,64,256,2000,6741,99.899,100,25.49,35.34,6274.03,0.276,94.81,90.52,86.47,0.0819,96.42,0.96,77.78,4.25,98.27
Huawei,us-east-1,Compute,8,64,100,2794,99.832,100,29.53,40.35,2630.94,0.305,97.43,96.45,84.14,0.0855,86.84,1.351,86.57,4.1,96.39
Huawei,us-east-1,Compute,32,256,250,5156,99.917,99.53,20.81,32.94,4352.11,0.41,97.29,92.91,89.49,0.1016,88.99,1.14,70.75,4.74,98.28
Huawei,us-west-2,Compute,16,128,1000,7872,99.952,99.72,26.68,34.98,7078.52,0.271,96.41,94.83,86.74,0.0991,98.52,0.613,79.68,4.49,99.51
Huawei,us-west-2,Database,16,32,50,3568,99.886,100,23.63,36.34,3042.31,0.366,98.22,97.17,86.14,0.0616,100,1.188,74.82,4.34,98.93
Huawei,us-west-2,Kubernetes,32,128,100,3611,99.855,99.53,36.9,48.8,3191.55,0.381,93.88,92.59,88.47,0.0787,90.87,1.23,81.22,4.23,96.55
Huawei,us-west-2,AI,16,64,500,7505,99.799,99.51,32.07,46.85,6102.12,0.282,94.09,93.95,84.73,0.0874,93.07,1.851,87.44,4.19,95.16
Huawei,us-west-2,Networking,4,32,1000,537,99.87,100,30.84,39.56,466.82,0.301,96.21,92.89,89.18,0.0918,97.62,1.422,70.23,4.3,97.86
Huawei,us-west-2,Kubernetes,64,128,500,7049,99.788,99.97,18.15,32.59,6317.85,0.243,91.96,89.21,87.6,0.0805,95.05,2.095,74.98,4.74,95.67
Huawei,us-west-2,Database,32,64,500,6122,99.784,99.46,24.13,32.28,5947.35,0.343,93.34,88.47,92.79,0.0787,85.13,2.199,79.17,4.38,95.12
Huawei,us-west-2,Kubernetes,16,64,100,4924,99.855,99.41,33.21,37.71,4216.81,0.347,92.11,87.61,86.83,0.0657,89.65,1.494,78.85,4.33,95.41
Huawei,us-west-2,Kubernetes,4,32,250,2932,99.881,100,28.14,41.52,2288.62,0.28,92.41,87.5,83.85,0.0808,84.11,1.031,81.47,4.21,95.76
Huawei,us-west-2,Database,32,256,100,815,99.875,100.0,27.83,32.31,735.14,0.305,94.57,90.37,86.25,0.082,84.6,1.021,77.93,4.5,96.68
Huawei,us-west-2,Networking,4,8,100,8334,99.853,99.64,28.61,42.69,7163.96,0.238,94.54,93.92,88.31,0.096,92.17,1.393,86.7,4.4,96.91
Huawei,us-west-2,Kubernetes,32,64,500,6473,99.793,99.61,31.0,40.96,5022.13,0.364,97.95,94.08,85.67,0.0933,92.08,1.998,85.12,4.38,95.78
Huawei,us-west-2,Database,8,32,500,3326,99.83,99.72,29.35,36.07,3059.09,0.372,89.46,85.7,87.01,0.0893,93.7,1.475,81.3,4.26,95.59
Huawei,us-west-2,Storage,8,32,50,6765,99.848,99.55,26.94,31.63,5380.5,0.196,94.97,93.35,86.35,0.0802,92.21,1.648,77.59,4.19,96.23
Huawei,us-west-2,Networking,16,32,500,2632,99.928,100,29.17,39.36,2146.68,0.416,94.03,92.05,89.93,0.0898,93.68,0.59,82.52,4.16,98.96
Huawei,us-west-2,AI,16,64,50,7453,99.868,99.84,28.34,34.72,7087.99,0.27,94.06,91.17,85.5,0.0991,91.82,1.351,81.82,4.28,96.47
Huawei,us-west-2,AI,2,16,2000,6469,99.93,100,31.84,41.13,4866.54,0.191,93.39,91.77,84.5,0.0923,87.72,0.639,75.18,4.09,97.09
Huawei,us-west-2,Storage,8,64,250,812,99.748,100,27.68,32.71,577.08,0.223,92.08,90.17,87.45,0.0777,83.78,2.026,86.56,4.49,94.12
Huawei,us-west-2,Compute,4,16,100,4875,99.831,99.74,35.4,39.71,4141.54,0.346,93.92,92.05,88.1,0.0992,93.94,1.735,73.41,4.18,95.86
Huawei,us-west-2,Networking,8,16,2000,8363,99.849,99.5,30.05,38.11,8140.4,0.228,96.29,92.16,84.16,0.1003,90.66,1.532,87.21,4.11,96.07
Huawei,us-west-2,Compute,2,8,50,8991,99.893,99.84,28.74,32.76,7159.69,0.349,93.14,91.81,83.64,0.0779,77.92,1.167,85.02,4.38,94.89
Huawei,us-west-2,Kubernetes,16,64,250,6531,99.875,100,28.05,30.3,6002.47,0.429,92.58,89.48,86.51,0.0723,82.53,1.419,80.19,4.21,95.24
Huawei,us-west-2,AI,2,16,250,9222,99.86,100,29.52,37.19,7497.33,0.251,91.75,91.43,86.99,0.0988,93.46,1.189,89.72,4.14,96.69
Huawei,us-west-2,AI,64,512,50,2967,99.852,99.84,30.3,34.28,2745.15,0.345,95.62,94.18,84.59,0.0838,89.01,1.445,67.61,4.37,96.05
Huawei,us-west-2,Compute,2,16,250,8941,99.91,100,29.44,38.59,8095.79,0.305,96.75,96.08,88.7,0.0857,91.88,0.742,83.13,4.45,98.81
Huawei,us-west-2,Networking,8,16,50,2294,99.894,99.93,30.6,44.77,1631.92,0.426,100,95.22,85.44,0.079,97.29,1.096,79.35,4.19,98.72
Huawei,us-west-2,AI,4,8,100,5038,99.825,99.46,26.86,36.97,4184.16,0.377,94.87,91.92,87.51,0.0855,88.97,1.874,83.45,4.5,95.56
Huawei,us-west-2,AI,4,8,50,5197,99.959,99.37,25.91,34.19,3753.32,0.074,92.99,88.63,92.5,0.0704,83.42,0.773,86.73,4.33,97.76
Huawei,us-west-2,Compute,64,512,2000,3830,99.958,100,32.75,38.84,3681.42,0.474,92.06,90.84,86.48,0.0812,97.44,0.453,83.99,4.04,98.5
Huawei,us-west-2,Compute,4,32,2000,9335,99.884,99.74,33.28,35.33,7898.52,0.266,95.25,90.29,85.87,0.0798,87.67,1.074,81.88,4.27,96.65
Huawei,us-west-2,Compute,32,64,50,1760,99.77,99.44,27.3,37.08,1261.98,0.298,95.09,94.35,81.8,0.095,97.88,2.156,85.13,4.22,95.01
Huawei,us-west-2,Compute,2,8,1000,664,99.922,99.81,27.28,36.75,643.79,0.313,91.99,91.83,85.29,0.1038,84.91,1.069,92.54,4.33,95.93
Huawei,us-west-2,Storage,16,64,250,1015,99.843,99.65,25.39,39.45,961.74,0.282,95.78,93.31,94.12,0.0956,96.13,1.282,69.66,4.44,98.91
Huawei,us-west-2,Database,64,512,1000,5523,99.868,100,31.74,34.96,4010.85,0.216,91.99,87.57,82.87,0.0753,93.32,1.092,87.07,4.36,96.16
Huawei,us-west-2,Compute,32,64,1000,4056,99.881,99.68,29.29,33.32,3174.3,0.421,90.56,87.44,84.62,0.1047,95.25,1.246,88.94,4.18,96.1
Huawei,us-west-2,AI,32,128,500,694,99.869,99.59,27.23,40.19,489.75,0.241,89.85,87.66,85.53,0.0645,93.88,1.282,74.7,4.2,95.97
Huawei,us-west-2,Networking,8,32,500,2805,99.84,99.9,27.94,34.01,2017.84,0.293,99.42,94.87,89.1,0.0699,87.82,1.51,74.16,4.28,97.43
Huawei,us-west-2,Compute,16,32,500,2890,99.833,99.9,33.42,43.38,2600.9,0.282,94.55,92.75,87.17,0.0939,92.08,1.448,87.84,3.96,96.39
Huawei,us-west-2,AI,4,32,1000,8735,99.904,99.33,34.87,39.7,6783.09,0.444,98.14,93.6,84.58,0.093,90.01,0.813,71.06,4.28,97.71
Huawei,us-west-2,AI,2,4,50,4257,99.851,99.58,21.48,31.4,3671.67,0.078,94.44,92.83,85.71,0.1027,97.23,1.653,79.04,4.38,96.83
Huawei,eu-west-1,Networking,16,64,100,3248,99.932,100,24.97,32.05,2316.59,0.289,97.69,95.97,89.02,0.0713,80.19,0.775,82.83,4.5,97.99
Huawei,eu-west-1,Storage,32,256,50,7561,99.768,99.94,29.26,36.59,5771.89,0.309,94.89,93.57,82.36,0.0993,86.38,2.002,76.49,4.35,94.14
Huawei,eu-west-1,AI,2,4,50,2326,99.97,99.97,28.57,41.6,2250.08,0.202,92.03,90.67,83.94,0.1099,100,0.33,100,4.37,98.84
Huawei,eu-west-1,AI,2,16,500,5754,99.89,100,34.24,36.37,4826.25,0.342,93.67,90.44,89.29,0.1029,85.57,1.213,69.65,4.21,96.33
Huawei,eu-west-1,Compute,4,16,100,6009,99.866,99.3,36.76,48.17,4491.02,0.18,93.44,92.75,84.93,0.0853,99.05,1.477,72.13,3.86,96.21
Huawei,eu-west-1,Compute,4,8,2000,9611,99.856,99.37,34.42,36.89,7010.75,0.343,95.57,92.72,83.4,0.0689,83.66,1.175,75.33,4.08,95.57
Huawei,eu-west-1,Networking,32,128,50,2091,99.816,99.31,30.64,40.02,1889.4,0.151,94.49,92.64,81.41,0.0889,94.0,1.932,89.51,4.09,94.7
Huawei,eu-west-1,Kubernetes,16,32,2000,3002,99.923,99.74,25.36,30.26,2162.98,0.083,91.54,89.27,89.07,0.0774,91.69,0.765,74.72,4.32,97.87
Huawei,eu-west-1,Networking,16,128,100,132,99.851,99.73,24.81,37.77,100,0.269,92.14,87.43,79.65,0.0648,83.78,1.279,82.1,4.62,94.61
Huawei,eu-west-1,Networking,32,256,250,6547,99.854,99.45,33.78,47.9,6323.65,0.291,96.38,92.73,90.19,0.1038,89.27,1.26,90.35,4.19,97.27
Huawei,eu-west-1,Storage,32,64,250,9301,99.84,99.61,31.15,46.15,7572.64,0.391,95.28,90.91,85.28,0.0946,95.32,1.337,76.95,4.23,96.89
Huawei,eu-west-1,Compute,4,32,2000,2480,99.861,99.73,28.26,42.89,1938.64,0.105,95.91,94.43,88.49,0.1132,87.49,1.309,77.56,4.15,96.95
Huawei,eu-west-1,Networking,64,128,1000,7926,99.822,100,25.17,39.11,5775.34,0.461,93.98,89.31,83.16,0.0894,92.06,1.698,70.75,4.6,95.55
Huawei,eu-west-1,Kubernetes,4,16,250,330,99.791,99.59,30.39,45.38,249.89,0.306,94.67,90.31,84.75,0.0969,90.38,1.794,80.0,4.39,95.22
Huawei,eu-west-1,AI,4,32,1000,1665,99.821,99.7,24.09,34.18,1603.01,0.279,95.08,94.02,82.89,0.0871,81.6,1.869,85.93,4.34,94.29
Huawei,eu-west-1,Database,64,256,500,1896,99.811,99.28,26.47,35.29,1837.59,0.296,92.11,88.32,82.08,0.0791,93.37,1.701,81.03,4.32,94.94
Huawei,eu-west-1,Compute,32,128,50,990,99.761,99.28,32.13,35.93,967.3,0.628,93.84,89.78,80.22,0.0768,87.28,1.949,75.29,4.14,93.53
Huawei,eu-west-1,Database,32,128,100,7615,99.887,100,35.99,46.06,6342.98,0.486,93.88,91.28,79.27,0.0722,95.3,1.179,83.19,4.16,95.8
Huawei,eu-west-1,Networking,8,64,250,1950,99.905,100,31.95,45.34,1434.15,0.187,95.23,91.85,89.85,0.0878,92.44,0.991,73.1,4.04,98.07
Huawei,eu-west-1,Networking,8,64,2000,2156,99.876,99.84,20.23,31.71,2086.1,0.16,92.8,89.21,85.54,0.0803,87.93,1.332,72.59,4.44,96.27
Huawei,eu-west-1,Database,32,64,500,8316,99.789,99.26,32.54,44.01,6190.9,0.309,89.0,86.06,87.13,0.1058,100,2.043,86.26,4.19,94.73
Huawei,eu-west-1,Kubernetes,16,128,250,3231,99.8,100,24.55,34.7,2897.55,0.35,95.08,91.31,85.53,0.0877,88.89,1.833,83.57,4.38,95.57
Huawei,eu-west-1,Kubernetes,16,32,50,1525,99.868,99.97,31.13,41.11,1153.81,0.249,92.58,90.29,83.1,0.079,100,1.19,84.95,4.12,96.85
Huawei,eu-west-1,Networking,16,64,250,7977,99.772,99.57,27.58,34.57,6270.91,0.145,94.6,94.49,87.72,0.0856,91.37,2.318,81.54,4.49,94.82
Huawei,eu-west-1,Networking,16,32,1000,5075,99.853,99.32,31.33,41.02,4586.21,0.321,93.84,91.83,85.75,0.074,96.05,1.213,86.28,4.08,96.95
Huawei,eu-west-1,Storage,8,64,50,3442,99.81,99.42,23.07,28.02,3066.85,0.268,92.33,89.17,87.47,0.0813,97.04,1.682,89.19,4.69,96.46
Huawei,eu-west-1,Storage,16,128,250,6474,99.976,100,25.9,34.61,5045.23,0.461,95.05,90.13,88.21,0.0834,83.81,0.668,68.51,4.58,97.88
Huawei,eu-west-1,Database,4,8,500,1167,99.913,99.44,29.95,44.2,916.81,0.294,91.69,90.1,82.91,0.067,89.09,0.749,78.69,4.27,96.4
Huawei,eu-west-1,Database,2,8,2000,6158,99.879,99.83,28.95,38.46,4883.03,0.366,95.73,95.25,85.59,0.0983,85.13,1.279,84.38,4.44,96.25
Huawei,eu-west-1,Kubernetes,64,128,250,3303,99.836,99.66,30.94,45.18,2611.12,0.276,95.19,94.5,85.36,0.0862,90.97,1.522,85.33,4.15,96.06
Huawei,eu-west-1,Kubernetes,32,256,100,6980,99.84,99.76,31.39,34.66,6559.37,0.445,91.18,86.93,83.16,0.0694,88.04,1.512,79.38,4.14,94.57
Huawei,eu-west-1,Storage,8,64,2000,9249,99.839,99.78,31.28,45.18,8061.67,0.169,94.82,91.42,79.47,0.0709,87.1,1.635,80.03,4.03,94.41
Huawei,eu-west-1,Storage,4,32,1000,7856,99.863,99.31,29.27,32.19,6050.56,0.252,93.79,89.31,89.18,0.0891,91.74,1.289,81.91,4.12,96.98
Huawei,eu-west-1,Database,64,512,1000,3892,99.838,99.94,34.66,37.07,3415.71,0.398,94.72,93.81,87.13,0.1094,91.05,1.404,86.16,4.08,96.35
Huawei,eu-west-1,AI,4,16,100,2307,99.862,100,25.76,30.07,1721.2,0.167,90.22,88.26,87.4,0.0858,94.76,1.431,81.55,4.26,96.26
Huawei,eu-west-1,Networking,2,16,100,8538,99.785,99.27,26.88,37.15,6140.66,0.349,93.27,91.39,81.89,0.0765,92.25,1.735,83.48,4.25,94.93
Huawei,eu-west-1,Compute,4,16,2000,7407,99.86,99.77,27.46,34.12,5751.01,0.342,92.01,88.35,84.39,0.0861,88.85,1.56,69.16,4.21,95.14
Huawei,eu-west-1,Compute,64,512,250,5348,99.877,99.37,29.79,38.31,4797.17,0.425,93.12,91.74,89.12,0.096,97.9,1.172,81.0,4.17,97.71
Huawei,eu-west-1,Networking,2,4,100,3522,99.904,100,30.46,39.02,2991.25,0.402,93.35,90.63,84.96,0.0825,93.6,0.852,89.1,4.15,97.39
Huawei,eu-west-1,AI,32,128,250,3118,99.899,100,26.11,32.61,2886.09,0.075,93.49,88.7,86.38,0.0681,86.12,0.881,82.56,4.58,97.03
Huawei,eu-central-1,Compute,2,16,50,7081,99.961,99.56,31.04,40.39,6876.0,0.377,94.69,92.52,90.1,0.1027,81.88,0.473,88.88,4.43,97.97
Huawei,eu-central-1,Database,4,16,250,9468,99.86,99.73,27.11,37.1,7025.65,0.375,93.52,89.94,86.18,0.073,91.04,1.377,77.38,4.53,96.37
Huawei,eu-central-1,Compute,8,32,100,3187,99.834,99.61,27.51,38.66,2602.16,0.427,93.64,91.09,82.4,0.0614,94.44,1.363,85.81,4.28,96.14
Huawei,eu-central-1,Networking,32,128,50,9968,99.853,100,20.03,34.89,7058.39,0.147,95.38,94.74,89.85,0.0664,90.39,1.353,85.43,4.75,97.74
Huawei,eu-central-1,AI,8,64,50,996,99.875,99.76,32.78,37.89,766.38,0.145,95.53,93.11,85.68,0.0667,88.73,0.999,74.92,4.15,96.97
Huawei,eu-central-1,Database,16,128,50,7061,99.89,99.72,28.36,42.68,5946.98,0.422,91.62,88.55,85.57,0.0988,81.16,0.883,82.33,4.13,95.81
Huawei,eu-central-1,AI,8,16,250,7440,99.903,100,29.6,37.31,5630.91,0.269,93.66,90.4,89.83,0.0526,88.59,1.218,86.31,4.46,96.97
Huawei,eu-central-1,Networking,4,32,100,5147,99.942,99.97,19.64,22.41,3955.01,0.081,98.07,97.02,86.27,0.0675,82.59,0.57,91.6,4.61,98.6
Huawei,eu-central-1,Compute,4,16,1000,3908,99.869,100,34.99,42.43,3798.38,0.369,92.9,92.65,84.48,0.1105,86.22,1.442,77.28,3.97,94.96
Huawei,eu-central-1,Networking,8,32,50,6720,99.827,99.47,27.36,36.62,5223.21,0.398,92.2,87.27,90.56,0.0851,97.19,1.616,78.83,4.32,96.86
Huawei,eu-central-1,Networking,4,32,100,4662,99.882,100,27.81,32.31,3882.34,0.347,94.15,90.19,87.89,0.0811,97.83,1.41,80.62,4.49,97.43
Huawei,eu-central-1,AI,32,256,100,7200,99.867,99.29,20.68,28.79,5886.37,0.104,92.61,91.45,84.35,0.1171,86.74,1.495,80.69,4.56,95.46
Huawei,eu-central-1,Database,32,128,100,5554,99.851,99.74,27.97,34.59,4238.06,0.226,93.52,88.77,83.01,0.0808,93.59,1.571,76.42,4.47,95.68
Huawei,eu-central-1,Networking,16,32,1000,6061,99.881,99.59,29.4,44.38,4579.3,0.392,94.88,90.26,90.28,0.0837,92.41,1.102,81.11,4.43,97.89
Huawei,eu-central-1,Storage,8,16,250,4275,99.841,99.52,30.04,38.53,3428.16,0.116,95.15,92.8,83.48,0.077,96.44,1.723,77.61,4.26,95.93
Huawei,eu-central-1,Compute,32,256,2000,8077,99.838,99.87,28.87,33.37,5950.52,0.207,95.32,94.7,85.94,0.0901,95.62,1.356,78.12,4.4,97.16
Huawei,eu-central-1,Database,64,128,2000,9595,99.768,99.43,25.92,28.78,8690.44,0.154,96.93,94.27,85.15,0.057,87.66,1.931,83.62,4.42,95.39
Huawei,eu-central-1,Networking,8,16,50,1089,99.839,99.46,34.55,38.66,838.49,0.556,94.78,89.93,90.02,0.0925,86.26,1.373,75.29,4.19,96.3
Huawei,eu-central-1,Database,64,512,250,660,99.896,99.45,27.05,37.55,568.82,0.3,92.9,88.41,89.32,0.11,88.39,1.314,75.92,4.37,96.56
Huawei,eu-central-1,Database,4,8,2000,6837,99.871,99.31,27.56,31.14,5337.0,0.27,93.32,92.65,91.06,0.1028,97.28,1.212,76.09,4.4,98.02
Huawei,eu-central-1,AI,8,64,1000,5640,99.936,99.59,28.5,40.35,5107.34,0.354,96.05,92.63,82.96,0.0683,87.63,0.54,79.75,4.2,97.72
Huawei,eu-central-1,Networking,8,16,2000,1818,99.941,99.45,34.6,43.53,1698.8,0.352,93.62,89.12,86.99,0.0744,78.81,0.575,83.22,3.96,96.5
Huawei,eu-central-1,Storage,16,64,100,5940,99.95,99.6,26.74,37.05,5113.77,0.308,92.24,89.06,90.36,0.0871,84.84,0.478,83.32,4.45,98.02
Huawei,eu-central-1,AI,64,512,50,127,99.978,99.63,28.59,37.7,100,0.409,93.23,93.18,81.13,0.0996,89.53,0.508,78.76,4.42,97.12
Huawei,eu-central-1,Kubernetes,2,4,1000,6334,99.832,100,30.94,41.03,6127.2,0.481,93.19,88.81,88.72,0.0719,91.95,1.817,95.04,4.28,95.7
Huawei,eu-central-1,Kubernetes,32,128,250,9396,99.847,99.71,25.16,38.31,7523.52,0.369,93.2,91.39,84.4,0.102,96.07,1.229,81.35,4.39,96.96
Huawei,eu-central-1,Kubernetes,4,32,2000,1032,99.943,99.79,22.7,27.43,770.26,0.152,91.67,89.59,84.23,0.083,85.66,0.522,82.51,4.39,97.17
Huawei,eu-central-1,Database,2,4,100,710,99.933,99.93,29.4,38.05,506.09,0.149,91.01,88.45,90.9,0.0934,90.99,0.601,80.36,4.28,98.14
Huawei,eu-central-1,Kubernetes,32,128,1000,8020,99.875,99.76,30.27,45.14,6402.74,0.09,93.7,92.76,84.36,0.0809,90.22,1.205,77.33,4.23,96.23
Huawei,eu-central-1,Storage,16,32,1000,741,99.886,99.48,33.14,42.64,544.12,0.542,93.8,93.36,83.4,0.1037,80.66,1.256,76.21,3.98,94.8
Huawei,eu-central-1,Database,64,512,250,7652,99.974,99.91,25.4,29.23,5828.11,0.309,94.2,93.83,86.52,0.0909,94.3,0.389,73.13,4.25,99.14
Huawei,eu-central-1,Kubernetes,8,64,2000,9376,99.861,99.32,33.66,42.7,7160.26,0.177,96.15,92.63,85.54,0.079,87.12,1.527,80.24,4.17,95.68
Huawei,eu-central-1,Database,8,32,2000,8730,99.872,99.45,27.54,31.22,8143.34,0.365,93.32,92.99,85.15,0.0849,83.44,1.194,85.44,4.49,95.69
Huawei,eu-central-1,Compute,2,4,100,932,99.797,100,27.33,40.63,774.01,0.323,96.35,93.98,90.64,0.0853,100,1.653,84.42,4.2,98.04
Huawei,eu-central-1,AI,64,256,1000,3530,99.847,100,27.01,39.73,2665.82,0.305,95.48,94.13,84.85,0.0963,85.81,1.49,76.27,4.29,95.83
Huawei,eu-central-1,AI,32,64,100,6525,99.911,100,32.83,46.68,5752.93,0.426,94.52,91.57,84.67,0.0961,89.45,0.715,65.63,4.16,97.32
Huawei,eu-central-1,AI,32,64,2000,6486,99.837,99.44,23.92,33.53,5167.46,0.281,93.59,91.35,84.2,0.0891,96.37,1.748,84.56,4.35,95.97
Huawei,eu-central-1,Database,64,256,2000,3447,99.823,99.82,28.06,39.76,2788.18,0.47,94.06,91.77,88.97,0.0764,86.93,1.692,75.05,4.4,95.78
Huawei,eu-central-1,Storage,32,256,1000,8436,99.942,100,35.17,40.99,6058.94,0.328,94.97,90.29,82.63,0.0919,89.3,0.515,77.29,4.2,97.38
Huawei,eu-central-1,Compute,32,256,100,1900,99.844,99.91,30.46,43.12,1354.94,0.31,93.3,89.99,87.64,0.102,90.09,1.398,86.05,4.31,96.26
Huawei,ap-south-1,Storage,4,8,500,4974,99.857,100,31.0,40.98,4316.59,0.266,95.9,93.51,84.51,0.0921,90.6,1.23,87.45,4.2,96.71
Huawei,ap-south-1,Storage,64,128,500,4066,99.871,99.42,28.75,40.54,3948.85,0.399,96.62,92.69,87.18,0.0718,92.9,1.346,71.82,4.35,97.31
Huawei,ap-south-1,Networking,64,256,2000,8102,99.822,99.27,25.84,30.31,7169.65,0.292,91.78,87.65,84.5,0.0682,77.23,1.835,78.13,4.33,93.3
Huawei,ap-south-1,AI,8,32,100,1407,99.911,99.47,28.69,33.42,993.38,0.308,93.66,92.24,87.17,0.0832,89.95,0.734,81.28,4.15,97.68
Huawei,ap-south-1,Compute,2,4,2000,8501,99.838,99.92,27.4,38.0,6472.44,0.345,94.81,91.07,85.11,0.0844,97.06,1.673,66.39,4.48,96.49
Huawei,ap-south-1,Compute,64,256,100,7884,99.807,99.26,31.95,35.91,6266.26,0.375,95.51,91.19,83.02,0.0974,86.54,1.885,83.14,4.37,94.4
Huawei,ap-south-1,Database,16,128,50,2099,99.931,99.59,22.46,28.14,2045.91,0.223,93.77,90.36,83.02,0.0911,89.99,0.719,82.88,4.61,97.44
Huawei,ap-south-1,Storage,2,8,50,9872,99.852,100,32.83,37.66,7594.33,0.192,90.42,86.31,86.92,0.0977,91.65,1.44,81.74,4.07,95.5
Huawei,ap-south-1,Storage,64,256,500,7300,99.906,100,24.43,39.25,6271.56,0.106,94.35,93.75,90.38,0.1049,84.21,0.929,76.98,4.62,97.63
Huawei,ap-south-1,Compute,2,8,250,5836,99.909,100,28.93,40.7,5026.8,0.289,94.96,92.94,86.16,0.0875,98.09,0.963,78.62,4.19,98.24
Huawei,ap-south-1,AI,2,16,100,1173,99.844,100,25.66,33.19,837.5,0.188,93.71,90.85,82.24,0.0943,87.38,1.309,65.98,4.27,95.66
Huawei,ap-south-1,Kubernetes,16,64,1000,513,99.893,99.73,33.88,43.61,387.02,0.272,95.33,93.5,86.86,0.0794,84.69,0.967,73.35,4.16,96.7
Huawei,ap-south-1,AI,2,8,500,1856,99.848,100,32.72,36.7,1570.3,0.299,94.49,93.32,83.87,0.0855,83.46,1.571,82.57,4.01,94.74
Huawei,ap-south-1,Compute,32,128,50,9708,99.812,99.35,24.83,29.38,8549.64,0.285,93.64,92.23,87.7,0.0914,90.42,1.803,90.78,4.5,95.72
Huawei,ap-south-1,AI,16,32,1000,1907,99.94,99.5,30.84,35.51,1772.77,0.381,93.51,91.8,85.66,0.0753,95.56,0.796,66.44,4.09,97.77
Huawei,ap-south-1,Compute,32,256,2000,6629,99.881,100,20.82,27.86,5074.57,0.252,95.08,90.36,86.52,0.0866,95.42,1.174,71.39,4.56,98.02
Huawei,ap-south-1,Networking,16,32,250,3849,99.879,100,29.4,37.23,3697.87,0.255,89.85,86.06,83.45,0.0769,98.1,1.076,84.64,4.3,96.47
Huawei,ap-south-1,Storage,32,256,500,1095,99.907,100,30.98,41.63,978.96,0.297,93.61,88.81,87.68,0.1006,88.98,1.214,75.4,4.08,96.6
Huawei,ap-south-1,Kubernetes,2,4,2000,5361,99.852,100,25.1,27.78,4576.58,0.08,93.75,90.17,85.19,0.0802,94.29,1.469,82.04,4.59,96.56
Huawei,ap-south-1,Kubernetes,16,64,500,1396,99.915,99.46,35.01,38.01,1082.29,0.306,94.02,90.95,84.13,0.0882,90.32,0.713,77.96,4.12,97.03
Huawei,ap-south-1,Storage,16,32,50,6808,99.818,99.65,23.58,29.2,5054.11,0.413,95.2,91.39,91.33,0.0905,84.13,1.923,79.94,4.65,95.82
Huawei,ap-south-1,Database,4,32,100,5942,99.92,99.43,33.46,41.23,5281.21,0.233,90.05,87.48,89.46,0.0637,93.62,0.807,86.01,4.34,97.26
Huawei,ap-south-1,Database,16,64,2000,5286,99.849,100,31.46,42.82,4809.68,0.313,95.02,92.73,89.44,0.0887,87.78,1.309,79.21,4.16,96.81
Huawei,ap-south-1,Kubernetes,32,256,100,3822,99.826,99.24,33.67,38.93,2863.86,0.4,96.1,93.37,89.33,0.0826,95.55,1.839,79.92,4.19,96.48
Huawei,ap-south-1,Storage,32,64,2000,2101,99.812,99.84,27.63,38.54,1816.54,0.279,93.53,92.58,88.06,0.0816,81.52,1.928,86.58,4.27,94.48
Huawei,ap-south-1,Storage,32,128,50,3673,99.872,99.84,25.88,33.91,2634.97,0.12,96.21,91.83,90.53,0.0705,84.01,1.028,82.83,4.42,97.7
Huawei,ap-south-1,AI,4,32,100,5452,99.959,100,34.32,47.26,3895.57,0.296,95.88,91.58,86.85,0.0631,90.77,0.477,80.65,4.06,98.52
Huawei,ap-south-1,AI,64,512,1000,3942,99.871,99.43,31.64,42.2,3251.41,0.249,92.24,87.73,85.73,0.0682,89.32,1.192,72.48,4.04,95.96
Huawei,ap-south-1,Storage,64,256,1000,8353,99.983,100,33.1,35.97,7101.31,0.27,91.97,91.31,89.71,0.0971,90.38,0.307,81.63,4.35,98.54
Huawei,ap-south-1,Kubernetes,16,64,500,725,99.859,99.37,33.8,43.94,519.66,0.4,96.24,91.38,82.82,0.0976,87.23,1.609,83.15,4.09,95.11
Huawei,ap-south-1,AI,16,32,100,7560,99.802,99.66,29.39,41.53,7160.95,0.064,96.9,95.9,85.55,0.0624,96.26,1.974,88.58,4.25,96.13
Huawei,ap-south-1,Storage,2,16,500,9845,99.86,99.33,28.67,36.49,7805.96,0.117,90.76,88.32,83.22,0.1036,89.79,1.166,80.86,4.18,95.49
Huawei,ap-south-1,Kubernetes,8,32,500,8625,99.831,99.98,44.05,47.57,6059.85,0.472,91.89,88.69,87.29,0.0826,89.77,1.762,73.98,3.99,94.4
Huawei,ap-south-1,AI,2,16,250,1407,99.846,99.5,24.08,27.23,1372.59,0.07,92.72,89.41,86.13,0.0783,95.01,1.437,78.68,4.51,96.6
Huawei,ap-south-1,Compute,64,128,2000,735,99.916,100,28.35,34.17,664.69,0.249,90.14,86.94,88.66,0.1102,85.45,1.096,82.15,4.5,96.04
Huawei,ap-south-1,Storage,16,128,1000,9653,99.949,99.8,24.52,29.44,7487.63,0.213,96.71,95.87,86.64,0.109,79.02,0.741,77.24,4.52,97.36
Huawei,ap-south-1,Storage,64,128,1000,6250,99.925,100,33.75,46.7,5413.29,0.516,95.86,94.27,88.87,0.093,86.67,0.931,73.42,4.0,97.47
Huawei,ap-south-1,Database,64,128,500,3369,99.967,99.71,23.45,26.89,3255.43,0.53,96.02,91.85,93.49,0.0986,100,0.541,85.55,4.65,100
Huawei,ap-south-1,Compute,4,16,2000,5354,99.913,99.96,29.27,33.58,5156.52,0.199,97.74,93.34,85.37,0.0756,85.95,1.069,75.35,4.17,97.18
Huawei,ap-south-1,Compute,8,32,250,478,99.921,99.43,30.64,33.72,410.75,0.239,95.64,92.53,84.44,0.0765,96.72,0.799,77.78,4.3,98.14
Huawei,ap-southeast-1,Compute,16,64,100,258,99.922,99.34,37.73,50.01,181.09,0.23,94.24,93.56,88.31,0.0962,91.49,0.952,79.17,4.1,97.2
Huawei,ap-southeast-1,Kubernetes,8,16,1000,4951,99.826,99.25,28.98,34.82,4841.1,0.324,93.18,92.91,89.28,0.1105,88.17,1.399,75.95,4.28,96.26
Huawei,ap-southeast-1,Networking,8,16,50,9430,99.877,99.84,32.89,36.18,7386.81,0.284,97.09,96.41,83.82,0.0934,96.89,1.044,74.96,4.16,97.78
Huawei,ap-southeast-1,AI,8,32,50,7803,99.935,99.91,24.67,32.61,5759.25,0.113,92.87,91.8,85.47,0.0858,87.47,0.806,73.07,4.59,97.12
Huawei,ap-southeast-1,Kubernetes,32,64,50,7429,99.857,100,30.43,32.85,6194.27,0.271,98.15,94.13,91.72,0.0867,89.74,1.47,74.38,4.38,97.75
Huawei,ap-southeast-1,Database,8,64,50,6937,99.847,99.92,28.27,41.49,4906.29,0.288,95.94,92.29,86.59,0.0928,94.67,1.55,74.89,4.28,96.93
Huawei,ap-southeast-1,Kubernetes,8,16,1000,8952,99.828,99.24,27.75,41.66,6293.34,0.297,97.93,95.15,84.31,0.0723,91.69,1.666,75.62,4.31,96.34
Huawei,ap-southeast-1,Kubernetes,2,16,2000,4769,99.855,100,29.65,35.62,4381.87,0.101,96.76,95.6,86.02,0.0616,94.99,1.228,93.36,4.13,97.66
Huawei,ap-southeast-1,AI,16,128,100,5842,99.896,99.62,31.16,45.06,4245.61,0.323,94.67,92.89,82.62,0.0922,83.38,1.185,75.08,4.11,95.43
Huawei,ap-southeast-1,Storage,4,16,50,7236,99.935,99.46,25.7,28.1,5576.72,0.306,92.98,91.72,89.64,0.0888,86.92,0.968,76.82,4.3,97.28
Huawei,ap-southeast-1,Networking,4,8,50,2467,99.878,100,35.58,45.83,2343.51,0.428,95.53,92.86,86.11,0.0663,94.5,1.303,82.54,3.88,96.9
Huawei,ap-southeast-1,Storage,16,32,50,5869,99.904,99.96,32.22,37.95,5358.53,0.509,94.72,91.8,87.09,0.0886,85.4,1.21,70.86,4.21,96.3
Huawei,ap-southeast-1,Compute,4,8,1000,6536,99.896,99.77,34.34,38.23,5436.31,0.487,90.95,86.68,83.77,0.074,100,1.056,84.54,4.06,96.7
Huawei,ap-southeast-1,AI,64,256,2000,3761,99.853,99.86,30.05,41.65,3649.85,0.248,98.67,95.99,91.45,0.1119,94.04,1.455,95.33,4.26,98.3
Huawei,ap-southeast-1,AI,32,64,500,5005,99.837,99.41,34.64,43.09,4503.91,0.366,98.55,93.97,81.76,0.1156,91.74,1.307,83.55,4.0,96.5
Huawei,ap-southeast-1,Storage,16,64,50,1225,99.817,99.88,32.41,41.59,1025.83,0.281,93.46,88.71,84.17,0.0836,82.68,1.58,88.59,4.15,94.46
Huawei,ap-southeast-1,Database,16,128,250,7480,99.925,99.68,31.23,34.17,6486.86,0.399,94.81,93.07,89.48,0.0898,90.51,0.619,90.08,4.12,98.49
Huawei,ap-southeast-1,Kubernetes,32,128,50,3713,99.887,99.9,27.97,36.26,3531.55,0.43,97.0,93.15,89.17,0.1063,85.18,1.206,80.29,4.45,97.31
Huawei,ap-southeast-1,AI,4,16,100,3357,99.914,100,29.55,40.49,2767.9,0.428,92.08,90.05,91.55,0.1189,91.17,1.037,80.58,4.19,97.57
Huawei,ap-southeast-1,Storage,8,16,2000,1759,99.92,99.57,27.43,32.21,1413.26,0.09,93.0,92.07,81.9,0.0683,84.74,0.774,78.93,4.32,96.16
Huawei,ap-southeast-1,Compute,8,16,500,9682,99.878,99.62,24.95,29.68,9153.8,0.22,97.23,92.25,88.37,0.0634,84.66,1.101,88.77,4.39,97.51
Huawei,ap-southeast-1,Compute,2,16,100,7529,99.768,99.48,29.5,41.31,6432.42,0.382,93.57,91.12,85.81,0.0646,89.75,2.058,76.74,4.3,94.56
Huawei,ap-southeast-1,Kubernetes,2,8,50,7604,99.819,99.51,28.67,34.61,6071.45,0.322,94.47,92.4,84.49,0.0951,93.71,1.516,81.95,4.14,96.16
Huawei,ap-southeast-1,AI,8,32,1000,7154,99.951,100,27.23,32.2,5707.0,0.332,93.38,91.17,86.99,0.0771,100,0.54,79.91,4.28,99.23
Huawei,ap-southeast-1,Database,16,64,2000,4159,99.768,99.65,31.84,44.75,3409.12,0.422,96.32,92.45,92.78,0.049,89.45,2.332,77.17,4.3,95.54
Huawei,ap-southeast-1,Storage,32,128,50,6586,99.897,99.73,20.18,34.43,5713.47,0.177,94.78,91.47,87.03,0.083,89.12,1.292,90.61,4.72,97.12
Huawei,ap-southeast-1,Kubernetes,16,128,1000,2139,99.835,99.47,26.02,31.48,1652.06,0.096,95.23,94.23,84.44,0.1085,88.29,1.559,74.81,4.54,95.79
Huawei,ap-southeast-1,Compute,32,128,2000,2669,99.848,99.7,25.48,28.65,2500.59,0.308,95.28,91.09,84.27,0.0858,89.36,1.377,85.13,4.5,96.34
Huawei,ap-southeast-1,Database,4,8,50,1312,99.871,99.58,28.12,37.19,1099.76,0.078,94.42,91.21,86.52,0.0857,100,1.119,86.15,4.48,98.03
Huawei,ap-southeast-1,Kubernetes,32,256,250,9670,99.951,99.52,27.18,29.22,8849.07,0.187,94.89,94.18,85.88,0.0922,85.86,0.444,92.62,4.39,98.02
Huawei,ap-southeast-1,Compute,16,128,500,1761,99.833,99.86,26.4,35.12,1724.65,0.247,94.17,91.98,87.95,0.1024,91.47,1.567,78.07,4.19,96.48
Huawei,ap-southeast-1,Storage,2,8,500,7601,99.887,100,32.57,46.31,5822.6,0.291,90.63,88.24,86.66,0.0874,91.02,0.946,79.02,4.2,96.5
Huawei,ap-southeast-1,AI,2,16,1000,3331,99.817,100,36.53,44.43,2398.7,0.504,91.49,89.49,86.02,0.0923,99.8,1.876,84.62,4.11,95.32
Huawei,ap-southeast-1,Storage,16,32,50,2275,99.884,99.32,24.3,27.59,2219.48,0.18,94.96,92.87,86.5,0.0886,92.27,1.424,84.0,4.62,96.84
Huawei,ap-southeast-1,AI,8,64,2000,2361,99.906,99.97,25.72,33.04,2020.62,0.412,92.72,89.93,87.36,0.1077,89.33,0.77,78.05,4.46,97.61
Huawei,ap-southeast-1,Storage,8,16,1000,4385,99.867,99.59,32.24,36.4,3831.23,0.302,93.61,92.62,82.54,0.0975,81.47,1.15,73.56,4.04,94.99
Huawei,ap-southeast-1,Database,32,256,100,3206,99.858,99.44,30.84,44.58,2484.18,0.276,94.24,91.33,85.22,0.0856,96.24,1.414,71.72,4.22,96.59
Huawei,ap-southeast-1,Kubernetes,16,128,500,9419,99.813,99.73,33.09,45.97,8444.44,0.199,90.45,86.8,86.88,0.0678,88.05,1.681,79.44,3.97,94.55
Huawei,ap-southeast-1,Compute,8,16,50,6340,99.891,99.81,26.77,35.96,5659.6,0.184,93.94,89.34,83.32,0.0975,70.77,1.278,83.8,4.53,94.12
Huawei,ap-southeast-1,Storage,32,128,100,6246,99.893,100,28.04,34.8,4380.6,0.406,88.91,85.73,90.96,0.0846,83.2,0.978,70.84,4.44,96.17
Huawei,sa-east-1,Networking,16,32,2000,7432,99.874,100,37.99,50.73,7105.55,0.423,93.81,93.09,88.73,0.0854,88.73,1.226,82.22,3.93,96.38
Huawei,sa-east-1,Storage,64,512,100,6709,99.892,99.86,28.69,38.6,6485.23,0.053,93.35,91.47,84.26,0.0974,90.68,1.028,80.3,4.46,96.67
Huawei,sa-east-1,Storage,16,64,2000,4035,99.833,99.4,31.15,42.91,3113.26,0.341,93.0,92.55,85.72,0.0811,90.37,1.83,81.86,4.24,94.89
Huawei,sa-east-1,Storage,2,8,100,1201,99.796,100,29.43,44.4,1051.38,0.151,93.2,88.27,82.03,0.0903,86.85,1.918,89.42,4.27,93.97
Huawei,sa-east-1,Kubernetes,8,32,500,9692,99.905,100,35.41,40.76,7824.71,0.385,90.61,88.49,82.96,0.0955,84.4,1.054,76.96,4.28,94.85
Huawei,sa-east-1,Kubernetes,8,16,2000,6411,99.84,99.29,30.28,39.14,6151.16,0.259,97.72,94.51,84.69,0.0632,90.54,1.783,81.57,4.17,95.87
Huawei,sa-east-1,AI,2,16,2000,3302,99.887,99.54,29.64,33.11,2930.21,0.269,94.51,91.77,83.89,0.0878,96.17,1.024,84.86,4.22,97.34
Huawei,sa-east-1,Networking,16,64,50,5614,99.917,99.54,34.76,41.29,5000.61,0.248,94.28,90.73,84.8,0.1048,85.14,1.143,86.09,4.22,95.76
Huawei,sa-east-1,Storage,64,128,1000,364,99.888,99.87,27.75,32.7,286.3,0.213,96.6,95.46,87.57,0.0972,93.76,0.905,77.81,4.15,98.51
Huawei,sa-east-1,Networking,64,128,2000,7040,99.81,99.54,34.72,43.29,4953.73,0.403,92.61,90.68,89.27,0.084,89.26,1.844,81.46,3.96,95.05
Huawei,sa-east-1,Kubernetes,2,4,500,7730,99.977,99.76,24.9,29.53,6656.26,0.435,93.85,89.85,88.54,0.0931,85.11,0.388,77.34,4.37,98.42
Huawei,sa-east-1,Networking,8,32,100,6860,99.836,100,29.26,43.2,6432.86,0.416,96.05,94.35,85.57,0.1028,96.96,1.535,81.99,4.27,97.02
Huawei,sa-east-1,Storage,16,128,50,7385,99.891,99.69,35.24,50.18,6506.88,0.44,90.99,89.97,88.64,0.0795,89.51,1.236,86.25,3.94,95.93
Huawei,sa-east-1,Kubernetes,64,256,1000,9805,99.868,99.63,26.01,28.39,8825.66,0.355,88.88,87.76,89.17,0.0747,89.8,1.259,82.79,4.47,96.03
Huawei,sa-east-1,Compute,8,16,1000,8932,99.914,99.95,27.38,34.54,7878.18,0.435,95.57,93.4,83.66,0.0911,90.41,0.693,89.68,4.51,97.81
Huawei,sa-east-1,Networking,2,16,2000,5696,99.94,100,29.11,34.64,5257.63,0.29,92.02,89.75,84.17,0.0764,91.62,0.69,83.28,4.4,97.2
Huawei,sa-east-1,Kubernetes,8,32,50,6149,99.915,99.94,23.58,35.92,4708.85,0.172,95.05,92.11,86.05,0.0816,93.58,1.18,75.44,4.32,97.58
Huawei,sa-east-1,AI,8,32,250,1568,99.833,99.89,27.49,39.16,1396.7,0.226,95.33,92.11,87.47,0.0857,90.62,1.733,67.13,4.28,96.16
Huawei,sa-east-1,Storage,16,128,1000,5063,99.95,100,33.99,45.16,4244.19,0.275,90.12,87.61,86.91,0.0825,86.79,0.465,68.29,4.29,96.94
Huawei,sa-east-1,Database,64,512,50,2591,99.862,99.96,29.92,40.91,2287.58,0.32,95.17,93.09,82.12,0.0928,90.56,1.365,86.57,4.4,95.94
Huawei,sa-east-1,Networking,4,16,500,8212,99.833,99.88,24.57,30.85,7943.6,0.333,92.19,90.95,83.58,0.0818,91.94,1.352,86.18,4.44,95.98
Huawei,sa-east-1,Database,64,512,2000,8624,99.837,99.47,24.02,31.26,7086.1,0.283,93.51,92.71,88.87,0.0829,100,1.554,83.79,4.27,97.48
Huawei,sa-east-1,Networking,8,32,500,1220,99.924,99.77,31.81,38.59,1113.01,0.263,95.23,91.11,89.68,0.0894,83.1,0.977,88.29,4.3,97.06
Huawei,sa-east-1,AI,8,64,2000,1264,99.849,99.32,30.98,41.91,1237.97,0.3,96.14,92.38,91.89,0.0804,86.77,1.532,81.62,4.1,96.77
Huawei,sa-east-1,Database,2,16,500,7853,99.885,100,25.83,29.24,6779.51,0.344,94.93,94.62,84.47,0.0856,88.8,1.414,67.76,4.58,96.2
Huawei,sa-east-1,AI,64,128,2000,7060,99.828,99.73,42.71,57.33,5043.78,0.213,93.74,89.73,83.86,0.1032,92.24,1.517,83.27,3.65,95.05
Huawei,sa-east-1,Networking,8,16,1000,9017,99.956,100,32.52,45.06,8686.36,0.171,94.83,91.1,88.09,0.1066,93.38,0.652,76.74,4.18,98.5
Huawei,sa-east-1,AI,32,128,1000,1878,99.873,99.48,18.17,30.2,1422.99,0.05,92.3,88.4,86.02,0.0843,94.7,1.13,73.07,4.82,97.43
Huawei,sa-east-1,Kubernetes,8,32,2000,7294,99.875,99.79,24.76,36.52,6916.52,0.121,95.2,92.92,82.73,0.0903,96.56,1.311,74.71,4.38,97.03
Huawei,sa-east-1,Kubernetes,8,64,50,3208,99.939,99.96,32.65,47.07,2621.31,0.197,92.55,90.39,88.03,0.0699,81.53,0.54,83.46,4.0,96.98
Huawei,sa-east-1,Storage,64,128,500,2314,99.853,100,32.27,44.3,1934.95,0.215,96.55,93.91,83.67,0.0668,92.87,1.422,75.64,4.23,96.48
Huawei,sa-east-1,Networking,32,256,500,593,99.913,99.57,28.63,40.25,460.21,0.474,91.17,90.79,90.85,0.0783,91.89,0.983,76.32,4.37,97.44
Huawei,sa-east-1,Storage,32,128,50,4415,99.937,100,30.33,44.26,4150.59,0.221,94.53,92.63,86.74,0.1162,87.57,0.645,74.2,4.07,97.74
Huawei,sa-east-1,Kubernetes,32,64,100,2309,99.921,100,28.85,35.08,2068.9,0.342,95.55,93.87,90.09,0.0809,93.61,0.86,78.63,4.33,98.74
Huawei,sa-east-1,Networking,32,64,500,4321,99.838,99.59,27.75,31.91,3881.92,0.252,93.24,89.23,90.24,0.0591,88.73,1.649,82.66,4.52,96.07
Huawei,sa-east-1,Kubernetes,16,128,1000,8040,99.958,100,27.3,37.79,5638.19,0.355,92.84,91.61,88.98,0.0843,94.23,0.352,81.17,4.33,99.22
Huawei,sa-east-1,Database,4,32,100,7362,99.933,100,32.0,43.83,6692.32,0.262,94.01,91.17,85.34,0.0905,91.0,0.923,76.45,4.02,97.09
Huawei,sa-east-1,Kubernetes,2,8,500,4234,99.776,99.39,27.11,40.55,3592.05,0.272,94.75,94.7,84.83,0.0824,87.84,2.236,81.41,4.16,94.19
Huawei,sa-east-1,Compute,4,8,500,7699,99.841,99.71,36.84,46.7,7131.6,0.425,93.79,90.38,88.99,0.1046,95.68,1.594,79.16,4.04,96.38
Huawei,sa-east-1,Kubernetes,8,16,2000,6363,99.862,99.64,30.21,39.65,5044.76,0.462,97.25,95.04,86.24,0.0809,96.5,1.289,83.75,4.14,97.74
Huawei,me-central-1,Compute,8,16,2000,4530,99.94,99.48,30.29,36.14,3963.84,0.329,91.11,89.94,89.64,0.0878,88.0,0.667,82.2,4.09,97.4
Huawei,me-central-1,Storage,2,16,100,2443,99.957,100,26.03,31.37,1792.0,0.252,88.34,85.18,88.07,0.1028,93.88,0.692,80.08,4.29,97.44
Huawei,me-central-1,Kubernetes,8,64,1000,4721,99.834,99.92,33.43,42.26,4193.86,0.215,92.1,88.35,88.27,0.1023,80.58,1.431,87.42,4.31,94.88
Huawei,me-central-1,Compute,64,256,2000,6611,99.844,100,25.14,38.68,5861.32,0.233,92.24,88.89,76.5,0.1035,94.16,1.426,83.6,4.56,94.94
Huawei,me-central-1,Networking,16,128,2000,9610,99.919,99.76,26.38,41.08,8033.98,0.443,89.63,87.38,87.14,0.0802,89.61,0.939,77.29,4.37,96.53
Huawei,me-central-1,Storage,2,16,2000,4347,99.93,99.59,23.88,27.03,3514.19,0.245,94.76,94.1,90.95,0.0727,85.53,1.029,69.84,4.63,97.7
Huawei,me-central-1,AI,64,128,1000,6894,99.856,99.67,26.68,37.01,6106.77,0.264,93.9,93.16,87.52,0.0749,96.53,1.444,79.37,4.54,97.11
Huawei,me-central-1,Compute,8,64,1000,1010,99.873,100,28.62,39.02,890.65,0.404,93.14,93.08,88.32,0.0935,83.14,1.067,84.68,4.27,96.42
Huawei,me-central-1,Database,2,16,2000,4974,99.868,99.46,25.46,37.5,4484.37,0.184,92.1,89.68,86.34,0.0926,93.03,1.315,85.95,4.48,96.48
Huawei,me-central-1,Networking,8,32,100,3087,99.831,99.86,22.08,29.7,2409.99,0.315,93.19,91.58,86.12,0.0721,91.08,1.549,83.52,4.42,96.21
Huawei,me-central-1,Kubernetes,4,8,500,7840,99.91,99.61,36.05,41.0,6446.54,0.479,93.96,93.43,84.29,0.099,84.85,1.057,72.38,4.19,95.71
Huawei,me-central-1,Kubernetes,8,16,50,7374,99.811,99.93,32.67,37.95,6526.85,0.182,96.83,93.23,89.88,0.093,90.57,1.512,71.31,4.12,97.04
Huawei,me-central-1,Database,32,256,2000,6091,99.894,99.68,33.86,47.59,4303.75,0.393,99.84,96.49,85.59,0.0587,95.1,1.307,76.24,4.03,97.83
Huawei,me-central-1,Database,16,32,100,4979,99.872,99.51,26.94,35.64,3567.87,0.563,95.32,92.16,84.39,0.1075,81.01,1.437,90.31,4.28,95.26
Huawei,me-central-1,Kubernetes,64,512,100,6323,99.917,100,30.49,36.59,4489.48,0.457,94.34,90.45,84.4,0.093,84.57,0.893,81.25,4.25,96.48
Huawei,me-central-1,Kubernetes,16,64,500,5085,99.881,99.78,27.77,30.64,4382.7,0.326,92.29,87.99,90.47,0.0857,82.34,1.051,82.97,4.2,96.54
Huawei,me-central-1,Database,4,8,500,1443,99.806,99.7,27.45,41.07,1403.88,0.188,93.22,92.5,91.84,0.0809,92.25,1.91,71.69,4.35,96.17
Huawei,me-central-1,Networking,64,128,2000,5085,99.9,99.71,25.91,29.97,4708.97,0.205,90.51,87.54,82.82,0.0821,90.64,1.206,73.74,4.41,95.59
Huawei,me-central-1,Storage,16,64,50,8602,99.95,100,35.3,44.83,6146.52,0.465,93.25,88.77,83.01,0.0909,87.0,0.475,80.88,4.0,96.92
Huawei,me-central-1,Kubernetes,32,128,1000,8466,99.989,100,29.27,40.99,6099.45,0.302,91.87,90.65,82.55,0.0961,87.7,0.107,73.92,4.46,97.73
Huawei,me-central-1,Compute,8,16,500,6455,99.999,99.94,28.24,32.49,4956.48,0.169,94.81,93.66,82.63,0.0771,89.41,0.159,75.19,4.4,98.48
Huawei,me-central-1,AI,8,16,50,9118,99.899,99.41,27.8,30.28,8491.3,0.293,90.57,88.12,79.91,0.1053,94.08,0.859,93.4,4.32,96.09
Huawei,me-central-1,Networking,32,256,2000,3114,99.882,99.55,28.09,36.66,2318.6,0.323,92.78,91.8,83.82,0.1038,92.99,0.978,74.12,4.36,96.81
Huawei,me-central-1,Kubernetes,4,32,250,391,99.807,99.51,27.83,40.83,287.96,0.22,96.0,94.15,89.11,0.0701,87.08,1.902,83.91,4.2,95.74
Huawei,me-central-1,Compute,64,128,50,9781,99.912,100,33.73,43.73,8115.56,0.25,94.03,89.38,83.76,0.0802,92.53,0.892,75.76,4.0,96.98
Huawei,me-central-1,Storage,32,128,50,6920,99.846,99.8,33.52,44.37,6725.31,0.269,95.62,94.18,86.41,0.0999,91.85,1.45,86.31,4.24,96.45
Huawei,me-central-1,Networking,64,512,1000,4341,99.853,100,32.09,37.71,3811.17,0.363,90.88,86.92,82.89,0.0809,93.21,1.493,72.03,4.16,95.06
Huawei,me-central-1,Networking,4,32,50,1571,99.843,99.97,39.52,54.06,1164.87,0.443,94.61,91.22,84.9,0.0749,87.24,1.562,77.31,3.99,94.99
Huawei,me-central-1,Networking,8,16,500,6939,99.967,99.69,30.26,44.49,5023.71,0.234,98.74,98.6,89.03,0.0931,96.67,0.44,78.09,4.12,100
Huawei,me-central-1,Storage,2,16,2000,939,99.807,99.22,31.94,40.22,750.77,0.528,94.37,89.55,77.25,0.0852,92.17,1.873,75.34,4.11,93.86
Huawei,me-central-1,Kubernetes,32,64,50,7064,99.949,99.95,28.04,40.17,6136.72,0.293,91.26,90.69,89.67,0.0663,93.67,0.835,70.8,4.27,97.87
Huawei,me-central-1,Networking,4,8,1000,1730,99.882,99.76,26.54,29.97,1214.21,0.192,93.49,92.14,82.5,0.094,90.71,1.106,83.21,4.39,96.36
Huawei,me-central-1,AI,2,4,1000,3503,99.844,99.26,32.83,34.96,2530.98,0.506,92.94,89.64,82.42,0.0716,93.58,1.582,87.54,4.19,95.11
Huawei,me-central-1,Storage,32,64,50,5422,99.93,99.5,26.74,33.24,4958.22,0.3,94.94,93.65,87.25,0.0788,83.18,0.689,80.55,4.26,97.46
Huawei,me-central-1,Networking,64,256,100,219,99.908,99.73,32.73,37.56,192.31,0.372,94.08,91.62,90.41,0.0729,92.74,1.05,68.92,4.05,97.74
Huawei,me-central-1,Kubernetes,64,256,2000,4419,99.838,99.96,37.2,45.88,4168.16,0.513,97.23,92.68,86.32,0.09,91.58,1.356,89.65,4.0,96.77
Huawei,me-central-1,Compute,16,64,1000,5096,99.791,99.97,38.99,44.14,3849.81,0.348,92.37,90.1,84.51,0.0719,91.04,2.009,76.91,3.79,93.93
Huawei,me-central-1,Networking,4,8,2000,6632,99.893,99.39,27.0,34.48,5037.12,0.245,94.92,90.27,83.44,0.0785,100,1.014,90.01,4.41,97.9
Huawei,me-central-1,Storage,64,256,1000,4812,99.916,99.98,28.54,41.1,4607.31,0.234,95.13,93.91,84.45,0.0993,87.59,0.753,84.5,4.17,97.36
Huawei,me-central-1,Compute,16,32,100,2203,99.814,99.8,32.22,40.94,1622.66,0.36,94.68,94.61,84.86,0.0884,93.89,1.504,77.53,4.03,96.17
Hetzner,us-east-1,Compute,4,32,100,4433,99.895,100,31.47,44.57,4084.34,0.226,90.47,89.1,80.62,0.0411,86.56,1.118,72.95,4.21,94.74
Hetzner,us-east-1,Compute,16,32,100,717,99.848,99.34,40.32,51.68,531.02,0.325,84.86,83.77,78.06,0.0831,87.73,1.267,80.5,3.82,92.39
Hetzner,us-east-1,Networking,64,128,250,2813,99.795,99.36,29.32,40.19,2118.66,0.295,89.6,88.69,74.96,0.041,85.79,1.931,80.7,4.47,91.86
Hetzner,us-east-1,Database,4,16,250,6536,99.813,99.51,31.07,35.96,6382.43,0.467,89.1,86.7,79.21,0.0555,92.5,1.818,75.5,4.29,93.31
Hetzner,us-east-1,Database,32,128,100,8095,99.823,99.47,32.35,44.29,7334.08,0.439,86.82,84.53,78.74,0.0605,86.68,1.883,74.49,4.0,91.93
Hetzner,us-east-1,AI,32,256,50,3893,99.851,99.32,31.43,38.15,2884.54,0.581,88.68,87.13,79.4,0.0616,89.4,1.387,79.19,4.18,93.79
Hetzner,us-east-1,AI,16,128,1000,5157,99.866,99.8,36.68,44.69,3957.84,0.398,84.42,80.65,74.3,0.0811,84.61,1.327,77.88,3.96,91.51
Hetzner,us-east-1,Database,32,128,500,3733,99.798,99.75,31.97,43.84,3182.85,0.3,87.8,86.47,79.97,0.0435,92.12,1.639,83.29,4.36,93.48
Hetzner,us-east-1,Storage,8,64,500,4387,99.775,99.84,30.86,34.43,3109.67,0.345,88.13,87.93,77.82,0.0364,94.77,2.032,81.5,4.23,92.72
Hetzner,us-east-1,Database,4,32,250,4442,99.911,100,32.36,46.13,3195.35,0.187,88.4,87.38,76.9,0.0606,96.96,0.986,77.48,4.28,95.05
Hetzner,us-east-1,AI,16,32,500,5565,99.813,99.35,33.54,46.08,4932.5,0.306,85.89,81.01,77.69,0.0775,81.79,1.608,78.25,4.23,91.55
Hetzner,us-east-1,Networking,64,128,500,802,99.88,99.57,28.61,31.9,621.0,0.344,88.1,84.57,77.3,0.0786,91.68,1.069,77.53,4.51,94.44
Hetzner,us-east-1,Storage,64,256,250,177,99.816,99.28,31.09,39.0,131.67,0.45,93.39,91.15,79.8,0.0608,91.99,1.791,94.15,4.23,94.27
Hetzner,us-east-1,Database,4,8,250,8428,99.774,99.72,35.36,47.42,7379.48,0.336,88.51,85.88,78.97,0.046,88.11,2.072,75.29,3.91,91.94
Hetzner,us-east-1,AI,8,16,2000,1215,99.899,100,43.86,58.25,909.87,0.502,86.9,84.11,81.43,0.0712,87.4,1.017,86.91,3.71,93.77
Hetzner,us-east-1,Kubernetes,8,16,2000,1368,99.78,99.55,30.48,41.05,1155.68,0.416,86.59,84.53,83.21,0.0854,97.15,1.96,76.82,4.29,93.63
Hetzner,us-east-1,Kubernetes,32,128,2000,8773,99.791,99.71,36.33,39.37,7233.37,0.505,90.56,89.15,82.51,0.071,85.69,1.934,87.35,4.25,92.92
Hetzner,us-east-1,Kubernetes,4,8,500,8902,99.851,99.67,29.35,37.11,7340.11,0.25,89.67,89.13,74.05,0.0738,82.85,1.301,75.45,4.24,92.81
Hetzner,us-east-1,Database,8,16,500,6519,99.882,100,36.61,40.62,5713.15,0.433,89.69,84.71,83.01,0.0737,90.77,1.359,76.37,4.17,94.62
Hetzner,us-east-1,Database,2,16,100,2443,99.817,99.57,37.32,49.96,2211.43,0.362,87.35,86.94,76.8,0.0784,86.38,1.603,86.98,4.12,92.05
Hetzner,us-east-1,Compute,64,512,50,4212,99.837,100,34.75,48.78,4049.39,0.328,85.99,83.05,79.85,0.0593,80.52,1.497,78.77,4.21,92.06
Hetzner,us-east-1,AI,8,64,250,2343,99.818,99.23,27.09,33.68,1825.55,0.246,88.81,88.5,82.54,0.0577,88.21,1.891,70.39,4.53,93.33
Hetzner,us-east-1,Storage,16,64,250,2439,99.85,100,45.98,51.03,1780.25,0.567,87.51,86.1,76.13,0.05,92.93,1.634,86.33,3.55,92.22
Hetzner,us-east-1,Compute,64,512,50,1824,99.817,99.39,32.28,34.46,1359.85,0.268,89.22,88.62,82.85,0.0603,94.76,1.477,88.71,4.28,94.78
Hetzner,us-east-1,Kubernetes,4,16,50,9520,99.809,100,44.38,54.28,7600.57,0.569,88.49,83.56,82.39,0.0414,87.75,1.902,79.0,3.73,92.38
Hetzner,us-east-1,AI,64,128,250,6777,99.834,99.62,37.08,47.35,6552.16,0.35,91.35,89.48,83.42,0.0396,90.94,1.499,80.61,3.85,94.66
Hetzner,us-east-1,Storage,8,16,500,8092,99.859,99.46,27.07,41.53,6930.26,0.311,91.02,86.94,75.53,0.0444,93.93,1.363,78.85,4.26,94.45
Hetzner,us-east-1,Compute,2,4,100,2026,99.853,99.46,33.21,45.48,1946.53,0.329,83.92,79.97,75.79,0.0315,91.28,1.335,83.14,4.13,92.45
Hetzner,us-east-1,Compute,8,64,500,1565,99.844,99.71,32.13,35.63,1187.4,0.385,84.84,84.03,75.48,0.0648,89.33,1.282,70.31,4.29,92.6
Hetzner,us-east-1,AI,32,64,50,5347,99.778,99.74,32.5,39.48,4814.13,0.544,87.54,86.11,82.98,0.0988,90.94,2.149,83.93,4.27,92.66
Hetzner,us-east-1,Kubernetes,32,256,250,1851,99.793,99.44,33.1,41.95,1446.05,0.589,89.71,88.81,82.92,0.0433,94.54,1.927,77.08,4.21,93.88
Hetzner,us-east-1,AI,4,8,1000,1067,99.879,99.33,31.76,41.09,776.81,0.183,88.16,87.73,79.54,0.0593,83.83,1.109,77.72,4.28,93.7
Hetzner,us-east-1,Compute,64,512,250,557,99.781,99.97,32.97,41.55,429.71,0.273,86.56,84.15,75.83,0.0546,84.31,1.811,84.29,4.31,91.35
Hetzner,us-east-1,Storage,2,16,100,973,99.853,100,32.55,36.07,757.07,0.301,87.75,82.91,75.0,0.0535,90.87,1.368,71.88,4.2,93.14
Hetzner,us-east-1,Networking,32,256,2000,3700,99.777,99.41,24.13,39.11,2856.32,0.23,90.1,89.0,79.28,0.0217,90.46,2.099,78.05,4.36,93.06
Hetzner,us-east-1,AI,4,32,2000,2816,99.85,99.28,35.53,39.3,2332.59,0.302,87.47,84.28,82.12,0.0624,92.31,1.547,86.9,3.92,93.71
Hetzner,us-east-1,AI,16,32,50,6804,99.795,99.67,29.47,37.8,6231.05,0.325,89.92,86.01,75.6,0.057,85.93,2.005,80.31,4.23,91.93
Hetzner,us-east-1,Kubernetes,4,32,500,2247,99.844,100,32.01,39.57,2015.33,0.352,89.87,88.32,83.04,0.0415,89.87,1.528,71.03,4.3,94.44
Hetzner,us-east-1,Compute,64,128,500,1175,99.741,100,28.81,37.62,985.11,0.284,90.12,88.84,79.16,0.0534,85.1,2.475,77.5,4.17,91.53
Hetzner,us-east-1,AI,8,16,50,6004,99.818,99.49,29.42,39.91,5329.66,0.254,88.4,86.41,82.55,0.0523,85.64,1.733,81.88,4.19,93.23
Hetzner,us-west-2,Storage,8,16,500,6489,99.915,99.67,33.22,41.43,5894.94,0.388,93.1,91.17,83.94,0.0456,87.53,0.966,77.83,4.03,96.1
Hetzner,us-west-2,AI,8,64,2000,6768,99.834,99.92,26.65,37.95,6171.64,0.197,88.38,84.67,80.02,0.0495,89.58,1.489,79.44,4.21,93.97
Hetzner,us-west-2,Networking,8,64,1000,9512,99.752,99.98,31.62,37.25,8013.91,0.276,89.46,85.9,83.6,0.0638,86.97,2.477,78.55,4.18,92.14
Hetzner,us-west-2,Compute,2,4,100,9225,99.776,99.61,35.03,46.63,6825.27,0.357,87.19,82.32,76.88,0.0504,87.84,2.242,72.61,4.16,90.95
Hetzner,us-west-2,Storage,64,128,50,7589,99.841,100,37.32,43.9,5474.62,0.448,91.36,89.93,84.06,0.0378,91.21,1.721,82.0,4.16,94.37
Hetzner,us-west-2,Networking,2,4,250,5412,99.766,99.56,31.86,36.58,5122.09,0.418,86.76,83.56,73.28,0.0512,87.57,2.294,74.59,4.35,90.31
Hetzner,us-west-2,Compute,16,32,250,9715,99.8,99.52,29.97,42.02,8641.03,0.307,86.3,83.32,76.8,0.0504,87.94,1.709,77.55,4.08,92.14
Hetzner,us-west-2,Database,16,32,100,7233,99.81,99.86,26.7,34.86,6726.77,0.092,88.5,86.78,78.88,0.058,89.07,1.718,73.21,4.5,93.26
Hetzner,us-west-2,AI,64,512,50,2113,99.791,99.25,31.37,35.32,1771.66,0.298,88.97,86.12,78.73,0.0518,86.65,1.725,85.34,4.29,92.72
Hetzner,us-west-2,Storage,16,128,100,5408,99.852,99.88,30.02,43.27,3951.24,0.315,88.39,87.16,80.83,0.0831,98.39,1.197,76.24,4.32,95.47
Hetzner,us-west-2,Storage,4,32,2000,4241,99.83,99.94,31.93,44.81,4123.65,0.087,86.18,85.87,82.98,0.0466,88.73,1.701,87.7,4.11,93.16
Hetzner,us-west-2,Storage,16,32,1000,8884,99.787,99.45,35.24,46.28,7013.64,0.508,90.94,88.94,79.63,0.043,93.44,2.184,86.05,3.99,92.85
Hetzner,us-west-2,Networking,4,8,50,6512,99.847,99.81,31.4,41.2,4869.45,0.304,83.48,79.92,79.67,0.0601,91.26,1.263,95.34,4.23,93.27
Hetzner,us-west-2,AI,2,4,500,3105,99.888,99.88,37.67,46.08,2970.78,0.474,86.41,83.68,80.51,0.0502,90.89,1.199,93.65,4.13,93.81
Hetzner,us-west-2,AI,4,16,50,5149,99.794,99.32,28.43,35.88,4273.36,0.264,86.25,81.77,74.82,0.0829,95.37,1.676,83.19,4.2,92.72
Hetzner,us-west-2,Database,4,8,2000,1664,99.882,99.71,38.52,51.13,1440.91,0.421,86.22,86.17,77.75,0.0653,86.85,1.202,82.77,4.08,92.83
Hetzner,us-west-2,Database,2,8,1000,6840,99.88,100,34.29,39.95,5254.67,0.466,87.55,83.98,79.69,0.0851,92.28,1.195,90.09,4.14,94.27
Hetzner,us-west-2,Networking,4,32,100,1997,99.844,100,30.55,36.21,1811.9,0.253,87.43,84.08,81.09,0.0375,90.9,1.515,79.45,4.31,93.83
Hetzner,us-west-2,AI,16,32,500,2672,99.772,99.94,38.09,48.75,2539.85,0.433,89.08,85.02,82.97,0.0626,89.12,1.935,81.31,4.07,92.98
Hetzner,us-west-2,Compute,8,32,100,9204,99.859,99.64,33.96,48.04,7649.92,0.264,90.34,89.62,84.06,0.0535,80.8,1.561,84.07,4.27,93.52
Hetzner,us-west-2,Networking,32,128,100,222,99.838,99.63,24.91,31.06,158.08,0.372,90.45,87.51,82.84,0.0661,84.25,1.417,82.36,4.32,94.49
Hetzner,us-west-2,Database,16,64,2000,8262,99.831,100,31.27,34.21,5830.62,0.288,90.78,90.02,81.82,0.0751,98.07,1.533,69.02,4.19,95.33
Hetzner,us-west-2,AI,16,64,1000,5088,99.879,99.43,35.42,38.06,3583.34,0.269,87.54,83.83,84.19,0.0591,84.25,1.132,81.23,4.04,94.12
Hetzner,us-west-2,Compute,16,64,500,1309,99.896,100,29.43,32.17,1233.8,0.368,87.58,84.81,76.61,0.0556,98.55,0.839,82.62,4.47,95.46
Hetzner,us-west-2,Compute,4,8,250,6156,99.779,99.91,33.85,47.29,5792.13,0.318,84.68,81.55,80.35,0.0798,82.26,1.865,76.69,3.98,91.29
Hetzner,us-west-2,Storage,16,64,250,5122,99.67,100,35.59,42.42,4319.85,0.427,85.81,81.09,80.5,0.0348,88.77,2.76,76.25,3.94,90.24
Hetzner,us-west-2,Storage,8,64,1000,444,99.788,99.29,32.06,46.92,330.53,0.413,87.85,87.79,83.44,0.0863,81.06,2.085,73.91,4.33,91.85
Hetzner,us-west-2,Storage,32,64,250,2291,99.821,99.91,31.2,40.65,2086.41,0.243,87.91,85.49,79.16,0.07,90.84,1.538,77.89,4.18,93.52
Hetzner,us-west-2,Compute,64,256,50,4512,99.77,99.64,28.65,38.05,3434.33,0.291,87.71,85.93,80.35,0.0501,79.12,2.28,79.77,4.33,90.95
Hetzner,us-west-2,Networking,2,8,2000,6863,99.699,99.81,32.68,40.24,6117.83,0.435,83.99,80.05,77.56,0.0415,96.81,2.673,84.62,4.3,90.56
Hetzner,us-west-2,Storage,4,32,500,9614,99.833,99.99,28.8,40.32,7800.81,0.251,86.07,84.41,76.82,0.0655,90.21,1.484,74.06,4.11,92.95
Hetzner,us-west-2,Kubernetes,4,32,1000,1283,99.811,99.91,27.19,37.1,922.15,0.131,94.77,92.43,78.82,0.0689,80.69,1.543,90.12,4.35,94.04
Hetzner,us-west-2,Database,16,128,50,7580,99.787,99.92,29.8,42.42,6407.0,0.421,89.78,87.33,77.92,0.0787,96.51,1.921,78.02,4.35,93.58
Hetzner,us-west-2,Compute,16,64,500,4785,99.853,99.47,40.17,55.1,4417.46,0.191,86.36,83.7,79.75,0.043,89.27,1.609,89.43,4.08,92.44
Hetzner,us-west-2,Compute,2,4,1000,6097,99.806,99.51,34.56,38.72,4736.81,0.284,88.31,84.71,79.63,0.041,87.74,1.682,74.56,4.24,92.81
Hetzner,us-west-2,AI,8,32,2000,6188,99.857,99.79,34.7,40.88,6016.0,0.339,89.14,88.86,82.18,0.0668,91.28,1.542,82.34,4.25,94.1
Hetzner,us-west-2,Storage,8,32,100,9486,99.786,99.79,29.98,44.45,7235.42,0.095,87.56,83.42,81.02,0.0297,91.54,1.731,84.59,4.2,93.44
Hetzner,us-west-2,Compute,4,8,500,7196,99.882,99.44,34.95,48.78,6606.37,0.325,90.11,85.46,80.03,0.0642,84.4,1.218,83.9,4.22,93.86
Hetzner,us-west-2,Kubernetes,64,128,100,8006,99.823,99.59,32.74,45.85,6257.3,0.434,88.57,84.44,76.29,0.0701,88.31,1.779,80.8,4.12,92.3
Hetzner,us-west-2,Storage,64,256,1000,1838,99.8,99.86,31.03,34.78,1533.02,0.149,87.07,84.53,77.31,0.036,98.9,1.84,80.05,4.38,93.26
Hetzner,eu-west-1,Compute,16,32,500,5869,99.794,99.81,25.25,36.5,4763.65,0.164,85.13,84.87,77.07,0.0602,83.91,1.726,82.23,4.57,91.77
Hetzner,eu-west-1,Kubernetes,2,4,50,8126,99.84,99.36,32.17,47.08,7306.73,0.176,85.64,83.77,79.1,0.0327,90.9,1.515,76.26,4.34,92.95
Hetzner,eu-west-1,Networking,4,32,500,1020,99.794,99.31,29.0,35.1,778.97,0.327,91.29,89.03,80.12,0.0754,85.4,2.12,69.4,4.33,92.6
Hetzner,eu-west-1,Compute,8,16,2000,6693,99.76,99.79,36.98,51.71,5444.31,0.176,88.19,86.76,77.18,0.0755,83.78,2.333,76.62,4.12,90.51
Hetzner,eu-west-1,Storage,8,64,1000,8408,99.789,99.68,31.77,46.63,6719.09,0.19,89.63,85.21,78.95,0.0735,93.22,1.838,67.42,4.23,93.4
Hetzner,eu-west-1,Storage,2,8,250,2917,99.814,99.77,34.9,48.73,2609.72,0.499,90.87,86.1,70.78,0.0546,100,1.532,78.69,3.91,93.58
Hetzner,eu-west-1,Database,8,32,1000,5685,99.764,99.35,35.05,41.83,4762.01,0.345,84.19,79.78,79.01,0.0495,89.71,2.374,83.82,4.23,90.53
Hetzner,eu-west-1,Storage,4,8,250,3127,99.771,99.35,31.08,37.62,2604.38,0.387,86.21,81.4,77.57,0.0485,93.5,2.234,68.12,4.38,91.63
Hetzner,eu-west-1,Database,2,4,2000,4310,99.893,99.46,32.33,36.34,4181.94,0.307,86.83,86.25,75.67,0.0405,86.81,0.913,80.65,4.34,93.52
Hetzner,eu-west-1,AI,16,128,100,4050,99.856,99.41,30.53,40.92,2872.51,0.262,88.43,86.7,79.71,0.0298,96.26,1.458,76.34,4.14,94.42
Hetzner,eu-west-1,AI,2,4,2000,3281,99.841,99.91,39.6,44.9,2443.68,0.345,84.71,83.64,82.28,0.0535,93.67,1.456,74.05,3.97,93.38
Hetzner,eu-west-1,Database,2,8,2000,8656,99.856,100,29.17,36.74,6842.83,0.434,88.47,85.24,82.18,0.0692,85.85,1.504,86.33,4.38,93.79
Hetzner,eu-west-1,AI,4,16,1000,4356,99.783,99.54,35.0,47.39,3771.67,0.369,85.98,82.07,81.17,0.0535,91.72,1.977,67.72,4.19,92.33
Hetzner,eu-west-1,Database,8,16,1000,4525,99.827,99.3,27.54,36.18,3354.58,0.193,91.52,87.8,76.83,0.055,100,1.695,81.33,4.21,94.65
Hetzner,eu-west-1,Networking,16,64,50,8746,99.768,99.53,32.09,46.79,8459.7,0.325,86.25,84.9,80.44,0.0471,91.42,2.122,85.08,4.04,92.09
Hetzner,eu-west-1,Networking,2,16,50,1916,99.829,100,30.72,36.96,1431.79,0.251,89.63,89.21,74.97,0.059,88.38,1.687,82.84,4.06,92.69
Hetzner,eu-west-1,AI,8,64,250,7024,99.831,100,35.01,44.42,5127.81,0.449,91.29,86.75,77.35,0.065,100,1.62,85.42,3.94,94.55
Hetzner,eu-west-1,Networking,64,128,2000,5501,99.931,100,28.64,33.71,4570.74,0.233,88.29,84.26,75.27,0.0215,83.17,0.667,78.7,4.15,94.19
Hetzner,eu-west-1,Database,4,16,250,7140,99.85,99.37,35.58,42.01,6395.62,0.437,90.56,88.58,79.89,0.0508,91.66,1.239,87.26,3.95,94.6
Hetzner,eu-west-1,Kubernetes,2,8,500,6895,99.852,99.71,27.58,32.79,6095.49,0.285,87.69,85.25,78.35,0.0763,90.42,1.635,79.77,4.18,93.27
Hetzner,eu-west-1,Compute,32,128,500,4519,99.826,99.53,38.71,48.21,4037.48,0.352,85.68,82.84,81.52,0.0546,88.8,1.518,79.42,4.11,92.8
Hetzner,eu-west-1,Networking,64,512,500,7012,99.823,99.85,35.75,42.61,5043.59,0.327,86.91,83.47,72.65,0.0829,94.43,1.863,79.0,4.18,91.73
Hetzner,eu-west-1,Compute,2,4,1000,4041,99.804,99.56,40.76,47.19,3549.22,0.335,86.43,84.55,79.41,0.053,86.61,1.767,82.04,3.85,91.76
Hetzner,eu-west-1,Compute,4,32,250,6322,99.765,99.95,30.28,42.89,4841.61,0.203,88.48,85.86,79.3,0.0617,95.78,2.069,70.02,4.4,93.11
Hetzner,eu-west-1,Kubernetes,4,16,500,5095,99.731,99.14,31.09,33.76,4684.24,0.356,88.35,85.22,81.89,0.0654,95.94,2.338,77.68,4.42,92.76
Hetzner,eu-west-1,Storage,2,16,2000,4193,99.776,99.18,28.42,37.87,3398.64,0.393,88.15,84.31,80.17,0.065,86.55,1.92,85.66,4.45,92.5
Hetzner,eu-west-1,Networking,32,64,50,7570,99.815,99.28,33.58,41.44,5934.76,0.35,88.96,87.74,76.3,0.056,89.54,1.686,80.24,4.15,92.62
Hetzner,eu-west-1,Kubernetes,4,32,50,5329,99.753,99.16,26.69,40.9,5094.82,0.271,86.46,86.41,76.43,0.0538,85.68,2.05,79.5,4.46,91.26
Hetzner,eu-west-1,Storage,32,64,250,1247,99.866,99.31,34.6,48.23,1035.98,0.41,84.61,83.45,78.05,0.0505,95.22,1.511,92.78,4.28,92.91
Hetzner,eu-west-1,Networking,2,4,250,7683,99.855,100,36.75,45.35,5821.37,0.244,88.86,88.27,80.15,0.0436,85.35,1.272,73.54,3.85,93.59
Hetzner,eu-west-1,Storage,64,512,50,7764,99.837,99.34,28.61,39.06,7546.16,0.243,85.61,84.83,84.38,0.0596,98.91,1.431,77.26,4.24,94.99
Hetzner,eu-west-1,AI,8,32,250,6594,99.888,99.5,30.48,38.9,6365.41,0.357,87.53,85.2,78.71,0.0769,91.52,1.17,73.52,4.22,94.21
Hetzner,eu-west-1,Networking,16,128,2000,364,99.775,100,30.28,37.72,344.35,0.4,85.41,82.33,81.11,0.0592,84.13,2.25,76.11,4.34,91.15
Hetzner,eu-west-1,AI,32,256,2000,5495,99.842,99.5,29.62,33.2,4048.36,0.32,88.87,84.72,81.52,0.0655,89.46,1.417,72.63,4.38,94.23
Hetzner,eu-west-1,Compute,32,256,100,4094,99.885,100,34.17,43.64,3093.81,0.625,86.67,82.83,76.35,0.0442,96.7,1.031,74.58,4.01,94.37
Hetzner,eu-west-1,Compute,8,16,500,6619,99.873,100,40.24,55.01,6335.19,0.513,88.0,84.07,73.62,0.0701,90.58,1.449,70.25,3.83,92.38
Hetzner,eu-west-1,AI,4,32,2000,7770,99.832,99.31,26.15,28.41,5720.51,0.43,87.36,84.84,83.2,0.072,99.48,1.653,77.6,4.57,94.89
Hetzner,eu-west-1,Database,2,4,50,6256,99.907,99.98,40.1,42.37,6011.59,0.481,86.19,84.73,80.02,0.0892,92.61,1.079,71.32,3.89,94.01
Hetzner,eu-west-1,Storage,16,128,250,6421,99.809,99.81,31.71,36.61,5658.75,0.316,88.15,85.23,80.2,0.0439,92.19,1.62,85.71,4.35,93.66
Hetzner,eu-west-1,Storage,4,16,2000,6677,99.835,99.98,40.41,47.99,5568.1,0.571,88.49,85.52,77.79,0.0482,88.0,1.684,74.36,3.76,92.35
Hetzner,eu-central-1,Kubernetes,16,128,500,3363,99.887,99.95,32.16,39.3,2481.43,0.321,88.26,84.82,79.43,0.0888,89.55,1.168,69.52,4.28,94.25
Hetzner,eu-central-1,Kubernetes,64,256,2000,6354,99.803,100,28.16,39.82,5098.64,0.333,87.45,84.56,79.67,0.0691,93.25,2.031,81.71,4.23,92.89
Hetzner,eu-central-1,Storage,8,32,50,4366,99.826,99.39,31.81,36.65,3144.65,0.378,87.99,87.76,75.25,0.0506,90.79,1.672,86.92,4.09,92.52
Hetzner,eu-central-1,Database,16,64,250,6153,99.805,99.82,33.79,40.71,5329.57,0.418,83.58,82.15,75.37,0.0568,86.46,1.845,85.94,4.18,90.75
Hetzner,eu-central-1,Database,8,32,250,1191,99.819,99.8,33.55,36.2,1054.82,0.377,86.67,82.72,80.78,0.0273,89.46,1.94,72.78,4.24,92.38
Hetzner,eu-central-1,Database,8,32,50,7887,99.803,99.47,37.35,50.69,5899.5,0.285,86.75,83.33,76.56,0.0549,77.26,1.582,80.86,4.22,90.95
Hetzner,eu-central-1,Networking,16,128,1000,8024,99.814,100,32.21,45.96,7725.54,0.291,87.64,84.3,73.42,0.0651,92.53,1.792,84.57,4.23,92.16
Hetzner,eu-central-1,Networking,32,256,100,8292,99.777,99.37,33.9,46.83,7684.61,0.467,90.57,85.73,78.02,0.061,87.32,2.031,78.01,4.01,92.25
Hetzner,eu-central-1,Database,4,32,50,5275,99.92,99.34,39.35,49.07,4287.25,0.191,87.32,86.73,86.31,0.0617,94.04,0.913,85.09,4.03,95.69
Hetzner,eu-central-1,Kubernetes,2,4,250,6182,99.773,100,32.28,34.77,5314.18,0.207,89.18,88.07,78.09,0.0516,81.4,1.843,68.36,4.09,91.93
Hetzner,eu-central-1,Storage,32,256,500,1211,99.75,99.87,32.86,45.54,1105.54,0.372,90.92,86.98,74.77,0.0633,92.78,2.183,77.22,4.3,92.2
Hetzner,eu-central-1,Storage,4,8,2000,2310,99.819,99.28,32.64,42.74,1910.3,0.291,84.59,83.56,80.3,0.0439,88.33,1.813,86.47,4.13,91.98
Hetzner,eu-central-1,Networking,8,16,100,5193,99.761,99.3,30.12,33.14,4577.66,0.378,88.26,84.74,74.81,0.0538,84.94,2.17,73.16,4.45,90.9
Hetzner,eu-central-1,Storage,64,128,2000,9796,99.86,99.38,27.48,35.6,8173.97,0.201,85.28,82.17,79.85,0.0507,85.74,1.225,79.97,4.34,93.32
Hetzner,eu-central-1,Database,16,64,50,3272,99.883,99.64,31.33,36.82,2555.18,0.388,87.06,83.25,76.41,0.0389,89.43,1.067,74.14,4.09,93.72
Hetzner,eu-central-1,AI,2,8,50,2430,99.872,99.52,34.31,37.43,1878.4,0.274,86.5,82.7,82.24,0.0653,94.26,1.179,73.62,4.08,94.61
Hetzner,eu-central-1,Compute,8,32,50,3753,99.855,100,30.28,39.95,3653.57,0.318,88.73,88.67,81.61,0.0326,95.15,1.523,77.49,4.13,94.64
Hetzner,eu-central-1,Compute,2,16,500,4914,99.832,100,31.78,40.18,3678.48,0.377,88.89,88.66,81.22,0.05,84.88,1.468,81.61,4.25,93.56
Hetzner,eu-central-1,Kubernetes,2,16,50,3910,99.827,99.49,31.73,36.97,2885.63,0.353,88.5,84.9,83.31,0.0703,97.53,1.74,81.67,4.07,94.49
Hetzner,eu-central-1,Storage,2,4,500,7891,99.801,99.37,24.06,38.61,7410.54,0.328,86.28,81.69,80.46,0.0467,100,1.675,92.82,4.41,94.35
Hetzner,eu-central-1,Networking,8,64,1000,4402,99.841,99.32,36.14,45.79,3989.17,0.335,88.74,85.84,75.03,0.0604,83.66,1.624,78.42,4.01,91.76
Hetzner,eu-central-1,Storage,16,32,2000,1079,99.887,99.95,30.09,34.69,778.7,0.31,85.38,83.57,73.42,0.0337,86.66,1.336,81.28,4.38,92.15
Hetzner,eu-central-1,Kubernetes,2,16,1000,2895,99.762,99.89,29.91,39.76,2219.09,0.346,92.35,91.5,80.95,0.0545,95.98,1.909,78.99,4.18,94.55
Hetzner,eu-central-1,AI,8,64,500,2101,99.871,99.96,30.96,44.72,1857.8,0.346,87.64,84.38,75.19,0.0494,97.8,1.367,77.1,4.23,93.97
Hetzner,eu-central-1,Database,16,32,1000,9316,99.777,99.46,29.77,41.16,6790.7,0.274,89.66,87.43,76.17,0.0498,91.47,1.878,83.0,4.36,92.76
Hetzner,eu-central-1,Storage,8,16,2000,9313,99.857,99.85,36.49,43.21,8859.1,0.41,85.49,81.83,77.9,0.0568,96.24,1.554,72.59,3.91,93.07
Hetzner,eu-central-1,Networking,32,128,100,1942,99.835,99.35,37.52,52.35,1371.47,0.36,88.27,84.05,79.37,0.0805,95.09,1.615,84.76,4.1,93.5
Hetzner,eu-central-1,Compute,2,16,2000,3522,99.789,99.41,39.92,49.94,3340.7,0.271,89.98,85.76,81.19,0.0572,87.17,1.743,79.08,3.95,92.91
Hetzner,eu-central-1,Compute,8,16,50,9006,99.879,99.98,30.58,38.02,7323.63,0.258,86.69,86.62,83.73,0.0474,87.81,1.147,80.89,4.21,94.55
Hetzner,eu-central-1,AI,8,16,2000,5397,99.83,99.38,34.66,49.1,4540.17,0.353,90.45,89.64,78.55,0.025,91.58,1.536,80.31,4.02,93.78
Hetzner,eu-central-1,Storage,4,8,100,4601,99.917,99.58,32.38,42.63,4274.81,0.081,85.39,82.73,78.05,0.059,90.08,1.11,82.89,4.29,93.55
Hetzner,eu-central-1,Kubernetes,8,64,100,8453,99.787,99.77,32.01,36.56,8021.81,0.351,84.09,79.78,80.13,0.062,91.33,1.771,81.3,4.36,92.36
Hetzner,eu-central-1,Compute,8,64,50,6464,99.828,99.34,34.77,37.59,5657.19,0.286,85.97,84.79,80.95,0.0429,89.78,1.681,77.82,3.92,92.71
Hetzner,eu-central-1,Storage,32,128,500,9677,99.902,100,33.06,41.53,9316.58,0.357,87.99,85.31,81.49,0.0718,83.7,0.899,80.6,4.22,94.44
Hetzner,eu-central-1,Networking,8,64,2000,4323,99.788,99.45,28.06,41.81,4167.85,0.192,89.1,88.26,85.12,0.0469,88.24,1.82,76.84,4.14,93.93
Hetzner,eu-central-1,Kubernetes,8,16,500,9534,99.83,100,25.11,35.16,8980.05,0.258,89.92,89.47,83.86,0.0581,86.6,1.437,72.59,4.3,94.79
Hetzner,eu-central-1,Networking,16,64,250,9142,99.783,99.9,36.3,50.22,7440.35,0.238,89.59,87.09,79.41,0.066,97.3,1.997,85.28,3.9,93.35
Hetzner,eu-central-1,Database,2,4,1000,3438,99.786,99.52,33.91,47.96,3321.46,0.377,88.66,85.03,86.57,0.0735,82.9,1.961,74.1,4.29,92.91
Hetzner,eu-central-1,Compute,64,128,250,2982,99.898,100,29.07,31.35,2536.69,0.367,88.46,87.61,80.18,0.0496,97.18,0.967,80.3,4.21,95.81
Hetzner,eu-central-1,Networking,64,128,50,2088,99.789,100,30.29,40.98,1849.84,0.28,87.41,83.97,74.17,0.0402,94.11,1.736,75.63,4.44,92.61
Hetzner,ap-south-1,AI,16,128,100,5531,99.789,99.61,36.13,41.67,5082.84,0.294,86.24,84.79,80.48,0.073,94.56,1.846,86.27,4.14,92.81
Hetzner,ap-south-1,Compute,8,32,1000,8272,99.841,99.7,32.93,35.22,5891.02,0.291,85.02,82.84,76.28,0.0559,89.14,1.346,70.14,4.14,92.56
Hetzner,ap-south-1,Kubernetes,4,32,500,6682,99.831,100,36.35,46.45,5326.95,0.252,88.34,85.35,82.99,0.053,97.5,1.502,86.45,4.22,94.74
Hetzner,ap-south-1,Database,4,16,100,5593,99.891,99.49,42.26,46.43,5200.93,0.549,86.55,83.36,78.33,0.037,84.98,1.311,75.33,3.73,92.34
Hetzner,ap-south-1,Networking,32,64,2000,7539,99.792,100,28.58,40.74,7314.21,0.322,85.11,82.75,84.1,0.0395,96.85,1.922,84.75,4.41,93.68
Hetzner,ap-south-1,Database,16,128,1000,5605,99.808,99.51,37.4,47.4,4620.28,0.368,91.9,87.5,81.76,0.0603,97.39,1.67,76.84,3.89,94.79
Hetzner,ap-south-1,Compute,2,8,1000,6638,99.802,99.68,32.63,38.09,6254.53,0.191,87.54,87.46,82.05,0.0575,85.33,1.738,92.79,4.08,92.78
Hetzner,ap-south-1,Database,8,32,500,810,99.82,99.58,36.51,40.23,761.2,0.256,87.91,84.37,73.2,0.0727,83.63,1.679,70.19,4.11,91.19
Hetzner,ap-south-1,Database,4,32,500,5794,99.851,99.98,38.82,44.89,5442.75,0.368,85.85,84.58,78.12,0.0623,90.11,1.43,74.44,4.06,92.69
Hetzner,ap-south-1,Compute,32,256,1000,6562,99.914,99.85,38.27,40.45,5211.14,0.499,87.86,86.04,81.64,0.0369,100,0.962,86.25,3.89,95.72
Hetzner,ap-south-1,Storage,2,8,2000,7819,99.941,100,33.89,45.23,6450.89,0.271,89.36,89.2,79.94,0.0575,88.99,0.604,76.25,4.3,95.63
Hetzner,ap-south-1,Database,16,64,2000,2620,99.821,99.77,20.02,29.94,2228.25,0.207,88.6,88.0,86.52,0.0693,84.08,1.58,95.91,4.45,94.6
Hetzner,ap-south-1,Database,4,16,250,1850,99.852,99.77,30.3,44.29,1511.4,0.362,87.84,84.42,79.27,0.0631,86.08,1.497,86.53,4.2,93.14
Hetzner,ap-south-1,Compute,4,8,500,2565,99.857,100,29.48,43.53,2179.54,0.086,88.0,83.12,78.92,0.0665,87.22,1.561,70.35,4.42,93.19
Hetzner,ap-south-1,Networking,8,16,1000,4803,99.84,99.95,30.82,38.88,3373.22,0.353,89.67,86.65,78.6,0.0596,82.22,1.336,77.1,4.2,93.35
Hetzner,ap-south-1,AI,8,32,50,9053,99.821,99.58,32.82,47.45,6514.56,0.33,87.64,85.46,76.96,0.0548,88.37,1.853,86.06,4.16,92.06
Hetzner,ap-south-1,Kubernetes,64,512,2000,9182,99.839,99.52,28.54,32.85,7195.77,0.256,86.68,83.44,75.8,0.054,88.51,1.503,74.05,4.32,92.64
Hetzner,ap-south-1,AI,2,16,100,1879,99.815,99.89,27.61,31.41,1733.62,0.199,87.85,87.05,79.31,0.0608,87.95,1.692,78.07,4.41,93.09
Hetzner,ap-south-1,Kubernetes,8,16,50,8990,99.858,99.27,36.82,40.24,8793.02,0.357,88.15,84.75,78.73,0.0517,100,1.224,82.46,4.01,94.74
Hetzner,ap-south-1,AI,64,128,1000,4558,99.771,100,30.09,37.6,3580.18,0.389,85.89,81.65,75.9,0.0485,82.09,1.834,86.16,4.14,91.1
Hetzner,ap-south-1,Networking,16,32,100,4356,99.8,99.97,37.52,49.11,3714.27,0.453,88.72,86.72,75.48,0.0825,93.36,1.929,77.59,4.13,92.22
Hetzner,ap-south-1,Compute,16,64,100,2538,99.804,100,36.15,49.29,2481.22,0.348,87.79,86.99,78.97,0.0615,93.35,1.635,80.17,3.97,93.28
Hetzner,ap-south-1,Kubernetes,2,16,100,9096,99.847,99.53,23.67,31.74,7988.33,0.245,87.49,84.5,77.39,0.0615,91.91,1.313,75.86,4.35,94.08
Hetzner,ap-south-1,AI,4,32,500,9237,99.794,99.5,31.19,45.23,7343.17,0.564,86.2,84.74,77.52,0.0353,84.51,2.118,82.01,4.31,90.95
Hetzner,ap-south-1,Kubernetes,4,16,500,3365,99.885,100,30.53,33.29,3122.04,0.175,87.16,82.36,80.82,0.054,90.37,1.35,85.98,4.35,94.04
Hetzner,ap-south-1,Compute,8,16,50,2484,99.846,99.27,35.84,43.97,1949.51,0.505,87.98,84.43,81.54,0.0676,92.78,1.283,78.1,3.95,94.32
Hetzner,ap-south-1,Networking,4,16,50,8406,99.834,99.78,35.09,44.65,8030.98,0.253,88.53,84.94,77.11,0.0593,91.9,1.403,86.29,3.95,93.5
Hetzner,ap-south-1,Storage,32,128,1000,9913,99.889,100,34.84,46.99,8366.5,0.323,95.27,91.05,77.48,0.0509,89.67,1.115,83.98,4.09,95.41
Hetzner,ap-south-1,AI,8,32,1000,7152,99.854,99.58,34.58,45.05,6580.31,0.337,87.59,87.53,77.51,0.0609,89.79,1.196,90.82,4.02,93.58
Hetzner,ap-south-1,Kubernetes,2,16,500,8852,99.833,99.7,30.51,32.79,8290.88,0.242,86.61,81.82,73.42,0.0567,91.08,1.568,83.11,4.05,92.31
Hetzner,ap-south-1,AI,8,64,500,4731,99.811,100,33.53,41.47,4597.22,0.44,84.49,80.8,79.88,0.0522,86.3,1.597,75.96,4.07,92.2
Hetzner,ap-south-1,Kubernetes,4,8,50,6535,99.792,100,31.86,35.53,5385.19,0.194,89.62,88.35,80.44,0.0565,93.78,1.908,83.87,4.33,93.58
Hetzner,ap-south-1,AI,8,64,500,7343,99.853,99.39,37.88,44.87,6641.98,0.384,89.24,88.78,77.46,0.062,85.6,1.176,75.27,4.19,93.32
Hetzner,ap-south-1,Storage,32,256,250,6666,99.813,99.79,31.0,34.59,5094.22,0.372,89.03,87.98,77.28,0.0659,96.66,1.523,85.24,4.14,94.09
Hetzner,ap-south-1,Kubernetes,2,8,250,9644,99.809,99.87,31.99,43.81,8737.64,0.351,89.83,86.46,73.89,0.0522,88.14,1.906,71.97,4.3,91.98
Hetzner,ap-south-1,AI,32,64,1000,1074,99.801,99.69,33.89,42.67,1022.8,0.313,88.12,87.19,77.59,0.0615,80.33,1.835,80.53,4.21,91.41
Hetzner,ap-south-1,Database,4,16,50,8927,99.821,99.75,34.67,49.32,7911.85,0.482,82.91,82.0,81.71,0.0355,86.19,1.479,81.68,4.21,92.3
Hetzner,ap-south-1,Storage,16,32,2000,5344,99.866,99.96,30.45,40.12,4112.4,0.33,88.63,87.92,80.56,0.0651,86.14,1.252,78.91,4.21,94.06
Hetzner,ap-south-1,Storage,2,8,1000,1899,99.848,99.94,28.73,39.74,1803.55,0.357,87.59,83.87,75.63,0.0655,98.09,1.512,87.33,4.32,93.86
Hetzner,ap-south-1,Networking,4,16,1000,4106,99.773,100,36.71,42.83,2924.51,0.387,87.67,85.55,81.84,0.0518,93.35,2.309,78.07,4.13,92.25
Hetzner,ap-southeast-1,Compute,2,16,250,6963,99.863,99.49,33.82,45.74,5496.32,0.377,87.1,85.47,82.27,0.0539,90.22,1.154,80.42,4.26,94.39
Hetzner,ap-southeast-1,Database,32,128,50,2964,99.913,99.42,25.71,36.6,2861.11,0.349,88.17,85.46,83.64,0.0613,85.07,1.095,73.76,4.45,94.85
Hetzner,ap-southeast-1,Networking,4,8,500,8792,99.82,99.23,28.6,38.84,7269.3,0.263,87.18,83.4,78.72,0.0652,92.08,1.59,80.17,4.24,93.35
Hetzner,ap-southeast-1,Storage,2,4,100,3829,99.833,99.92,32.37,36.48,2734.46,0.363,88.08,83.28,79.9,0.0354,92.36,1.472,92.36,4.33,93.92
Hetzner,ap-southeast-1,Compute,2,8,50,1795,99.89,100,33.35,39.82,1667.42,0.295,86.39,82.45,75.43,0.0788,92.66,0.905,73.8,4.07,94.06
Hetzner,ap-southeast-1,AI,2,16,2000,1700,99.815,99.52,35.52,42.62,1613.99,0.494,84.97,82.55,75.44,0.0551,85.01,1.679,78.91,4.09,91.12
Hetzner,ap-southeast-1,Networking,64,512,250,2934,99.874,99.72,36.19,45.72,2562.13,0.285,88.13,87.98,75.33,0.0524,92.52,1.208,77.74,4.09,93.56
Hetzner,ap-southeast-1,Storage,32,128,50,1295,99.764,99.87,39.44,51.28,1032.71,0.399,92.13,87.42,75.88,0.0624,98.57,2.057,73.3,3.9,93.16
Hetzner,ap-southeast-1,Storage,2,8,250,5242,99.764,99.57,36.5,50.69,4974.63,0.291,90.31,87.17,82.27,0.037,87.33,2.384,84.64,3.95,92.02
Hetzner,ap-southeast-1,Compute,4,16,50,8888,99.956,100,27.21,32.59,6445.08,0.434,87.46,86.75,83.29,0.0449,88.14,0.609,75.92,4.19,96.01
Hetzner,ap-southeast-1,Kubernetes,8,32,2000,6876,99.907,100,32.27,45.68,5898.96,0.315,84.97,82.96,77.04,0.0754,86.06,1.067,82.28,4.33,93.04
Hetzner,ap-southeast-1,Networking,32,64,100,8716,99.783,99.97,33.38,40.75,8071.01,0.134,88.46,84.14,73.23,0.0579,96.33,2.004,88.58,4.14,92.18
Hetzner,ap-southeast-1,AI,8,16,100,8826,99.799,99.52,30.45,42.02,7215.18,0.293,88.72,88.62,78.55,0.0447,89.73,2.073,68.89,4.39,92.32
Hetzner,ap-southeast-1,Networking,8,16,100,408,99.759,100,31.56,37.36,326.22,0.353,87.03,83.28,75.9,0.0578,92.02,2.192,72.94,4.38,91.55
Hetzner,ap-southeast-1,AI,64,512,500,9741,99.895,99.77,33.79,42.3,7224.77,0.281,88.52,85.57,79.66,0.051,81.72,1.029,75.68,4.0,93.7
Hetzner,ap-southeast-1,AI,8,16,100,8685,99.715,99.82,37.29,50.05,7363.34,0.278,86.87,86.07,80.15,0.0409,94.52,2.283,88.52,4.04,91.91
Hetzner,ap-southeast-1,AI,4,16,50,7653,99.738,99.53,31.94,40.94,6442.44,0.378,86.53,83.68,79.49,0.0582,87.48,2.354,76.77,4.28,91.09
Hetzner,ap-southeast-1,Kubernetes,8,32,50,6056,99.774,99.94,32.78,37.06,4527.98,0.227,86.27,84.13,77.59,0.0668,88.09,2.075,77.32,4.35,91.42
Hetzner,ap-southeast-1,Database,8,64,1000,8383,99.835,100,35.14,41.63,8189.12,0.24,84.07,82.88,76.74,0.0537,87.37,1.398,100,4.2,92.07
Hetzner,ap-southeast-1,Kubernetes,64,512,2000,6335,99.835,99.6,28.18,37.49,5399.24,0.339,88.73,87.3,74.88,0.0697,91.48,1.534,90.31,4.36,93.21
Hetzner,ap-southeast-1,Storage,64,256,2000,6839,99.75,99.76,38.15,48.68,5695.46,0.468,90.78,87.41,74.49,0.0378,96.96,2.432,77.74,4.15,91.74
Hetzner,ap-southeast-1,Kubernetes,64,512,100,4582,99.865,99.32,30.62,45.46,4060.3,0.168,89.63,87.84,83.75,0.0392,85.28,1.231,79.57,4.37,94.62
Hetzner,ap-southeast-1,AI,64,512,1000,8608,99.8,100,38.29,44.48,6586.23,0.366,83.08,80.07,81.99,0.0586,86.4,1.81,79.61,3.94,91.55
Hetzner,ap-southeast-1,Kubernetes,16,128,2000,4164,99.792,100,31.17,39.95,3147.77,0.33,88.86,88.6,78.98,0.0622,87.56,1.677,79.46,4.37,93.06
Hetzner,ap-southeast-1,Storage,64,128,500,809,99.841,100,27.18,34.91,776.7,0.256,89.45,86.95,75.64,0.0697,83.79,1.484,76.12,4.44,92.89
Hetzner,ap-southeast-1,Kubernetes,2,8,50,1102,99.729,99.74,30.29,37.73,1066.74,0.437,87.42,86.83,80.68,0.0557,91.06,2.171,85.89,4.24,92.35
Hetzner,ap-southeast-1,AI,2,16,2000,757,99.752,99.19,28.46,38.76,564.5,0.345,87.47,85.93,81.48,0.0367,85.56,2.187,72.69,4.24,91.89
Hetzner,ap-southeast-1,Storage,64,256,100,5853,99.846,99.51,30.19,40.55,4122.25,0.368,89.55,87.48,79.83,0.0447,94.13,1.397,78.09,4.23,94.61
Hetzner,ap-southeast-1,Networking,8,32,50,8450,99.848,100,24.78,31.23,7544.27,0.197,86.29,83.09,79.29,0.0585,90.53,1.636,77.34,4.36,93.32
Hetzner,ap-southeast-1,Networking,32,256,250,8573,99.86,99.75,26.93,37.26,8154.41,0.229,87.26,83.62,79.15,0.0721,85.11,1.443,76.67,4.5,93.19
Hetzner,ap-southeast-1,AI,16,128,50,4331,99.772,99.27,23.69,29.53,3429.95,0.279,89.62,89.54,79.23,0.0521,90.35,2.261,88.51,4.49,92.6
Hetzner,ap-southeast-1,Networking,2,4,2000,2891,99.779,99.28,31.29,39.99,2086.6,0.461,87.74,85.64,83.15,0.0656,91.19,2.077,87.05,4.13,92.9
Hetzner,ap-southeast-1,Database,8,64,250,2875,99.808,100,34.48,36.66,2617.77,0.396,91.09,89.3,77.41,0.0481,91.41,1.685,75.46,4.05,93.5
Hetzner,ap-southeast-1,Storage,2,16,50,9692,99.774,99.82,29.48,32.98,7206.83,0.266,86.73,82.86,77.59,0.0454,98.55,1.973,79.4,4.48,92.99
Hetzner,ap-southeast-1,Kubernetes,32,256,2000,7943,99.857,100,31.98,40.49,7388.58,0.414,90.56,89.34,81.45,0.0505,88.12,1.24,98.07,4.33,94.77
Hetzner,ap-southeast-1,AI,4,32,1000,6941,99.822,100,34.73,36.89,5431.25,0.227,87.2,84.54,76.61,0.073,94.3,1.596,84.83,4.2,93.04
Hetzner,ap-southeast-1,Kubernetes,2,8,50,8330,99.894,99.45,31.3,45.03,7937.48,0.117,89.45,88.7,79.55,0.0927,94.61,1.342,68.63,4.05,94.66
Hetzner,ap-southeast-1,Database,32,64,500,9522,99.812,100,31.5,37.48,8898.29,0.367,90.06,88.96,80.51,0.0549,97.89,1.793,70.11,4.33,94.39
Hetzner,ap-southeast-1,Kubernetes,32,128,100,3772,99.802,99.84,34.0,42.54,3036.54,0.176,88.72,88.19,78.22,0.0406,83.99,2.033,83.83,4.12,91.62
Hetzner,ap-southeast-1,Storage,4,32,500,9041,99.783,99.93,31.38,37.71,8082.17,0.299,90.14,86.44,80.28,0.0523,77.78,1.884,80.43,4.41,92.05
Hetzner,sa-east-1,Storage,2,4,100,5686,99.777,99.73,25.34,29.59,4736.15,0.363,89.93,85.94,78.4,0.0389,95.07,1.981,86.68,4.23,93.61
Hetzner,sa-east-1,Kubernetes,16,32,2000,783,99.884,99.91,28.68,35.34,614.48,0.227,88.26,84.5,76.74,0.0633,88.2,1.197,64.85,4.44,93.8
Hetzner,sa-east-1,Database,2,4,1000,9435,99.875,99.7,35.22,45.98,7911.44,0.401,88.0,84.97,78.99,0.0507,90.32,1.346,73.09,3.99,93.63
Hetzner,sa-east-1,Networking,32,128,1000,4815,99.814,99.37,30.91,38.22,3631.33,0.357,90.52,88.2,78.32,0.0578,89.2,1.58,75.96,4.1,93.61
Hetzner,sa-east-1,Compute,8,32,1000,3564,99.884,100,26.53,31.99,2996.44,0.043,90.65,89.97,79.45,0.0521,84.64,1.28,85.25,4.52,94.31
Hetzner,sa-east-1,Database,32,64,250,772,99.798,100,31.0,35.55,724.89,0.282,88.72,85.68,76.36,0.0281,85.52,2.033,72.39,4.21,91.67
Hetzner,sa-east-1,Networking,64,512,2000,2753,99.78,99.63,34.03,48.09,1991.57,0.365,88.94,85.5,77.96,0.0569,87.93,2.089,82.12,4.25,91.88
Hetzner,sa-east-1,Kubernetes,2,4,1000,9579,99.802,99.53,30.99,42.27,7120.96,0.342,87.0,83.78,83.43,0.0392,100,1.998,93.36,4.38,93.95
Hetzner,sa-east-1,Networking,64,512,2000,143,99.923,99.33,30.33,38.14,132.65,0.293,87.27,86.63,79.18,0.06,97.0,0.965,73.29,4.41,95.23
Hetzner,sa-east-1,Compute,8,64,1000,2655,99.81,99.21,23.41,29.52,1923.94,0.108,87.79,82.93,77.84,0.0649,81.87,1.568,79.53,4.66,92.58
Hetzner,sa-east-1,Storage,64,128,500,2397,99.797,99.22,35.48,41.13,2326.35,0.562,86.02,84.4,77.81,0.0616,90.18,1.826,71.63,4.06,91.9
Hetzner,sa-east-1,Compute,8,16,250,4635,99.759,99.61,31.95,43.72,4108.15,0.409,85.73,81.14,78.06,0.0423,96.83,1.958,82.8,4.1,92.53
Hetzner,sa-east-1,Database,64,256,500,6177,99.851,99.42,39.52,51.4,4913.61,0.234,86.23,84.12,71.94,0.0581,83.55,1.475,70.22,3.85,90.89
Hetzner,sa-east-1,AI,32,64,250,7572,99.766,99.77,28.58,33.15,7148.42,0.146,87.7,85.1,77.5,0.059,91.12,1.973,77.95,4.49,92.43
Hetzner,sa-east-1,AI,16,64,100,734,99.861,99.92,36.14,48.87,708.04,0.104,87.12,82.16,82.96,0.0681,86.98,1.548,90.04,4.03,93.28
Hetzner,sa-east-1,Database,8,32,1000,1849,99.814,99.32,30.04,40.3,1431.82,0.2,88.47,85.12,81.18,0.0247,85.55,1.767,82.07,4.37,92.89
Hetzner,sa-east-1,Compute,16,64,500,3967,99.917,100,34.22,43.09,3822.13,0.333,82.9,78.66,83.42,0.0568,91.25,0.748,78.43,4.02,94.73
Hetzner,sa-east-1,Storage,8,32,500,3957,99.854,100,31.26,45.19,3586.61,0.462,86.49,83.45,80.94,0.0375,94.02,1.305,85.88,4.07,94.35
Hetzner,sa-east-1,Networking,32,64,100,4196,99.919,99.43,32.86,38.46,3514.19,0.117,89.53,89.0,84.52,0.0855,92.34,0.784,74.26,4.0,96.32
Hetzner,sa-east-1,Compute,2,8,2000,3423,99.827,99.42,28.81,31.72,3041.68,0.427,86.33,81.8,81.97,0.0365,91.49,1.634,73.62,4.22,93.55
Hetzner,sa-east-1,Storage,16,32,250,5755,99.795,99.27,27.23,31.26,4817.08,0.356,86.78,82.32,76.68,0.061,92.79,1.701,77.12,4.33,92.86
Hetzner,sa-east-1,AI,8,32,250,7551,99.787,100,29.07,41.96,6414.94,0.29,88.4,85.52,78.25,0.0614,92.73,2.083,74.6,4.28,92.65
Hetzner,sa-east-1,Networking,4,16,2000,5273,99.872,99.99,32.37,47.25,5058.83,0.324,88.0,83.63,78.08,0.0737,86.31,1.269,74.4,4.23,93.42
Hetzner,sa-east-1,Kubernetes,64,128,250,2394,99.842,99.3,29.73,43.62,2133.77,0.205,87.21,82.43,79.02,0.0694,95.39,1.715,77.32,4.21,93.45
Hetzner,sa-east-1,Compute,8,64,500,9374,99.822,99.91,29.28,40.63,7911.43,0.164,87.08,82.37,78.46,0.0328,90.79,1.799,92.18,4.26,92.78
Hetzner,sa-east-1,Database,8,32,250,5877,99.917,99.57,32.75,43.0,4408.16,0.346,89.99,89.43,80.61,0.0649,85.89,1.16,82.54,4.01,94.35
Hetzner,sa-east-1,Storage,32,256,50,5996,99.841,99.68,28.18,40.64,4700.53,0.378,86.77,85.47,76.62,0.0456,90.82,1.746,81.38,4.25,92.57
Hetzner,sa-east-1,Storage,8,16,1000,5346,99.868,99.39,30.65,37.78,4620.74,0.399,85.69,83.7,80.08,0.0657,89.07,1.065,100,4.22,93.97
Hetzner,sa-east-1,Kubernetes,64,128,50,9569,99.844,99.64,34.56,47.49,8092.92,0.466,84.26,80.7,84.2,0.0551,90.35,1.668,77.77,4.25,93.01
Hetzner,sa-east-1,Networking,2,8,500,8147,99.833,99.35,34.04,43.95,6798.36,0.346,86.01,84.91,82.06,0.031,94.52,1.607,87.55,4.24,93.59
Hetzner,sa-east-1,Database,16,128,100,2718,99.85,99.3,27.46,37.08,2045.85,0.309,83.19,82.15,82.83,0.0748,91.83,1.421,82.9,4.4,93.57
Hetzner,sa-east-1,AI,2,8,1000,9840,99.776,100,34.98,45.52,8779.68,0.419,86.82,83.14,76.0,0.02,96.55,2.067,71.72,4.26,92.08
Hetzner,sa-east-1,Storage,64,128,2000,397,99.829,99.93,29.89,42.46,372.28,0.245,88.21,83.43,82.09,0.0404,89.79,1.828,90.23,4.32,93.4
Hetzner,sa-east-1,AI,4,32,500,9760,99.821,99.32,34.83,43.39,7069.65,0.365,89.66,89.1,79.21,0.0697,85.58,1.495,82.37,4.24,93.15
Hetzner,sa-east-1,Kubernetes,64,512,250,7939,99.834,99.89,30.6,42.47,6385.52,0.305,86.32,83.1,74.91,0.0534,88.05,1.564,80.49,4.18,92.2
Hetzner,sa-east-1,Compute,16,128,1000,859,99.837,99.81,29.89,39.21,763.77,0.259,86.13,84.2,72.76,0.0503,87.97,1.67,76.42,4.1,91.61
Hetzner,sa-east-1,Networking,4,32,100,9710,99.847,100,31.3,36.07,7998.58,0.265,90.37,89.71,76.46,0.045,91.77,1.706,82.63,4.16,93.37
Hetzner,sa-east-1,Networking,4,8,50,9812,99.875,100,35.83,50.53,6944.44,0.118,90.05,88.98,81.52,0.0685,93.67,1.091,75.96,4.26,95.37
Hetzner,sa-east-1,Database,64,128,2000,9738,99.869,99.64,32.37,36.18,8135.68,0.306,88.46,85.61,74.09,0.0359,88.9,1.131,76.77,4.13,93.4
Hetzner,sa-east-1,Database,2,8,250,8947,99.895,99.83,30.61,39.58,7289.28,0.533,88.23,87.03,85.99,0.0805,100,1.052,78.98,4.38,96.69
Hetzner,me-central-1,Networking,32,256,100,1111,99.935,99.83,23.45,34.75,955.54,0.534,89.44,87.12,81.42,0.0498,86.9,0.72,89.86,4.62,95.93
Hetzner,me-central-1,Networking,8,16,2000,7152,99.789,99.55,34.59,40.38,5883.92,0.172,86.51,85.42,78.15,0.0727,96.24,1.902,79.27,4.04,92.63
Hetzner,me-central-1,Networking,2,8,2000,2301,99.709,99.52,35.27,40.47,1835.76,0.282,90.07,87.57,76.89,0.02,81.18,2.555,69.71,3.96,90.16
Hetzner,me-central-1,AI,32,256,500,3916,99.85,99.49,30.61,40.52,3643.56,0.088,85.96,81.46,74.95,0.0529,84.26,1.692,84.13,4.35,91.4
Hetzner,me-central-1,Compute,16,32,100,4109,99.693,99.21,38.6,46.39,3378.22,0.204,87.65,87.34,74.64,0.0545,82.85,2.882,73.18,3.97,88.55
Hetzner,me-central-1,Kubernetes,64,128,1000,7730,99.836,99.62,30.6,45.11,7316.77,0.146,89.52,84.94,71.98,0.046,92.34,1.445,80.33,4.4,93.07
Hetzner,me-central-1,Kubernetes,8,16,50,7355,99.912,100,25.69,29.23,6204.33,0.217,87.37,83.15,83.08,0.0625,87.14,0.936,75.86,4.22,95.23
Hetzner,me-central-1,Compute,64,128,250,3731,99.731,99.64,36.83,51.59,3211.72,0.38,92.21,87.8,81.89,0.0513,84.37,2.31,89.06,3.85,92.19
Hetzner,me-central-1,Compute,4,16,50,8748,99.801,100,31.16,42.93,6395.38,0.336,88.15,83.89,78.46,0.0555,94.13,2.046,80.22,4.36,92.75
Hetzner,me-central-1,Storage,4,32,100,1270,99.77,99.9,34.99,48.37,1092.94,0.493,88.04,83.38,84.17,0.0303,90.27,2.146,89.5,3.93,92.79
Hetzner,me-central-1,Kubernetes,4,8,1000,3307,99.86,99.27,30.55,43.09,3150.39,0.318,87.6,86.89,78.73,0.0602,87.19,1.201,77.49,4.34,93.66
Hetzner,me-central-1,Kubernetes,8,64,1000,6737,99.879,100,33.1,44.7,6225.18,0.231,87.0,83.82,77.04,0.0386,83.62,1.096,69.95,4.29,93.1
Hetzner,me-central-1,Storage,32,256,1000,9625,99.917,99.75,32.96,42.21,7460.55,0.27,87.2,82.38,83.11,0.04,87.7,0.669,85.83,4.19,95.4
Hetzner,me-central-1,AI,64,512,500,2741,99.9,99.69,25.62,33.99,2082.83,0.103,87.38,83.65,78.25,0.0756,90.57,0.955,79.14,4.25,94.75
Hetzner,me-central-1,Kubernetes,8,32,250,3348,99.834,99.77,32.43,46.91,3083.81,0.256,90.41,86.61,82.65,0.0395,89.54,1.384,94.75,4.14,94.7
Hetzner,me-central-1,Networking,64,256,250,5623,99.793,99.38,32.94,45.86,4815.48,0.306,83.68,83.32,80.32,0.0629,94.6,1.726,77.12,3.99,92.63
Hetzner,me-central-1,Storage,32,64,1000,7655,99.847,99.9,38.5,44.83,7445.26,0.294,87.96,86.56,75.87,0.0583,98.67,1.611,83.37,3.91,93.3
Hetzner,me-central-1,Storage,32,256,1000,302,99.778,99.79,26.6,35.73,272.63,0.267,85.81,82.49,83.24,0.0592,94.9,2.017,79.56,4.26,93.36
Hetzner,me-central-1,Networking,4,8,2000,2699,99.903,100,26.39,33.83,2471.2,0.145,89.8,85.45,77.61,0.0566,96.83,0.959,70.56,4.39,95.81
Hetzner,me-central-1,Compute,2,16,100,8610,99.918,100,22.94,32.58,6168.37,0.257,89.98,89.73,79.04,0.0266,94.06,1.078,85.23,4.66,95.72
Hetzner,me-central-1,AI,4,32,1000,7981,99.785,99.99,31.74,44.69,7577.2,0.411,87.85,87.46,81.18,0.0701,91.64,1.933,72.3,4.06,93.06
Hetzner,me-central-1,Networking,8,64,250,6134,99.882,100,29.6,35.73,4378.63,0.165,89.22,85.67,79.54,0.0721,89.48,1.098,74.39,4.1,94.76
Hetzner,me-central-1,Database,32,64,500,1126,99.791,100,23.16,33.09,1076.71,0.195,87.89,86.43,81.02,0.0623,92.84,1.776,75.71,4.62,93.95
Hetzner,me-central-1,Compute,32,128,100,3110,99.906,99.91,27.39,39.55,2196.99,0.339,88.73,85.52,80.55,0.0307,90.46,0.802,78.61,4.37,95.65
Hetzner,me-central-1,Compute,8,64,100,280,99.843,99.45,33.63,40.16,271.19,0.397,88.73,84.53,77.99,0.0376,85.55,1.509,81.08,4.32,92.82
Hetzner,me-central-1,AI,32,64,100,4201,99.903,99.63,30.25,35.88,3692.26,0.334,88.18,85.31,79.81,0.0623,98.14,1.145,67.17,4.17,95.31
Hetzner,me-central-1,Kubernetes,32,64,2000,5763,99.805,99.93,28.97,38.12,4832.02,0.181,90.73,88.61,77.89,0.0618,94.92,1.88,81.14,4.22,93.74
Hetzner,me-central-1,Database,4,16,100,4883,99.796,99.5,27.52,38.65,4051.32,0.413,86.95,85.14,78.27,0.0308,88.86,1.918,78.48,4.42,92.29
Hetzner,me-central-1,AI,8,64,500,3972,99.822,99.36,30.43,43.63,2982.97,0.501,89.79,85.43,79.77,0.0498,81.18,1.622,74.08,4.12,92.77
Hetzner,me-central-1,Networking,8,32,500,6960,99.9,100,30.78,45.4,6761.09,0.154,87.53,85.46,75.6,0.0648,87.32,1.083,80.79,4.15,93.52
Hetzner,me-central-1,Storage,32,256,1000,8630,99.86,99.61,24.99,33.64,7910.67,0.174,86.29,84.51,83.84,0.0244,83.63,1.275,77.98,4.62,94.01
Hetzner,me-central-1,Compute,64,128,250,3718,99.794,99.68,29.8,34.56,2826.73,0.363,90.93,89.26,78.74,0.0689,93.26,2.07,76.53,4.38,93.25
Hetzner,me-central-1,Compute,32,64,2000,6827,99.905,99.63,38.27,41.63,6578.19,0.414,89.22,87.71,72.75,0.0536,96.58,0.944,73.72,4.03,94.24
Hetzner,me-central-1,Networking,32,256,2000,4416,99.935,99.97,30.46,43.06,3218.34,0.194,85.83,84.05,80.72,0.0452,80.57,0.762,66.68,4.4,93.96
Hetzner,me-central-1,Compute,8,16,1000,6017,99.82,99.7,33.56,35.79,5662.53,0.337,91.03,89.3,75.27,0.0599,90.71,1.861,84.88,4.13,92.71
Hetzner,me-central-1,Storage,4,32,500,1812,99.837,100,33.87,47.68,1729.74,0.216,87.42,86.43,76.8,0.0508,90.41,1.779,93.3,4.33,92.37
Hetzner,me-central-1,AI,4,32,2000,7837,99.783,100,28.52,39.24,7156.12,0.149,88.7,85.83,76.61,0.0487,89.62,1.948,88.31,4.23,92.44
Hetzner,me-central-1,Storage,2,8,100,4462,99.863,99.65,37.56,50.02,3955.14,0.34,88.91,84.5,78.13,0.0654,96.63,1.152,79.24,4.19,94.63
Hetzner,me-central-1,AI,4,8,50,4164,99.873,99.65,32.14,34.7,3323.91,0.202,88.05,83.89,74.14,0.0496,90.39,1.394,70.27,4.12,92.94
Hetzner,me-central-1,Kubernetes,64,128,50,1532,99.817,99.33,35.96,41.28,1367.96,0.273,87.55,82.92,80.62,0.0519,97.24,1.874,78.16,3.96,93.3
Scaleway,us-east-1,Storage,4,8,2000,1918,99.685,99.66,33.02,35.07,1507.98,0.416,91.19,90.13,78.26,0.0837,90.35,2.597,86.56,4.23,91.62
Scaleway,us-east-1,Storage,8,64,250,2597,99.734,99.82,32.7,35.13,2325.65,0.372,91.02,90.59,80.99,0.0296,82.35,2.426,74.2,4.1,91.59
Scaleway,us-east-1,Database,16,32,2000,2428,99.796,99.79,37.21,40.81,2369.04,0.398,88.0,83.61,81.65,0.045,93.21,1.687,78.99,4.09,93.53
Scaleway,us-east-1,Networking,2,16,100,4681,99.826,99.6,36.86,46.3,3945.9,0.418,88.45,84.47,70.79,0.0364,90.4,1.529,83.0,4.16,91.94
Scaleway,us-east-1,Compute,2,16,2000,732,99.821,99.45,38.99,53.95,577.97,0.301,89.38,86.59,84.73,0.0522,91.9,1.623,91.37,4.06,94.16
Scaleway,us-east-1,Compute,64,256,500,1576,99.799,100,37.31,49.97,1423.83,0.414,85.79,84.33,80.09,0.02,96.99,1.906,80.87,3.97,92.78
Scaleway,us-east-1,Kubernetes,2,4,1000,4284,99.888,99.82,40.18,47.31,3957.88,0.24,88.06,86.04,73.99,0.0631,92.68,0.985,81.62,4.05,93.63
Scaleway,us-east-1,AI,4,16,500,9950,99.867,99.53,33.1,41.83,8638.42,0.386,88.33,86.28,78.21,0.0638,93.85,1.115,86.14,3.99,94.52
Scaleway,us-east-1,AI,64,512,100,874,99.723,99.12,26.95,41.87,801.29,0.198,84.85,80.67,77.19,0.0365,89.94,2.447,80.03,4.51,90.63
Scaleway,us-east-1,Kubernetes,32,128,50,934,99.849,100,29.55,36.36,812.38,0.277,88.23,84.56,81.57,0.0535,88.75,1.654,82.14,4.42,93.61
Scaleway,us-east-1,Storage,8,64,100,3683,99.922,99.63,32.06,44.1,3099.86,0.22,91.58,87.49,75.81,0.0512,89.52,0.664,73.53,4.11,95.41
Scaleway,us-east-1,Networking,2,8,100,5613,99.814,99.39,39.12,51.29,5088.44,0.41,87.39,85.42,81.25,0.0545,95.32,1.767,76.79,3.82,93.23
Scaleway,us-east-1,Compute,8,32,2000,404,99.791,99.42,33.28,43.56,335.96,0.212,87.36,87.08,81.78,0.0847,85.53,2.142,79.18,4.05,91.79
Scaleway,us-east-1,AI,64,512,500,5020,99.848,99.69,29.7,36.38,4835.01,0.35,87.89,87.68,74.45,0.0744,90.03,1.704,78.44,4.38,92.39
Scaleway,us-east-1,Networking,16,32,250,1980,99.835,99.82,26.15,30.88,1390.05,0.298,85.92,84.71,78.32,0.04,92.98,1.366,76.9,4.25,93.81
Scaleway,us-east-1,Networking,16,128,100,6532,99.763,99.4,37.48,46.95,5284.05,0.245,90.29,85.85,77.74,0.0637,95.22,1.916,81.43,3.98,93.04
Scaleway,us-east-1,Database,8,16,250,1149,99.762,99.53,28.98,36.85,893.63,0.344,84.87,83.31,77.48,0.0411,92.29,2.344,81.48,4.21,91.11
Scaleway,us-east-1,AI,64,256,1000,7099,99.78,99.74,31.99,41.44,5943.34,0.578,91.41,88.26,76.58,0.0446,93.23,2.149,78.06,4.22,92.74
Scaleway,us-east-1,AI,16,32,1000,1581,99.82,99.48,35.58,45.13,1158.76,0.192,86.58,81.71,80.38,0.0406,93.48,1.587,76.28,4.1,93.31
Scaleway,us-east-1,Storage,4,32,1000,2371,99.789,99.25,34.99,49.4,1721.03,0.269,85.57,84.18,75.78,0.0462,97.81,1.979,77.06,4.18,91.99
Scaleway,us-east-1,Networking,2,8,100,1883,99.795,100,41.75,53.47,1445.11,0.611,85.49,82.56,83.45,0.0557,87.6,1.811,79.05,3.92,92.23
Scaleway,us-east-1,Storage,8,16,100,9579,99.799,99.87,32.56,42.86,8062.73,0.483,87.26,87.14,76.98,0.0536,91.75,1.714,73.07,4.27,92.68
Scaleway,us-east-1,Kubernetes,32,64,250,6177,99.88,99.74,36.49,47.58,4505.54,0.3,87.28,83.45,79.64,0.0553,84.07,1.07,79.72,3.87,93.45
Scaleway,us-east-1,Networking,2,4,250,2209,99.863,100,32.73,45.72,1593.26,0.207,90.1,87.68,82.83,0.0491,92.08,1.422,72.27,4.26,94.88
Scaleway,us-east-1,Networking,32,128,2000,1010,99.844,100,26.59,39.67,908.71,0.176,89.85,84.86,77.54,0.0464,100,1.438,71.06,4.3,95.11
Scaleway,us-east-1,Database,16,64,250,1020,99.768,99.66,32.82,36.97,831.03,0.326,85.09,80.53,79.25,0.0778,85.84,2.225,81.34,3.99,90.83
Scaleway,us-east-1,AI,64,256,100,4524,99.857,99.87,35.67,42.79,3775.32,0.449,88.09,85.33,77.65,0.0517,95.2,1.444,85.06,4.26,93.75
Scaleway,us-east-1,AI,8,32,2000,4109,99.874,99.57,31.19,43.01,3414.43,0.467,89.22,87.7,83.6,0.0377,98.62,1.226,78.39,4.39,95.93
Scaleway,us-east-1,Compute,2,4,1000,1186,99.789,99.35,40.09,53.73,916.04,0.572,89.69,86.69,79.84,0.0687,91.58,1.818,77.01,4.06,92.93
Scaleway,us-east-1,Kubernetes,32,64,2000,6971,99.813,99.74,32.44,47.31,5605.89,0.357,83.79,79.33,80.22,0.0402,89.14,1.722,78.12,4.21,92.16
Scaleway,us-east-1,Compute,4,8,1000,2207,99.877,99.62,32.74,35.77,1969.54,0.237,86.76,81.83,76.82,0.0805,91.17,1.465,84.1,4.33,92.99
Scaleway,us-east-1,Compute,4,16,1000,2877,99.797,99.26,32.93,45.17,2581.63,0.397,90.34,89.0,80.3,0.0834,82.54,2.012,77.27,4.09,92.14
Scaleway,us-east-1,AI,16,32,1000,8502,99.877,99.97,31.71,39.45,6528.18,0.044,89.44,87.84,79.79,0.0563,93.18,1.377,77.69,4.38,94.53
Scaleway,us-east-1,Database,2,16,1000,1578,99.742,99.26,36.98,46.14,1491.37,0.349,90.65,90.11,76.28,0.0573,88.49,2.501,74.94,4.04,90.94
Scaleway,us-east-1,Kubernetes,4,32,2000,4955,99.843,99.58,32.67,35.05,4829.24,0.252,92.49,91.51,83.59,0.0491,89.54,1.595,90.92,4.36,94.81
Scaleway,us-east-1,Database,2,8,250,3435,99.873,99.72,33.45,42.63,2533.73,0.041,84.53,84.23,80.46,0.0652,95.49,1.312,74.6,4.11,93.85
Scaleway,us-east-1,Database,64,512,100,7961,99.799,99.91,29.54,39.57,6620.08,0.196,89.84,86.4,83.12,0.0463,97.82,1.817,73.88,4.17,94.78
Scaleway,us-east-1,Database,2,8,1000,6219,99.75,99.98,30.94,33.61,5943.24,0.378,86.12,85.95,80.56,0.0481,91.72,2.48,83.61,4.35,91.48
Scaleway,us-east-1,Compute,64,256,50,207,99.88,100,32.28,44.39,192.9,0.238,88.03,83.34,77.59,0.0641,95.45,1.434,80.01,4.02,93.98
Scaleway,us-east-1,Compute,64,128,1000,4840,99.905,99.38,29.57,31.96,4170.42,0.267,88.78,84.59,81.11,0.0698,87.02,0.845,81.52,4.44,95.09
Scaleway,us-west-2,Networking,8,16,100,7677,99.832,99.76,23.22,36.68,7099.01,0.18,88.39,85.37,82.82,0.0684,91.84,1.829,78.37,4.54,94.09
Scaleway,us-west-2,Storage,4,16,100,5840,99.737,99.47,30.31,43.62,5162.37,0.282,88.21,84.26,82.44,0.082,89.71,2.176,69.68,4.19,92.6
Scaleway,us-west-2,Database,16,32,100,9538,99.889,99.63,36.14,38.17,8764.79,0.452,90.09,85.51,80.0,0.0482,83.86,1.044,83.5,3.96,94.13
Scaleway,us-west-2,Kubernetes,16,128,500,945,99.806,99.76,32.82,47.12,845.66,0.381,88.68,85.54,85.66,0.0617,84.33,1.946,85.32,4.34,93.05
Scaleway,us-west-2,Compute,64,128,1000,3015,99.797,99.26,31.35,41.51,2181.05,0.379,90.56,85.93,79.04,0.0643,86.76,1.937,76.02,4.12,92.67
Scaleway,us-west-2,Database,16,32,100,988,99.873,100,27.97,31.75,709.03,0.309,89.31,85.32,81.12,0.0746,87.22,1.282,80.57,4.41,94.48
Scaleway,us-west-2,Networking,32,256,2000,3823,99.824,99.69,28.91,35.28,3662.53,0.341,89.53,84.92,80.15,0.036,92.97,1.433,74.39,4.42,94.55
Scaleway,us-west-2,Networking,8,16,50,5087,99.83,99.77,29.61,42.82,4230.83,0.208,87.64,85.93,78.8,0.0518,98.91,1.389,74.41,4.44,94.64
Scaleway,us-west-2,Compute,8,32,2000,8060,99.818,99.45,28.88,34.6,7222.97,0.35,88.1,87.79,75.7,0.0251,90.77,1.846,81.8,4.13,92.41
Scaleway,us-west-2,Compute,32,128,2000,6175,99.778,99.54,33.98,40.09,4767.45,0.319,87.17,83.13,78.29,0.0695,88.45,2.15,76.63,4.28,91.47
Scaleway,us-west-2,AI,2,4,1000,8073,99.807,99.37,31.66,35.87,6341.59,0.349,87.48,85.43,75.99,0.0624,86.98,1.856,74.54,4.03,91.74
Scaleway,us-west-2,Storage,4,16,250,6174,99.806,99.46,27.76,39.43,5107.16,0.201,89.38,89.14,81.06,0.038,83.5,1.959,81.82,4.28,92.58
Scaleway,us-west-2,Database,32,128,2000,7587,99.836,99.29,24.92,28.7,6461.81,0.155,86.87,84.78,82.7,0.02,87.22,1.566,67.07,4.55,93.66
Scaleway,us-west-2,Kubernetes,2,4,100,3927,99.803,99.8,26.34,37.98,2767.8,0.277,88.07,86.86,78.06,0.0522,94.96,1.974,73.17,4.35,93.13
Scaleway,us-west-2,Networking,16,128,500,8006,99.868,100,44.95,50.06,7252.17,0.516,88.28,87.44,81.99,0.0513,87.99,1.345,76.28,3.69,93.45
Scaleway,us-west-2,Compute,16,32,250,6973,99.784,99.94,31.64,42.72,5344.97,0.354,87.32,83.27,75.47,0.0661,79.59,1.852,79.79,4.39,90.94
Scaleway,us-west-2,Compute,2,8,500,332,99.767,99.26,29.22,34.2,320.83,0.343,90.15,85.82,85.79,0.0536,85.47,2.071,86.43,4.48,93.34
Scaleway,us-west-2,Kubernetes,64,256,250,7112,99.814,99.52,39.73,49.0,6773.28,0.297,87.44,87.11,82.16,0.0791,89.85,1.565,79.64,3.8,93.22
Scaleway,us-west-2,Compute,32,64,2000,5648,99.737,99.3,25.54,40.1,4300.46,0.166,87.15,84.14,79.89,0.0293,90.98,2.24,87.31,4.6,92.19
Scaleway,us-west-2,AI,16,128,2000,9368,99.888,100,24.51,26.84,6973.72,0.175,92.3,88.76,83.55,0.0604,86.8,1.353,70.64,4.54,95.49
Scaleway,us-west-2,Compute,64,128,500,8902,99.816,99.95,31.7,36.83,7917.66,0.32,84.55,81.23,80.77,0.0644,90.94,1.77,83.3,4.41,92.57
Scaleway,us-west-2,AI,4,8,500,477,99.76,99.6,29.0,38.0,371.74,0.241,88.96,85.98,83.0,0.0465,92.1,2.023,86.25,4.17,93.51
Scaleway,us-west-2,Storage,8,16,500,1356,99.875,99.4,34.65,42.9,1127.15,0.241,86.9,86.28,82.43,0.0421,95.48,1.003,82.33,4.21,95.19
Scaleway,us-west-2,AI,16,128,2000,5459,99.796,99.86,25.02,37.23,4576.9,0.254,86.34,84.3,78.86,0.053,89.93,1.996,74.03,4.54,92.39
Scaleway,us-west-2,Compute,8,32,100,5298,99.778,99.6,34.98,37.02,4427.44,0.214,86.69,82.14,81.66,0.0433,99.93,2.226,79.96,3.94,92.91
Scaleway,us-west-2,Kubernetes,8,16,250,440,99.955,100,30.45,44.95,347.01,0.31,88.24,83.52,78.37,0.0443,84.89,0.846,68.38,4.29,94.39
Scaleway,us-west-2,Kubernetes,32,256,50,933,99.884,99.93,32.56,47.21,784.55,0.416,88.2,83.87,78.67,0.0623,84.17,1.062,79.77,4.02,93.75
Scaleway,us-west-2,Compute,2,4,1000,3949,99.819,100,33.28,41.58,2841.93,0.41,87.25,86.13,81.71,0.043,90.22,1.769,76.11,4.11,93.14
Scaleway,us-west-2,Networking,32,64,250,5775,99.766,99.96,37.24,41.22,5183.12,0.354,88.2,84.25,82.11,0.0721,91.42,1.934,85.39,3.97,92.95
Scaleway,us-west-2,Networking,8,32,50,4140,99.806,99.32,34.18,47.98,3889.83,0.349,86.22,85.57,77.68,0.0718,85.48,1.799,73.31,4.0,91.56
Scaleway,us-west-2,Kubernetes,64,256,100,6159,99.858,99.74,31.19,41.93,5931.2,0.409,82.17,80.12,79.66,0.0662,94.98,1.354,82.48,4.13,93.2
Scaleway,us-west-2,Compute,64,512,100,4400,99.779,99.33,32.44,40.8,3641.49,0.394,89.68,87.13,81.67,0.0449,91.12,2.032,75.73,4.29,93.11
Scaleway,us-west-2,Database,16,32,2000,1065,99.906,99.55,36.26,39.44,926.54,0.237,87.35,84.58,75.92,0.025,92.67,0.772,77.19,4.19,94.4
Scaleway,us-west-2,Storage,32,256,2000,6249,99.836,99.89,30.42,41.48,4832.28,0.383,89.96,89.5,82.11,0.0664,89.44,1.658,80.71,4.15,94.06
Scaleway,us-west-2,Storage,16,32,1000,3325,99.787,99.91,35.51,45.51,2837.68,0.42,89.02,84.1,75.63,0.0758,86.31,2.011,77.56,3.93,91.49
Scaleway,us-west-2,AI,16,128,500,9952,99.849,100,34.21,41.42,8375.51,0.276,89.64,87.06,82.0,0.0457,90.99,1.35,85.49,4.01,94.61
Scaleway,us-west-2,Compute,32,64,2000,7749,99.715,99.75,31.2,37.91,6502.34,0.276,87.75,84.46,80.86,0.0692,89.92,2.455,85.74,4.41,91.67
Scaleway,us-west-2,Storage,4,16,250,1221,99.824,99.56,33.41,36.78,998.69,0.27,87.23,83.8,82.3,0.0538,87.49,1.611,74.62,4.14,93.19
Scaleway,us-west-2,Storage,2,16,100,2227,99.696,99.67,32.25,37.51,1889.16,0.345,88.03,83.44,82.55,0.086,92.23,2.487,85.39,4.21,92.11
Scaleway,us-west-2,Kubernetes,16,32,100,5441,99.892,99.33,28.7,34.12,4348.53,0.487,86.4,85.29,83.87,0.061,88.91,0.974,85.17,4.49,94.99
Scaleway,eu-west-1,Compute,8,32,2000,7973,99.8,99.89,33.67,36.55,5824.71,0.361,93.44,89.32,83.8,0.061,87.41,2.076,72.95,4.16,93.79
Scaleway,eu-west-1,Kubernetes,4,16,50,9954,99.838,99.6,35.0,43.32,7815.17,0.251,88.56,88.28,77.71,0.0535,86.63,1.72,88.15,3.98,92.36
Scaleway,eu-west-1,AI,16,32,100,5929,99.777,99.84,38.23,52.19,4157.85,0.567,85.31,83.03,76.41,0.0638,92.95,2.007,90.74,3.98,91.38
Scaleway,eu-west-1,Database,8,64,250,1212,99.751,99.7,34.69,39.91,940.32,0.218,89.93,87.07,78.81,0.061,94.26,2.347,78.98,4.25,92.31
Scaleway,eu-west-1,Storage,64,256,250,443,99.817,100,29.05,42.9,388.53,0.119,90.39,87.33,83.92,0.0526,90.41,1.9,80.75,4.3,94.11
Scaleway,eu-west-1,Database,16,64,50,7157,99.788,99.51,24.69,28.98,5837.54,0.318,87.13,84.58,83.04,0.0653,94.05,2.077,81.15,4.52,93.44
Scaleway,eu-west-1,AI,32,256,250,2620,99.885,99.47,32.7,40.31,1902.46,0.316,88.6,84.31,82.39,0.0789,89.8,1.298,74.92,4.12,94.44
Scaleway,eu-west-1,Networking,16,32,500,3248,99.83,100,25.89,38.62,3094.28,0.406,87.67,82.7,74.19,0.0367,88.98,1.404,81.27,4.26,93.07
Scaleway,eu-west-1,Database,32,64,1000,691,99.786,99.62,33.73,46.57,660.84,0.352,88.12,87.7,75.7,0.0527,92.69,2.012,82.2,4.01,92.03
Scaleway,eu-west-1,Kubernetes,16,128,500,3981,99.817,99.63,28.71,36.42,2868.02,0.235,85.03,82.61,80.46,0.0769,87.22,1.796,75.87,4.27,92.28
Scaleway,eu-west-1,Storage,4,8,250,6975,99.893,100,33.99,47.51,6350.16,0.345,88.9,88.84,77.22,0.0559,91.53,1.204,67.81,3.94,94.08
Scaleway,eu-west-1,Kubernetes,16,128,1000,2863,99.811,100,34.29,44.74,2621.44,0.29,86.06,84.21,78.15,0.0829,96.4,1.92,87.48,3.96,92.6
Scaleway,eu-west-1,AI,32,256,100,4777,99.852,99.75,32.87,40.66,4357.35,0.455,89.18,88.26,79.83,0.0821,91.49,1.266,84.07,4.25,94.43
Scaleway,eu-west-1,Storage,8,16,2000,506,99.867,99.4,33.28,37.69,396.7,0.305,92.21,89.18,85.43,0.0618,87.47,1.151,83.12,4.29,95.7
Scaleway,eu-west-1,AI,4,16,500,7442,99.825,99.86,33.72,39.45,7008.64,0.184,86.04,82.01,79.05,0.0456,90.34,1.876,82.26,4.2,92.21
Scaleway,eu-west-1,Storage,8,64,250,9256,99.866,100,39.03,48.77,7765.15,0.306,88.63,84.89,78.67,0.0466,79.46,1.318,80.31,4.12,92.47
Scaleway,eu-west-1,Kubernetes,2,4,1000,7287,99.864,100,35.32,42.44,5549.31,0.369,88.99,84.74,75.69,0.0466,92.0,1.198,81.57,3.98,93.85
Scaleway,eu-west-1,Storage,64,256,1000,5379,99.848,99.39,29.64,36.87,4820.41,0.174,88.19,86.06,73.16,0.0456,91.09,1.423,81.57,4.08,92.91
Scaleway,eu-west-1,Storage,64,128,1000,6787,99.884,99.91,37.33,50.2,5625.72,0.397,89.16,87.62,84.64,0.0667,81.97,1.342,86.83,3.95,93.82
Scaleway,eu-west-1,Storage,16,64,2000,4643,99.782,99.45,31.28,43.84,3822.08,0.422,87.49,85.18,80.85,0.0734,94.29,1.882,86.39,4.35,93.25
Scaleway,eu-west-1,AI,64,512,250,1201,99.815,100,26.46,33.35,1063.38,0.165,86.73,86.7,78.77,0.057,92.98,1.523,77.09,4.35,93.73
Scaleway,eu-west-1,Kubernetes,16,64,1000,9344,99.856,99.3,35.59,41.52,7269.97,0.357,92.65,87.83,79.26,0.0323,88.24,1.407,73.81,4.22,94.22
Scaleway,eu-west-1,Database,64,512,100,2736,99.82,99.52,33.71,37.42,2524.76,0.35,87.68,82.79,77.82,0.0661,96.74,1.864,78.45,4.03,93.0
Scaleway,eu-west-1,Kubernetes,8,16,250,6753,99.848,100,38.24,47.94,5888.45,0.394,91.92,88.47,83.46,0.067,83.79,1.374,83.15,4.18,94.3
Scaleway,eu-west-1,Database,2,8,100,6887,99.872,99.66,27.81,39.39,5774.15,0.177,89.06,86.53,76.99,0.0563,95.94,1.37,74.35,4.22,94.47
Scaleway,eu-west-1,Networking,16,64,50,6178,99.948,100,34.12,47.81,5690.81,0.209,87.21,82.3,80.75,0.0525,82.09,0.654,78.87,4.12,94.46
Scaleway,eu-west-1,Compute,64,512,50,4261,99.859,99.45,33.82,47.78,4162.26,0.337,91.32,88.4,84.83,0.056,94.64,1.416,74.34,3.98,95.59
Scaleway,eu-west-1,Networking,16,64,1000,2341,99.819,99.45,32.8,36.64,1847.3,0.393,88.71,86.29,77.7,0.0498,91.8,1.589,83.6,4.22,93.3
Scaleway,eu-west-1,Networking,16,64,100,6836,99.733,99.86,30.26,33.12,5375.67,0.232,86.84,85.7,82.45,0.0459,98.46,2.609,79.87,4.06,92.38
Scaleway,eu-west-1,AI,2,8,500,1915,99.91,99.57,31.12,44.6,1694.7,0.288,90.9,86.44,80.32,0.0692,90.13,0.735,83.51,4.05,95.92
Scaleway,eu-west-1,Networking,16,128,50,4883,99.779,99.52,30.7,34.87,3604.57,0.323,89.97,87.46,80.77,0.0687,94.87,2.11,74.51,4.24,93.38
Scaleway,eu-west-1,Compute,4,16,50,2195,99.795,99.3,23.64,33.18,1615.94,0.079,89.37,88.46,77.99,0.0337,88.36,2.086,88.62,4.37,92.53
Scaleway,eu-west-1,AI,2,4,1000,4548,99.914,99.43,32.04,34.15,3370.15,0.345,85.22,80.45,79.6,0.0417,97.94,1.057,76.07,4.14,94.69
Scaleway,eu-west-1,Networking,4,16,2000,5281,99.697,99.68,33.45,43.13,4116.34,0.299,89.74,86.41,83.39,0.0646,96.41,2.648,85.52,4.04,92.64
Scaleway,eu-west-1,Networking,2,8,2000,4329,99.782,99.69,35.56,46.23,3790.84,0.398,86.92,82.1,82.91,0.0379,89.78,2.115,73.47,4.13,92.31
Scaleway,eu-west-1,Database,4,16,250,8614,99.782,99.69,29.37,43.54,6798.46,0.129,86.06,84.58,83.88,0.0669,97.28,1.96,79.01,4.48,93.72
Scaleway,eu-west-1,Database,8,16,500,8873,99.831,99.42,35.52,47.52,8388.41,0.42,86.01,85.84,84.01,0.0685,82.55,1.587,66.93,4.15,92.61
Scaleway,eu-west-1,Database,2,4,500,4946,99.839,99.27,32.04,46.96,4751.6,0.353,87.83,84.68,81.89,0.0374,83.88,1.77,79.84,4.39,92.57
Scaleway,eu-west-1,Storage,64,128,500,7247,99.887,100,36.75,42.74,5842.73,0.043,85.31,83.68,82.04,0.0498,97.93,1.347,75.96,4.04,94.32
Scaleway,eu-west-1,Networking,64,512,50,2551,99.855,99.41,33.46,40.63,2436.62,0.327,88.48,86.87,75.11,0.041,80.94,1.326,79.58,4.16,92.22
Scaleway,eu-central-1,Database,32,64,50,2842,99.72,99.5,32.97,42.83,2244.19,0.084,89.63,86.04,76.9,0.0553,91.45,2.643,79.37,4.07,91.08
Scaleway,eu-central-1,Kubernetes,32,64,2000,997,99.837,99.82,28.4,36.37,750.41,0.304,87.53,83.48,80.0,0.0498,87.63,1.368,87.23,4.5,93.73
Scaleway,eu-central-1,Storage,64,128,1000,4563,99.843,99.89,38.37,42.85,4253.93,0.465,90.61,90.16,81.57,0.0772,77.33,1.55,88.45,3.88,92.65
Scaleway,eu-central-1,AI,16,64,100,3274,99.823,99.83,34.65,49.45,2607.43,0.372,90.02,88.12,78.21,0.0695,94.4,1.847,76.68,4.19,93.35
Scaleway,eu-central-1,Kubernetes,64,128,2000,7611,99.704,100,29.98,35.05,6509.04,0.399,87.65,86.54,78.15,0.0796,86.93,2.43,79.13,4.19,91.07
Scaleway,eu-central-1,Compute,4,32,100,980,99.811,99.87,29.24,32.5,938.69,0.085,90.36,90.26,81.49,0.0752,87.6,1.575,80.04,4.27,94.08
Scaleway,eu-central-1,Kubernetes,8,32,100,5325,99.844,99.97,23.6,31.62,4437.46,0.288,90.2,87.05,80.23,0.0378,100,1.487,76.31,4.45,95.66
Scaleway,eu-central-1,Storage,64,128,1000,7537,99.791,100,32.88,37.54,6094.94,0.526,89.76,88.35,80.34,0.0536,88.02,2.043,86.17,4.31,92.66
Scaleway,eu-central-1,Compute,32,128,500,1947,99.787,100,32.15,34.22,1443.07,0.341,87.04,86.26,82.61,0.0288,93.96,1.737,83.01,4.06,93.75
Scaleway,eu-central-1,Networking,8,64,2000,1401,99.866,100,32.11,42.62,1017.3,0.309,84.79,83.97,77.31,0.0639,86.41,1.556,87.3,4.35,92.05
Scaleway,eu-central-1,Storage,32,128,50,8570,99.784,99.22,30.88,43.74,6098.9,0.425,92.96,92.32,81.12,0.0694,99.18,2.037,73.78,4.43,94.62
Scaleway,eu-central-1,Compute,16,64,1000,6663,99.918,100,23.67,35.96,5414.0,0.285,90.43,86.95,77.06,0.0427,86.92,0.905,81.67,4.53,95.08
Scaleway,eu-central-1,Compute,64,512,50,884,99.831,100,34.35,44.64,807.64,0.192,84.32,82.97,81.71,0.0582,89.73,1.715,87.0,4.09,92.53
Scaleway,eu-central-1,Database,32,128,1000,2895,99.835,100,38.43,51.75,2608.57,0.418,88.17,86.63,81.58,0.0406,88.39,1.795,80.15,3.84,92.8
Scaleway,eu-central-1,Database,8,16,50,4970,99.856,99.33,31.51,44.92,3484.09,0.345,89.0,88.32,80.68,0.0598,79.91,1.397,75.56,4.29,93.04
Scaleway,eu-central-1,AI,64,256,2000,2847,99.818,100,28.78,35.63,2526.54,0.391,90.34,89.44,78.51,0.0699,94.03,1.587,78.11,4.47,94.3
Scaleway,eu-central-1,Storage,8,64,500,1975,99.778,99.75,32.85,38.15,1606.63,0.259,88.47,85.71,76.95,0.053,96.84,1.994,78.51,4.2,92.84
Scaleway,eu-central-1,Compute,16,128,100,4983,99.831,100,34.91,47.76,4207.06,0.513,89.79,85.67,82.69,0.078,94.22,1.361,86.22,3.95,95.03
Scaleway,eu-central-1,Networking,2,8,500,7709,99.854,100,32.61,35.35,5466.87,0.49,87.69,86.31,78.27,0.0517,80.41,1.346,82.24,4.2,92.59
Scaleway,eu-central-1,AI,16,64,2000,9450,99.862,99.29,36.39,50.93,7340.77,0.375,86.97,86.13,79.83,0.0507,89.47,1.172,76.28,4.24,93.7
Scaleway,eu-central-1,Networking,8,16,1000,7769,99.78,99.36,30.49,35.46,6290.67,0.353,88.84,86.76,81.74,0.0435,92.04,1.867,86.21,4.34,93.5
Scaleway,eu-central-1,AI,64,256,50,5547,99.784,100,36.13,44.21,4921.6,0.455,86.45,83.09,82.96,0.0631,86.68,2.125,76.28,3.92,91.89
Scaleway,eu-central-1,Networking,16,32,500,5156,99.77,100,36.06,44.21,4512.44,0.395,90.0,85.74,78.37,0.0582,83.67,2.17,73.21,4.16,91.5
Scaleway,eu-central-1,Kubernetes,16,64,1000,3409,99.902,100,27.09,38.94,3199.93,0.347,85.38,82.94,81.27,0.0514,93.72,0.88,81.02,4.28,95.26
Scaleway,eu-central-1,Database,16,64,100,1793,99.864,99.58,20.14,26.68,1315.91,0.094,82.85,79.52,79.15,0.0646,93.78,1.512,81.03,4.48,93.36
Scaleway,eu-central-1,Storage,64,128,500,4196,99.741,99.51,34.56,48.6,3803.62,0.6,87.75,82.8,81.12,0.053,85.25,2.234,77.72,4.21,91.48
Scaleway,eu-central-1,Storage,32,64,100,4605,99.861,99.54,36.83,51.74,3300.56,0.259,88.01,86.86,81.35,0.0648,94.44,1.61,81.29,3.88,93.77
Scaleway,eu-central-1,Database,64,512,500,8868,99.754,99.86,33.22,47.18,8445.83,0.35,88.65,85.77,82.62,0.084,89.87,2.288,80.46,4.25,92.41
Scaleway,eu-central-1,Kubernetes,32,128,1000,8403,99.856,99.62,32.31,44.31,6494.41,0.392,85.53,82.44,82.95,0.0655,85.76,1.578,72.55,4.11,92.91
Scaleway,eu-central-1,Database,2,8,250,8332,99.764,99.98,30.36,44.45,7538.98,0.375,89.88,89.81,80.76,0.0477,87.55,2.077,68.67,4.36,92.75
Scaleway,eu-central-1,Database,64,128,500,8328,99.873,99.81,26.34,30.13,7158.78,0.263,86.91,86.18,82.86,0.0788,95.06,1.512,75.33,4.46,94.65
Scaleway,eu-central-1,Networking,16,64,100,9889,99.911,99.73,28.19,30.24,8485.49,0.149,88.07,86.09,80.78,0.0297,90.01,0.93,77.77,4.22,95.16
Scaleway,eu-central-1,Compute,8,64,100,2285,99.804,99.6,29.09,34.99,1664.65,0.34,88.31,87.5,79.3,0.0219,89.28,1.623,76.27,4.11,93.34
Scaleway,eu-central-1,AI,32,256,50,7482,99.812,99.92,24.65,39.6,6071.94,0.166,87.88,87.07,78.99,0.0484,88.96,1.805,82.75,4.63,93.07
Scaleway,eu-central-1,Kubernetes,2,8,250,8850,99.866,99.46,35.8,45.42,6675.94,0.387,88.88,84.77,83.98,0.0785,86.48,1.298,67.51,4.2,94.23
Scaleway,eu-central-1,Database,2,4,500,1242,99.84,99.78,27.94,39.42,921.43,0.096,89.47,85.13,79.8,0.0642,94.26,1.453,66.34,4.46,94.65
Scaleway,eu-central-1,Networking,4,16,1000,8241,99.897,100,29.67,35.63,7135.07,0.291,84.7,81.69,78.38,0.0705,92.09,0.874,85.37,4.19,94.37
Scaleway,eu-central-1,Networking,8,64,1000,2902,99.85,99.95,29.91,35.73,2779.03,0.327,89.97,89.76,75.46,0.0474,78.8,1.693,83.83,4.16,91.86
Scaleway,eu-central-1,Database,64,256,1000,999,99.809,99.67,38.58,42.05,896.29,0.398,90.76,88.09,75.29,0.0465,90.3,1.536,76.41,3.91,93.03
Scaleway,eu-central-1,Compute,32,128,500,1691,99.83,99.74,35.49,43.02,1243.71,0.246,88.32,84.72,83.23,0.0499,82.44,1.654,77.63,4.09,92.87
Scaleway,ap-south-1,Compute,4,32,250,8212,99.814,99.51,26.76,33.04,7530.16,0.337,88.61,86.86,84.87,0.0454,89.86,1.626,75.13,4.38,94.45
Scaleway,ap-south-1,Database,2,4,1000,6743,99.739,100,33.59,45.48,5504.03,0.444,89.3,85.12,80.61,0.0609,86.57,2.378,72.39,4.01,91.69
Scaleway,ap-south-1,Kubernetes,16,128,500,1817,99.845,99.38,37.58,50.5,1747.64,0.38,88.61,83.88,77.48,0.0485,84.73,1.316,76.8,3.83,92.81
Scaleway,ap-south-1,Storage,8,32,50,8826,99.807,99.9,32.83,43.47,8609.87,0.199,88.14,87.38,78.1,0.0721,90.87,1.784,75.18,4.14,92.8
Scaleway,ap-south-1,Networking,4,32,50,5964,99.943,99.83,35.95,46.66,5475.43,0.237,85.3,81.23,77.52,0.0853,85.25,0.652,77.99,4.13,93.76
Scaleway,ap-south-1,AI,64,128,100,3564,99.833,99.89,37.17,41.67,2910.51,0.386,90.0,87.11,76.0,0.0639,95.6,1.487,81.54,4.1,93.76
Scaleway,ap-south-1,Compute,64,512,250,9497,99.834,99.37,31.81,40.62,8777.59,0.151,84.96,82.17,74.9,0.0848,87.88,1.737,78.87,4.11,91.39
Scaleway,ap-south-1,Compute,64,512,250,1480,99.806,100,29.31,34.1,1163.32,0.361,87.19,83.55,82.42,0.0452,95.88,1.931,71.61,4.38,93.7
Scaleway,ap-south-1,Networking,32,256,250,4145,99.786,99.76,29.71,40.45,3378.51,0.268,87.65,82.88,76.61,0.0749,87.92,1.879,87.38,4.13,92.08
Scaleway,ap-south-1,Kubernetes,2,8,1000,6008,99.804,99.9,33.16,46.59,4413.77,0.449,85.54,84.74,80.42,0.0452,89.67,1.898,79.16,4.35,92.23
Scaleway,ap-south-1,Networking,32,128,100,6178,99.836,99.38,32.11,40.73,4463.42,0.357,92.74,92.14,81.07,0.062,84.87,1.383,78.38,4.35,94.41
Scaleway,ap-south-1,Kubernetes,32,64,50,849,99.826,99.43,27.61,36.39,738.82,0.497,85.25,85.1,78.28,0.0599,91.14,1.738,78.76,4.36,92.55
Scaleway,ap-south-1,AI,4,16,2000,4469,99.851,100,35.12,42.64,4313.21,0.407,87.9,82.9,83.73,0.0436,83.01,1.668,78.32,3.99,92.96
Scaleway,ap-south-1,Networking,2,4,1000,8461,99.841,99.89,35.25,43.36,7111.52,0.358,89.9,86.74,78.04,0.0502,93.63,1.336,71.32,3.94,94.27
Scaleway,ap-south-1,Storage,16,64,2000,4046,99.947,99.45,35.16,37.39,3559.72,0.51,89.61,85.54,88.09,0.0786,82.15,0.674,86.1,3.93,95.95
Scaleway,ap-south-1,Networking,32,256,100,5510,99.87,99.64,34.04,38.35,5230.39,0.158,89.15,85.67,77.99,0.0447,82.77,1.501,76.67,4.0,92.65
Scaleway,ap-south-1,Compute,32,256,500,3630,99.865,99.97,35.03,40.62,3104.86,0.18,88.8,88.19,80.39,0.0515,91.07,1.519,75.5,4.05,93.79
Scaleway,ap-south-1,AI,32,64,2000,1869,99.764,99.21,23.61,34.18,1743.56,0.236,92.04,89.04,83.65,0.0635,89.79,1.911,86.33,4.59,94.48
Scaleway,ap-south-1,Networking,32,64,1000,2827,99.848,99.93,31.91,33.99,2395.64,0.501,92.6,91.62,85.18,0.053,89.19,1.274,67.9,4.22,95.82
Scaleway,ap-south-1,Kubernetes,2,16,100,2150,99.842,99.94,31.38,34.59,1774.48,0.406,87.22,82.25,81.77,0.0613,91.42,1.442,80.21,4.26,94.05
Scaleway,ap-south-1,Compute,2,8,1000,8666,99.729,99.54,35.16,40.6,7164.0,0.413,84.85,79.9,76.82,0.0659,91.3,2.304,65.36,4.02,90.65
Scaleway,ap-south-1,Kubernetes,64,256,50,3517,99.784,99.72,27.38,31.8,3390.08,0.143,85.14,81.24,76.45,0.0541,85.76,2.094,80.78,4.41,90.96
Scaleway,ap-south-1,Networking,16,32,250,6252,99.801,100,30.7,41.33,5308.7,0.251,90.75,86.33,83.21,0.043,91.56,1.986,71.54,4.34,93.93
Scaleway,ap-south-1,AI,4,32,50,4640,99.753,99.6,39.41,46.56,3887.45,0.465,85.38,81.63,82.21,0.0834,93.84,2.002,89.56,3.96,92.31
Scaleway,ap-south-1,Storage,2,8,250,2719,99.788,99.95,28.75,33.49,2094.26,0.223,88.02,85.02,83.21,0.0367,89.4,2.173,74.64,4.26,92.82
Scaleway,ap-south-1,Database,4,8,500,7675,99.844,99.93,36.5,39.21,5668.4,0.432,88.37,84.34,82.64,0.044,98.46,1.399,87.35,4.19,94.99
Scaleway,ap-south-1,Compute,32,128,2000,8485,99.844,99.35,31.94,41.14,6716.15,0.21,89.85,89.07,82.24,0.0617,100,1.504,87.97,4.23,95.33
Scaleway,ap-south-1,Storage,16,32,1000,9085,99.799,99.55,36.45,46.94,6592.31,0.238,88.72,87.7,79.18,0.0878,86.36,1.724,83.27,3.96,92.49
Scaleway,ap-south-1,Database,2,8,500,2137,99.89,100,35.95,47.27,1530.61,0.343,87.95,87.1,77.28,0.0701,85.94,1.247,80.11,4.17,93.11
Scaleway,ap-south-1,Kubernetes,4,16,2000,2791,99.739,100,32.66,42.66,2424.85,0.347,87.61,83.83,82.55,0.0731,85.4,2.296,80.92,4.33,91.74
Scaleway,ap-south-1,Storage,4,32,2000,6265,99.834,100,30.09,40.23,5225.0,0.359,87.83,85.58,77.55,0.0647,90.09,1.661,79.74,4.46,92.99
Scaleway,ap-south-1,Kubernetes,4,16,1000,6334,99.779,99.88,36.23,44.97,4747.19,0.252,91.98,87.03,82.03,0.0663,94.33,1.782,74.19,3.89,94.41
Scaleway,ap-south-1,Compute,4,32,100,3621,99.839,99.46,38.23,52.21,2632.22,0.398,88.76,86.99,79.52,0.0548,89.7,1.368,84.0,4.02,93.56
Scaleway,ap-south-1,Kubernetes,2,16,500,3221,99.828,99.34,30.06,34.15,2592.94,0.375,87.55,87.04,84.63,0.0683,90.81,1.65,82.93,4.07,94.04
Scaleway,ap-south-1,Compute,64,256,250,7571,99.782,99.72,30.22,35.35,6403.38,0.371,92.76,91.46,83.14,0.0749,96.7,1.84,77.74,4.17,95.17
Scaleway,ap-south-1,Kubernetes,8,16,50,3517,99.855,99.56,34.92,46.61,2830.22,0.306,83.4,78.69,83.38,0.0691,100,1.175,80.12,4.14,94.72
Scaleway,ap-south-1,Database,32,128,500,1947,99.786,99.91,32.76,39.74,1518.04,0.236,89.08,84.1,77.55,0.0799,93.95,1.86,76.15,4.03,93.07
Scaleway,ap-south-1,Storage,8,32,50,5683,99.903,100,32.48,36.27,4279.63,0.194,90.18,85.85,79.56,0.0549,86.25,0.826,80.53,4.17,95.05
Scaleway,ap-south-1,Networking,2,16,2000,3088,99.729,99.59,28.09,32.6,2457.77,0.294,91.22,86.92,85.51,0.0683,91.89,2.333,76.74,4.19,93.75
Scaleway,ap-south-1,AI,64,512,2000,6401,99.862,100,40.32,48.42,6116.72,0.419,90.98,87.92,79.81,0.062,93.37,1.491,82.4,4.08,94.18
Scaleway,ap-southeast-1,Networking,64,128,2000,7647,99.757,99.54,29.08,37.47,5484.12,0.22,86.16,81.71,77.17,0.0397,95.09,2.08,78.07,4.11,92.18
Scaleway,ap-southeast-1,Storage,64,512,1000,3015,99.79,99.62,28.55,34.68,2553.04,0.357,89.15,86.01,84.6,0.0625,79.31,1.843,80.15,4.14,92.87
Scaleway,ap-southeast-1,Networking,4,16,1000,9722,99.767,99.59,31.91,45.46,8508.56,0.289,87.65,86.64,81.32,0.0487,85.45,2.234,73.81,4.19,91.67
Scaleway,ap-southeast-1,Networking,32,64,2000,4371,99.881,99.7,27.06,34.88,3911.79,0.282,93.36,90.23,79.58,0.0647,93.36,1.372,80.48,4.27,95.55
Scaleway,ap-southeast-1,Compute,16,64,2000,8252,99.89,99.6,31.63,44.8,6441.31,0.334,89.12,86.62,81.77,0.0526,96.85,1.283,82.65,4.17,95.31
Scaleway,ap-southeast-1,Networking,64,128,250,9505,99.825,99.66,27.89,35.18,6793.92,0.206,87.22,83.91,79.06,0.02,90.49,1.498,81.68,4.25,93.54
Scaleway,ap-southeast-1,Compute,8,64,100,9313,99.841,99.56,35.71,42.62,7648.91,0.262,85.63,83.36,79.61,0.0338,93.37,1.494,74.7,4.18,93.18
Scaleway,ap-southeast-1,Networking,32,64,250,1205,99.853,99.51,34.21,43.39,856.43,0.502,87.21,82.93,81.24,0.0686,88.57,1.473,79.85,4.02,93.39
Scaleway,ap-southeast-1,Kubernetes,64,128,250,9529,99.81,99.41,31.72,38.42,7570.21,0.267,87.01,86.93,81.28,0.0573,92.2,1.672,74.58,4.28,93.42
Scaleway,ap-southeast-1,Kubernetes,2,16,50,1626,99.849,99.93,21.35,27.2,1272.32,0.124,88.67,84.35,77.11,0.035,92.14,1.228,69.34,4.44,94.68
Scaleway,ap-southeast-1,AI,8,16,100,8436,99.75,99.62,30.92,37.46,6372.98,0.207,89.87,88.96,78.92,0.0726,89.79,2.31,65.13,4.17,92.11
Scaleway,ap-southeast-1,Database,4,8,50,8736,99.818,99.28,28.61,34.72,6613.56,0.271,85.84,81.52,78.36,0.0829,89.09,1.673,75.72,4.2,92.53
Scaleway,ap-southeast-1,AI,32,64,250,1235,99.746,99.31,34.17,45.16,1128.59,0.386,88.56,87.99,81.73,0.0586,89.1,2.498,77.44,4.09,91.59
Scaleway,ap-southeast-1,Database,32,64,100,7351,99.845,100,35.33,46.93,6197.16,0.381,86.16,85.56,82.36,0.0547,80.11,1.311,84.23,4.23,92.81
Scaleway,ap-southeast-1,Networking,4,32,50,161,99.838,99.58,28.73,37.84,119.57,0.315,87.82,87.51,77.69,0.0848,93.83,1.794,83.64,4.16,93.13
Scaleway,ap-southeast-1,AI,32,256,500,1015,99.796,99.45,35.39,47.03,970.24,0.448,88.36,85.12,80.21,0.0547,80.83,2.065,78.53,4.06,91.32
Scaleway,ap-southeast-1,Compute,32,256,100,3362,99.864,99.51,43.1,56.89,3040.85,0.502,88.87,84.95,78.23,0.0518,87.69,1.174,80.5,3.86,93.33
Scaleway,ap-southeast-1,Storage,16,32,500,4796,99.791,100,36.18,39.83,4144.37,0.479,90.69,86.81,80.96,0.0605,92.86,1.719,68.55,4.14,93.97
Scaleway,ap-southeast-1,Database,4,16,250,3326,99.917,99.69,33.45,44.09,2377.53,0.334,83.49,79.89,77.84,0.0688,79.83,1.06,76.02,4.26,92.1
Scaleway,ap-southeast-1,AI,64,256,2000,3961,99.806,100,33.33,41.07,3019.59,0.313,85.04,83.97,77.34,0.0553,94.3,1.882,80.89,4.28,92.17
Scaleway,ap-southeast-1,Storage,32,256,1000,549,99.831,99.48,28.8,42.23,516.39,0.397,90.35,90.27,83.78,0.0633,91.7,1.734,81.85,4.11,94.5
Scaleway,ap-southeast-1,Networking,4,32,500,5955,99.84,99.32,34.73,42.16,5491.15,0.464,86.71,85.56,78.93,0.0708,90.52,1.649,86.29,4.03,92.69
Scaleway,ap-southeast-1,Kubernetes,16,128,500,932,99.852,99.77,32.94,35.87,873.64,0.508,83.35,80.76,79.81,0.0535,88.59,1.29,68.88,4.17,92.84
Scaleway,ap-southeast-1,Database,16,32,50,594,99.888,99.47,27.25,38.97,528.97,0.276,90.07,88.08,81.99,0.0496,88.19,0.974,82.44,4.4,95.49
Scaleway,ap-southeast-1,AI,16,32,1000,5369,99.749,99.38,30.63,39.7,5113.81,0.344,88.87,84.35,79.96,0.0527,90.37,2.085,86.01,4.13,92.58
Scaleway,ap-southeast-1,Storage,2,16,1000,3063,99.853,99.32,31.82,39.67,2563.97,0.175,86.23,82.51,77.07,0.0729,84.67,1.519,75.85,4.16,92.11
Scaleway,ap-southeast-1,Storage,16,64,500,4765,99.792,99.41,30.18,41.28,3875.02,0.191,86.89,85.34,85.28,0.036,93.13,1.995,82.9,4.4,93.52
Scaleway,ap-southeast-1,Storage,8,16,250,2508,99.703,100,26.78,29.82,2160.86,0.183,87.5,82.64,75.36,0.0731,79.94,2.73,69.28,4.54,89.39
Scaleway,ap-southeast-1,Database,16,64,1000,7120,99.808,99.29,37.88,51.3,6476.96,0.493,88.51,85.94,80.74,0.0915,93.86,1.869,87.01,3.97,93.06
Scaleway,ap-southeast-1,Compute,64,256,1000,418,99.956,99.61,37.35,51.05,295.94,0.537,90.96,90.28,75.65,0.0516,95.05,0.404,85.53,4.14,96.1
Scaleway,ap-southeast-1,AI,4,32,500,3832,99.863,99.42,26.77,39.11,3048.12,0.129,89.28,85.28,77.86,0.0618,90.97,1.471,83.09,4.49,93.93
Scaleway,ap-southeast-1,Networking,64,128,500,8810,99.819,99.83,34.13,38.79,6307.26,0.304,89.04,89.04,82.42,0.0763,92.58,1.558,77.29,4.04,94.25
Scaleway,ap-southeast-1,Networking,2,4,100,920,99.854,99.38,42.25,53.37,682.51,0.296,87.37,85.92,78.96,0.0409,87.46,1.216,93.91,3.92,93.04
Scaleway,ap-southeast-1,Database,32,128,2000,9097,99.799,99.6,38.97,45.65,7116.44,0.556,87.8,83.29,75.22,0.0686,89.68,1.82,76.89,4.12,91.7
Scaleway,ap-southeast-1,Compute,16,64,100,5025,99.764,99.44,33.9,38.54,4107.0,0.301,85.67,83.77,78.69,0.0633,86.6,1.965,80.13,4.17,91.4
Scaleway,ap-southeast-1,AI,4,8,500,248,99.816,100,35.75,49.93,213.46,0.359,88.83,88.17,79.32,0.0447,95.17,1.617,76.12,4.04,93.8
Scaleway,ap-southeast-1,Kubernetes,16,128,100,8034,99.767,100,35.64,43.08,7723.99,0.338,86.14,83.71,78.65,0.0574,83.19,1.939,85.22,4.25,91.19
Scaleway,ap-southeast-1,Kubernetes,16,64,1000,5119,99.845,99.64,32.32,38.73,3751.89,0.31,85.84,85.51,78.77,0.0464,90.57,1.489,85.01,4.12,93.0
Scaleway,ap-southeast-1,AI,8,16,50,6373,99.89,100,40.49,47.43,5295.06,0.3,86.42,86.0,80.39,0.0677,87.28,1.163,89.89,4.06,93.36
Scaleway,ap-southeast-1,Compute,4,16,100,4870,99.784,99.88,33.85,44.66,3963.1,0.252,85.39,83.34,81.63,0.0459,87.57,1.729,81.98,4.19,92.48
Scaleway,sa-east-1,Database,2,16,500,5723,99.793,99.83,37.81,46.67,4831.96,0.526,87.79,83.27,79.64,0.0882,90.73,1.706,75.52,3.92,92.84
Scaleway,sa-east-1,Networking,16,64,100,3615,99.879,99.59,32.84,44.38,2855.9,0.278,87.5,86.37,78.01,0.0283,93.86,1.352,80.88,4.14,93.84
Scaleway,sa-east-1,Storage,32,256,500,7139,99.736,99.5,31.23,46.17,6023.76,0.543,90.15,89.55,78.27,0.0436,93.82,2.534,78.21,4.15,91.98
Scaleway,sa-east-1,AI,32,256,250,9220,99.903,100,34.24,45.16,8305.4,0.188,88.35,84.78,87.66,0.0614,84.85,1.18,73.18,4.1,94.95
Scaleway,sa-east-1,Database,2,16,100,7235,99.835,99.84,29.26,39.55,5275.4,0.259,86.53,83.44,80.28,0.0607,80.59,1.403,80.67,4.45,92.71
Scaleway,sa-east-1,Kubernetes,8,16,50,7189,99.894,99.45,39.71,42.06,6739.01,0.292,83.99,82.47,88.2,0.0683,92.05,0.867,82.99,4.12,95.16
Scaleway,sa-east-1,Database,32,128,2000,423,99.794,99.39,37.52,39.89,362.6,0.46,85.58,84.15,73.59,0.0381,85.46,1.881,91.28,4.08,90.44
Scaleway,sa-east-1,Database,4,8,500,122,99.89,99.38,30.93,45.7,100,0.437,89.0,85.71,76.12,0.0502,90.06,1.113,73.61,4.1,94.03
Scaleway,sa-east-1,Networking,16,128,2000,4999,99.757,99.86,30.22,38.94,3996.2,0.423,89.32,85.1,79.78,0.0415,93.52,2.203,87.83,4.44,92.83
Scaleway,sa-east-1,AI,64,512,100,7755,99.867,100,39.21,42.59,6529.43,0.42,86.17,84.15,80.81,0.0552,97.21,1.323,92.08,4.07,94.14
Scaleway,sa-east-1,Networking,8,16,250,6240,99.856,100,36.42,44.51,5461.5,0.262,88.85,83.98,79.61,0.0395,87.77,1.473,77.86,4.03,93.35
Scaleway,sa-east-1,AI,16,128,2000,1114,99.704,99.7,30.16,39.74,1037.86,0.188,89.53,84.86,80.88,0.0414,87.47,2.615,79.28,4.2,91.5
Scaleway,sa-east-1,Kubernetes,16,32,1000,2459,99.741,99.8,33.1,45.45,2127.68,0.38,89.28,89.05,76.44,0.03,92.6,2.168,84.87,3.97,92.1
Scaleway,sa-east-1,Networking,64,128,2000,4213,99.821,99.29,37.15,40.66,3653.02,0.363,88.3,87.67,80.53,0.0317,95.2,1.687,86.21,4.13,93.56
Scaleway,sa-east-1,Compute,2,16,500,4075,99.826,99.76,29.0,38.08,3705.66,0.296,87.05,86.93,75.5,0.0429,84.42,1.615,92.67,4.1,92.02
Scaleway,sa-east-1,Kubernetes,4,16,50,5348,99.735,99.64,33.86,40.87,4750.8,0.289,90.55,86.99,79.11,0.0603,86.18,2.186,74.67,4.18,92.01
Scaleway,sa-east-1,AI,64,128,2000,4791,99.948,100,36.07,46.95,3638.45,0.399,90.7,89.24,79.52,0.0672,91.63,0.641,76.83,4.17,95.93
Scaleway,sa-east-1,AI,4,32,50,1427,99.857,99.84,30.5,36.39,1389.03,0.278,89.76,88.12,82.03,0.0679,83.36,1.646,82.78,4.41,93.39
Scaleway,sa-east-1,Storage,64,256,1000,9264,99.925,100,30.62,36.34,8557.71,0.119,90.37,86.83,83.07,0.0794,90.48,1.037,87.34,4.23,95.75
Scaleway,sa-east-1,Compute,8,64,500,4900,99.751,99.48,26.66,37.14,3625.11,0.215,89.37,87.71,80.94,0.0725,95.8,2.245,88.35,4.3,93.3
Scaleway,sa-east-1,Compute,16,128,2000,4568,99.82,100,31.69,37.39,4169.37,0.43,89.26,88.91,80.1,0.0629,84.29,1.787,88.64,4.37,92.73
Scaleway,sa-east-1,Networking,16,128,2000,2498,99.835,99.94,30.74,37.82,2231.98,0.299,85.8,85.77,77.12,0.114,86.32,1.376,82.61,4.12,92.65
Scaleway,sa-east-1,Networking,64,256,50,7940,99.817,99.38,25.73,28.95,5642.39,0.241,89.62,89.29,81.58,0.0458,88.11,1.89,73.0,4.38,93.44
Scaleway,sa-east-1,Compute,8,16,250,4207,99.802,99.3,33.14,47.08,3573.77,0.365,87.46,84.13,84.06,0.0856,95.33,1.981,90.18,4.02,93.54
Scaleway,sa-east-1,Compute,32,128,2000,6026,99.806,99.29,29.65,39.67,5200.25,0.324,84.75,83.23,80.07,0.0698,98.95,1.654,81.1,4.43,93.59
Scaleway,sa-east-1,Networking,4,16,50,2633,99.812,99.81,29.63,33.23,1867.53,0.068,86.54,84.25,83.47,0.0675,85.09,1.594,85.05,4.41,93.26
Scaleway,sa-east-1,Compute,8,16,100,6699,99.828,99.26,40.31,48.29,5295.54,0.158,87.17,84.24,83.88,0.0506,92.09,1.84,81.36,3.88,93.03
Scaleway,sa-east-1,Kubernetes,16,128,500,7975,99.869,100,30.0,44.37,5899.63,0.314,89.31,87.83,83.29,0.0665,90.14,1.47,91.15,4.45,94.63
Scaleway,sa-east-1,Kubernetes,16,64,50,299,99.82,99.67,38.8,42.64,217.07,0.41,88.6,87.48,80.21,0.0762,93.59,1.483,77.21,3.8,93.8
Scaleway,sa-east-1,AI,32,256,1000,7173,99.848,99.87,32.05,34.61,6751.59,0.394,90.12,85.21,79.38,0.0482,89.39,1.289,73.09,4.17,94.35
Scaleway,sa-east-1,AI,16,32,50,5619,99.844,99.45,29.93,36.98,4528.54,0.333,93.0,92.05,81.23,0.0813,89.74,1.512,96.51,4.14,94.86
Scaleway,sa-east-1,Storage,16,32,2000,7966,99.797,99.37,26.28,40.91,7584.86,0.339,88.4,84.58,82.67,0.0472,81.07,2.072,78.84,4.55,92.19
Scaleway,sa-east-1,Kubernetes,2,16,1000,7616,99.869,100,29.14,39.32,7023.6,0.315,88.86,88.33,80.82,0.0719,87.46,1.407,78.22,4.38,94.04
Scaleway,sa-east-1,Database,32,128,2000,7141,99.738,99.99,33.37,48.35,5568.48,0.397,90.72,90.27,78.28,0.0688,89.13,2.427,72.46,4.16,91.8
Scaleway,sa-east-1,Kubernetes,2,8,100,9554,99.819,99.86,37.38,51.69,8392.19,0.412,86.84,85.76,78.18,0.0634,92.88,1.831,75.41,3.93,92.41
Scaleway,sa-east-1,Compute,16,32,2000,1633,99.784,100,37.51,52.06,1470.61,0.525,88.58,88.52,78.75,0.071,88.89,1.832,74.0,3.96,92.45
Scaleway,sa-east-1,Storage,32,128,50,1351,99.822,100,30.82,35.03,1065.27,0.206,87.76,86.1,76.23,0.0702,98.64,1.539,88.6,4.14,93.88
Scaleway,sa-east-1,Database,16,32,100,4332,99.731,99.7,27.81,41.18,3794.07,0.269,86.54,84.49,75.34,0.064,93.79,2.382,84.37,4.32,91.29
Scaleway,sa-east-1,Compute,2,8,500,1404,99.844,99.63,32.93,46.8,1013.06,0.413,88.72,86.0,85.57,0.0574,88.42,1.648,81.01,4.14,94.09
Scaleway,sa-east-1,Networking,16,128,2000,7224,99.8,99.72,30.93,40.16,5422.6,0.375,89.96,88.06,74.34,0.0802,88.23,1.861,75.64,4.4,92.21
Scaleway,me-central-1,AI,4,16,500,1998,99.844,99.39,34.02,43.58,1513.01,0.286,89.52,86.92,78.91,0.0468,87.38,1.739,69.01,4.33,92.81
Scaleway,me-central-1,AI,8,32,100,5059,99.838,99.99,32.14,42.57,4131.73,0.246,90.93,87.54,78.7,0.0385,82.38,1.51,76.63,4.29,93.22
Scaleway,me-central-1,Kubernetes,2,16,1000,9172,99.717,99.84,27.15,31.76,8405.84,0.449,86.83,84.54,82.22,0.0748,88.96,2.58,65.84,4.3,91.56
Scaleway,me-central-1,Database,8,32,500,6227,99.78,99.5,35.25,49.32,5704.41,0.41,89.18,85.92,83.64,0.0505,89.64,2.039,84.12,4.12,93.03
Scaleway,me-central-1,Database,64,256,500,650,99.86,100,35.69,48.56,481.27,0.18,84.41,80.55,75.93,0.0933,89.81,1.566,74.98,4.25,91.9
Scaleway,me-central-1,Compute,32,128,1000,1131,99.851,99.82,30.84,37.35,912.37,0.362,85.32,83.95,77.55,0.0563,92.6,1.366,69.61,4.43,93.28
Scaleway,me-central-1,Storage,32,64,1000,2416,99.814,99.38,40.34,42.45,2084.06,0.586,91.66,90.38,79.51,0.0522,85.88,1.903,90.59,4.04,92.51
Scaleway,me-central-1,Compute,4,32,50,7820,99.799,99.87,43.58,48.02,6488.09,0.54,88.15,87.87,75.67,0.0607,89.53,2.005,75.15,3.76,91.24
Scaleway,me-central-1,Kubernetes,4,32,2000,6203,99.847,100,31.55,40.58,5488.06,0.193,89.59,88.12,77.94,0.051,86.76,1.254,76.41,4.27,93.85
Scaleway,me-central-1,AI,8,64,1000,8476,99.788,100,33.27,41.93,7472.92,0.371,88.79,85.75,80.21,0.0473,92.97,1.926,88.06,4.15,93.18
Scaleway,me-central-1,Networking,32,64,500,7220,99.783,99.63,34.89,39.8,5590.82,0.262,84.49,80.4,78.92,0.0624,94.3,1.858,91.33,4.28,92.2
Scaleway,me-central-1,AI,2,4,1000,6179,99.831,100,36.59,46.45,5443.39,0.251,84.12,82.19,80.66,0.0503,89.73,1.442,89.79,3.86,92.78
Scaleway,me-central-1,Kubernetes,8,32,50,5203,99.845,99.56,35.07,44.25,3978.99,0.411,90.52,88.03,80.21,0.0334,90.92,1.454,85.19,4.08,94.17
Scaleway,me-central-1,Storage,4,16,1000,4531,99.829,99.38,29.76,40.45,4203.2,0.359,86.98,83.15,79.7,0.0627,93.46,1.833,86.03,4.31,93.06
Scaleway,me-central-1,Networking,16,32,250,9886,99.794,99.58,30.15,32.82,7348.21,0.273,85.98,81.96,79.63,0.0385,90.04,1.689,88.99,4.21,92.78
Scaleway,me-central-1,Compute,2,8,500,3367,99.875,99.66,29.4,35.84,2770.32,0.284,86.41,81.81,76.09,0.0484,86.04,1.227,70.4,4.17,92.94
Scaleway,me-central-1,Compute,4,16,100,1655,99.822,100,35.17,38.92,1352.95,0.333,85.91,83.02,81.0,0.0523,87.9,1.587,83.88,3.91,92.78
Scaleway,me-central-1,Storage,4,32,50,2075,99.728,99.97,27.51,35.06,1487.67,0.228,84.95,83.53,86.07,0.0438,93.06,2.571,76.39,4.22,92.23
Scaleway,me-central-1,Kubernetes,64,128,250,732,99.834,99.92,37.99,49.82,548.16,0.445,88.77,85.07,77.83,0.0412,88.64,1.66,78.71,3.9,92.65
Scaleway,me-central-1,AI,2,4,1000,6597,99.768,99.63,36.22,45.39,6214.35,0.291,88.92,88.22,80.73,0.052,92.38,2.223,81.39,4.07,92.38
Scaleway,me-central-1,Kubernetes,8,64,100,7833,99.822,100,28.74,38.98,7557.35,0.353,90.19,85.61,80.0,0.0518,93.78,1.581,78.73,4.15,94.5
Scaleway,me-central-1,Networking,64,256,50,6462,99.871,99.62,35.08,48.22,6272.84,0.471,90.14,85.91,82.71,0.0733,90.78,1.093,83.38,4.19,95.25
Scaleway,me-central-1,Kubernetes,2,4,500,1136,99.925,99.87,33.14,37.79,1018.81,0.258,87.05,83.68,75.92,0.0391,85.12,0.976,86.18,4.32,93.33
Scaleway,me-central-1,AI,16,128,500,8580,99.873,99.58,33.59,45.09,6720.47,0.26,84.83,83.58,81.5,0.0723,92.58,1.304,73.43,4.07,93.75
Scaleway,me-central-1,AI,32,64,500,7909,99.905,99.58,37.0,44.65,6964.43,0.477,89.96,88.49,81.28,0.0671,94.86,0.814,86.82,4.15,95.9
Scaleway,me-central-1,Networking,16,128,250,8854,99.758,99.22,33.42,43.17,8068.31,0.26,86.3,82.48,79.17,0.0557,85.51,2.158,82.36,4.16,91.08
Scaleway,me-central-1,Networking,16,32,50,5506,99.833,100,31.19,45.21,5197.62,0.22,88.73,88.26,79.37,0.0357,94.76,1.474,66.65,4.14,94.29
Scaleway,me-central-1,Networking,2,16,500,3570,99.735,99.64,27.8,36.9,2785.63,0.329,87.28,83.47,80.91,0.0455,89.23,2.467,86.39,4.2,91.65
Scaleway,me-central-1,Kubernetes,16,128,50,2053,99.866,100,27.96,33.39,1786.15,0.224,88.36,83.62,79.89,0.0458,93.55,1.339,75.34,4.42,94.63
Scaleway,me-central-1,Kubernetes,16,32,100,3960,99.767,99.78,30.21,40.35,2885.49,0.351,86.12,83.72,86.47,0.0583,86.01,2.156,76.26,4.35,92.51
Scaleway,me-central-1,Storage,4,16,2000,3568,99.769,99.86,34.8,47.15,2833.75,0.395,88.92,85.6,84.61,0.0566,89.96,2.058,72.29,3.93,93.2
Scaleway,me-central-1,Kubernetes,4,16,2000,6934,99.903,99.51,30.84,34.67,6087.72,0.246,84.58,82.83,76.82,0.052,85.59,1.025,95.28,4.13,92.96
Scaleway,me-central-1,Database,4,8,1000,7744,99.878,99.85,36.65,48.85,6054.14,0.495,88.72,87.57,75.76,0.0418,86.51,1.386,78.08,4.2,92.74
Scaleway,me-central-1,Compute,4,8,2000,2233,99.861,99.31,41.16,52.52,1817.81,0.228,83.77,81.56,76.06,0.0633,89.22,1.356,84.38,3.9,91.77
Scaleway,me-central-1,AI,2,4,50,3779,99.748,99.32,32.65,47.25,2872.92,0.377,86.5,85.23,80.88,0.0387,90.77,2.469,83.66,4.21,91.34
Scaleway,me-central-1,Networking,16,64,2000,3105,99.796,100,30.19,35.03,2615.48,0.333,87.94,87.75,83.07,0.0613,87.85,1.887,77.54,4.21,93.16
Scaleway,me-central-1,Networking,16,128,500,9180,99.726,99.79,29.78,41.11,8562.73,0.318,88.29,84.96,81.86,0.0401,86.17,2.564,77.75,4.3,91.41
Scaleway,me-central-1,AI,32,128,250,9101,99.854,100,27.89,41.63,7427.71,0.386,89.98,86.18,82.15,0.0536,93.44,1.583,83.12,4.29,94.81
Scaleway,me-central-1,AI,64,128,1000,2185,99.774,100,42.08,45.47,1894.87,0.325,89.45,88.26,78.24,0.052,87.18,1.979,84.89,3.91,91.82
Scaleway,me-central-1,Compute,64,512,1000,8522,99.738,99.8,40.42,46.17,6275.83,0.455,88.23,88.12,80.65,0.0483,92.4,2.171,82.4,3.78,92.13
Rackspace,us-east-1,Database,32,256,500,3947,99.869,99.51,31.39,46.35,3495.96,0.492,97.52,94.58,98.78,0.0777,89.18,1.257,81.57,4.33,99.0
Rackspace,us-east-1,Database,32,128,250,5816,99.843,100,29.84,37.97,5620.74,0.32,95.86,92.19,87.72,0.0787,98.79,1.675,78.38,4.18,97.19
Rackspace,us-east-1,Compute,64,256,100,7163,99.836,99.26,33.03,36.53,5292.44,0.209,95.72,94.89,93.51,0.1022,91.0,1.757,89.24,4.07,96.79
Rackspace,us-east-1,Database,2,8,1000,6931,99.819,99.4,27.55,29.6,5582.67,0.051,97.65,94.5,85.6,0.0934,88.57,1.499,76.47,4.48,96.54
Rackspace,us-east-1,Networking,4,32,250,5974,99.884,99.53,37.55,46.05,5716.17,0.467,94.45,91.2,93.9,0.0914,92.3,1.321,72.64,4.08,97.46
Rackspace,us-east-1,Networking,64,512,500,9301,99.862,100,25.8,40.0,7519.48,0.268,93.53,90.91,91.96,0.095,94.8,1.519,82.01,4.6,97.49
Rackspace,us-east-1,AI,16,128,100,5984,99.917,99.53,28.81,36.74,5642.37,0.363,93.94,90.3,92.53,0.1114,82.24,0.841,82.07,4.22,97.56
Rackspace,us-east-1,Compute,2,8,250,868,99.778,99.27,27.9,34.43,821.32,0.458,93.71,89.08,92.89,0.1091,94.4,2.252,83.98,4.54,95.84
Rackspace,us-east-1,Storage,4,32,500,7757,99.892,99.43,29.83,35.74,5721.57,0.165,92.35,88.3,88.15,0.1128,90.29,1.11,77.72,4.11,96.73
Rackspace,us-east-1,Kubernetes,2,16,2000,3955,99.822,99.89,26.61,29.86,3346.7,0.382,94.64,94.64,91.55,0.0622,79.9,1.488,82.19,4.32,96.09
Rackspace,us-east-1,Networking,2,4,2000,1472,99.86,99.42,31.44,35.42,1376.8,0.564,97.58,94.97,88.28,0.0741,94.09,1.529,80.6,4.34,97.28
Rackspace,us-east-1,Networking,8,64,1000,7709,99.836,99.98,33.35,35.55,5974.49,0.226,94.82,92.18,86.23,0.0852,97.89,1.432,81.96,4.02,96.96
Rackspace,us-east-1,Networking,64,512,50,1427,99.796,100,34.67,44.86,1067.23,0.345,96.09,94.24,89.25,0.107,88.71,1.981,80.92,3.99,95.5
Rackspace,us-east-1,Compute,4,8,50,1327,99.915,100,33.07,41.5,1107.75,0.508,98.51,96.6,93.4,0.0935,83.97,0.751,89.47,4.13,98.88
Rackspace,us-east-1,Compute,64,512,50,790,99.788,99.62,31.11,38.65,604.88,0.388,95.82,95.59,89.24,0.0889,99.89,1.747,93.8,4.03,97.24
Rackspace,us-east-1,Kubernetes,4,8,100,569,99.865,100,26.47,36.1,425.42,0.064,97.75,95.18,93.5,0.0932,88.73,1.556,74.22,4.31,97.87
Rackspace,us-east-1,Networking,8,16,100,6468,99.83,99.73,30.45,43.32,5596.24,0.234,95.82,93.42,90.92,0.1195,92.87,1.446,81.17,4.15,97.46
Rackspace,us-east-1,AI,4,8,250,4358,99.823,99.6,31.05,37.49,3834.82,0.23,94.01,91.27,94.64,0.0944,95.32,1.879,74.16,4.13,96.96
Rackspace,us-east-1,Kubernetes,16,128,1000,5899,99.849,100,29.4,38.36,4741.72,0.391,95.37,94.02,89.89,0.0921,96.11,1.574,88.77,4.46,97.38
Rackspace,us-east-1,AI,32,128,1000,184,99.877,99.3,28.78,31.47,174.86,0.187,93.74,90.34,94.25,0.1062,79.99,1.143,77.18,4.32,96.87
Rackspace,us-east-1,Compute,2,8,1000,4787,99.865,99.47,28.35,38.93,4243.93,0.155,94.36,93.61,96.66,0.1193,90.47,1.305,71.56,4.17,98.19
Rackspace,us-east-1,AI,32,64,250,3110,99.828,99.8,35.61,41.56,2895.47,0.56,92.17,89.68,97.21,0.1214,93.55,1.814,78.3,4.03,96.73
Rackspace,us-east-1,Compute,4,32,500,815,99.864,99.39,22.0,30.67,616.62,0.233,96.67,93.94,82.26,0.0933,81.38,1.54,74.24,4.34,95.27
Rackspace,us-east-1,Storage,32,128,1000,9694,99.806,99.68,31.37,42.54,9190.4,0.324,96.06,95.16,90.44,0.0804,84.5,1.921,70.88,4.16,95.49
Rackspace,us-east-1,AI,32,128,1000,3460,99.85,100,24.44,32.25,3311.59,0.123,93.65,89.57,89.02,0.0702,82.82,1.486,78.57,4.38,95.93
Rackspace,us-east-1,Networking,32,256,50,8490,99.79,100,35.35,43.42,7973.03,0.415,92.47,87.9,93.99,0.0918,96.53,1.695,82.29,4.07,96.88
Rackspace,us-east-1,Compute,64,512,500,2440,99.813,99.69,35.76,37.87,2000.12,0.292,95.94,92.96,86.72,0.0902,86.83,1.934,84.15,4.14,94.87
Rackspace,us-east-1,AI,2,16,2000,5943,99.806,99.9,28.71,36.1,4760.7,0.285,96.08,95.59,97.95,0.0556,85.19,1.663,72.06,4.47,97.48
Rackspace,us-east-1,Database,64,256,250,3210,99.824,100,23.75,27.62,2314.12,0.253,95.29,94.59,91.24,0.0895,84.16,1.9,87.51,4.53,95.92
Rackspace,us-east-1,Storage,64,256,500,9551,99.84,99.4,27.54,32.29,6920.62,0.329,96.78,92.31,93.01,0.1014,93.22,1.59,87.86,4.52,97.83
Rackspace,us-east-1,AI,64,256,1000,4724,99.832,99.38,33.88,38.7,4530.78,0.266,94.36,89.38,93.56,0.0926,97.32,1.409,76.66,4.17,97.89
Rackspace,us-east-1,Networking,8,32,500,3346,99.789,99.47,30.46,44.07,2810.83,0.369,98.04,93.47,93.79,0.0964,100,2.166,75.53,4.3,97.57
Rackspace,us-east-1,Database,2,16,50,5831,99.899,99.68,29.74,40.65,4083.64,0.221,93.64,91.51,90.97,0.1041,87.85,1.208,82.26,4.29,97.04
Rackspace,us-east-1,Database,32,256,500,3222,99.799,100,37.08,50.25,2388.68,0.615,96.28,94.49,97.22,0.0858,88.44,1.9,81.26,3.87,96.82
Rackspace,us-east-1,Storage,4,8,500,9954,99.839,100,26.15,40.33,8275.42,0.152,98.09,97.65,92.76,0.1213,92.75,1.368,78.96,4.2,98.66
Rackspace,us-east-1,Storage,32,128,2000,4799,99.85,99.65,29.9,39.8,3704.41,0.123,95.2,91.2,89.25,0.1215,87.92,1.295,75.91,4.09,96.89
Rackspace,us-east-1,AI,32,256,1000,2737,99.88,100,26.98,37.34,2514.3,0.201,93.89,91.03,89.08,0.0995,92.12,1.443,82.26,4.41,96.93
Rackspace,us-east-1,Compute,16,32,2000,604,99.848,99.63,30.24,33.97,524.16,0.181,97.56,96.03,91.77,0.0952,88.39,1.563,78.75,4.26,97.25
Rackspace,us-east-1,Database,8,32,50,2296,99.864,99.57,29.14,37.58,1923.85,0.284,92.44,90.3,92.19,0.0998,84.52,1.493,86.79,4.32,96.03
Rackspace,us-east-1,Kubernetes,16,128,50,1704,99.787,99.88,31.25,41.35,1631.1,0.193,92.35,88.84,89.28,0.0946,84.48,1.764,83.96,4.17,94.89
Rackspace,us-west-2,Storage,64,128,1000,5624,99.86,99.53,32.31,43.59,4581.91,0.303,96.56,95.29,92.85,0.07,90.02,1.505,85.09,4.31,97.38
Rackspace,us-west-2,Database,16,32,1000,137,99.866,100,24.0,31.44,131.32,0.345,95.75,92.61,94.07,0.1005,83.69,1.231,85.99,4.46,97.83
Rackspace,us-west-2,Storage,8,32,1000,7246,99.893,100,25.44,38.51,5639.74,0.262,94.37,93.16,90.91,0.0867,87.55,1.154,75.88,4.6,97.54
Rackspace,us-west-2,Networking,8,64,250,6189,99.834,99.75,30.14,40.73,5187.15,0.242,96.67,96.02,90.31,0.0784,93.59,1.4,75.9,4.23,97.74
Rackspace,us-west-2,Storage,8,16,1000,355,99.847,100,31.73,46.29,328.23,0.475,94.1,92.36,90.96,0.1109,91.12,1.365,68.75,4.18,97.07
Rackspace,us-west-2,Kubernetes,32,256,2000,7439,99.802,99.79,26.3,35.37,6877.1,0.176,94.38,91.79,90.64,0.1163,83.9,1.911,70.52,4.53,95.41
Rackspace,us-west-2,Storage,2,16,250,506,99.784,99.66,22.44,28.96,454.05,0.196,98.63,96.81,93.11,0.0997,93.29,2.102,83.62,4.46,97.46
Rackspace,us-west-2,Database,64,512,1000,2800,99.823,99.93,28.86,37.77,2373.44,0.363,95.1,92.57,95.16,0.0714,87.81,1.763,78.28,4.24,96.9
Rackspace,us-west-2,Compute,2,4,50,6453,99.767,99.69,23.32,31.78,5247.96,0.186,97.84,97.18,93.35,0.0902,86.71,1.913,78.36,4.44,96.99
Rackspace,us-west-2,Database,16,64,500,4065,99.917,99.81,28.72,30.78,2993.68,0.095,96.28,93.9,89.39,0.0866,88.84,1.128,76.71,4.12,97.69
Rackspace,us-west-2,AI,8,64,1000,5889,99.854,99.41,31.99,41.15,4539.63,0.473,99.38,96.13,88.36,0.0966,87.54,1.5,89.1,4.26,97.01
Rackspace,us-west-2,Compute,4,16,500,5814,99.909,100,25.07,35.84,4447.65,0.159,97.13,94.77,87.52,0.0924,97.54,1.202,77.63,4.27,98.56
Rackspace,us-west-2,Networking,4,32,100,7255,99.847,99.9,29.15,41.22,5324.2,0.347,93.5,89.08,86.29,0.112,97.77,1.703,65.75,4.1,96.32
Rackspace,us-west-2,Storage,8,32,50,8011,99.808,99.37,28.43,34.78,7081.02,0.057,99.79,98.64,92.68,0.1112,100,1.847,62.5,4.45,98.53
Rackspace,us-west-2,Compute,8,32,500,2789,99.802,99.53,26.74,38.29,2118.0,0.255,94.29,92.33,85.95,0.0972,98.81,1.846,82.58,4.5,96.3
Rackspace,us-west-2,Kubernetes,8,32,2000,3432,99.863,99.73,29.7,33.96,3073.63,0.225,93.75,89.58,89.87,0.0933,90.17,1.109,88.34,4.45,97.34
Rackspace,us-west-2,Storage,8,64,500,796,99.748,99.81,28.65,32.1,722.8,0.046,95.54,93.58,89.26,0.1014,92.39,2.41,69.76,4.17,95.15
Rackspace,us-west-2,Compute,32,64,2000,3028,99.782,99.52,30.31,34.6,2294.44,0.262,96.65,93.95,89.69,0.1168,90.01,1.841,93.72,4.42,96.28
Rackspace,us-west-2,AI,32,256,1000,6273,99.824,99.73,28.33,40.3,5904.7,0.158,96.49,93.88,92.66,0.1081,86.06,1.418,80.97,4.4,97.33
Rackspace,us-west-2,Database,8,16,50,8284,99.879,99.37,27.16,37.55,6104.7,0.301,94.31,89.37,90.14,0.086,85.17,1.416,93.33,4.53,96.41
Rackspace,us-west-2,AI,32,128,250,1966,99.734,99.84,33.22,45.69,1570.1,0.264,93.23,93.09,97.03,0.1071,94.31,2.558,81.91,4.26,95.54
Rackspace,us-west-2,AI,32,64,2000,8123,99.83,99.56,25.95,36.49,7051.95,0.417,95.98,91.29,94.38,0.1177,87.93,1.833,75.43,4.41,96.92
Rackspace,us-west-2,Compute,8,64,50,4398,99.757,99.27,29.0,33.54,3646.76,0.254,92.73,88.56,89.7,0.0857,86.96,2.041,79.38,4.5,94.73
Rackspace,us-west-2,Networking,32,64,100,6074,99.784,100,31.29,39.26,5161.72,0.378,94.52,91.96,92.83,0.1015,86.77,2.213,75.28,4.28,95.22
Rackspace,us-west-2,Compute,16,32,250,6201,99.88,99.59,29.0,32.81,4885.5,0.231,96.3,94.92,93.08,0.0989,91.83,1.173,67.29,4.21,98.44
Rackspace,us-west-2,Database,8,32,1000,2709,99.821,99.26,30.18,32.99,2396.89,0.329,91.16,86.96,87.65,0.093,85.09,1.655,88.81,4.25,94.65
Rackspace,us-west-2,Storage,16,64,100,9078,99.935,100,28.83,37.59,8496.8,0.242,95.99,95.29,95.22,0.0709,90.38,0.545,68.64,4.37,99.97
Rackspace,us-west-2,Database,4,8,250,9887,99.85,100,27.49,38.77,8072.2,0.276,98.01,97.58,90.92,0.0834,87.66,1.678,86.57,4.43,97.09
Rackspace,us-west-2,Database,8,16,1000,3967,99.84,99.68,28.39,30.53,3031.09,0.292,96.21,95.58,95.02,0.1058,90.62,1.771,77.87,4.29,97.38
Rackspace,us-west-2,Kubernetes,32,256,500,5931,99.753,99.86,34.07,38.89,5339.02,0.394,97.78,93.75,88.99,0.1177,100,2.455,81.47,4.22,96.01
Rackspace,us-west-2,Kubernetes,16,64,1000,2135,99.767,99.38,30.0,37.17,1936.0,0.286,96.65,94.07,89.5,0.123,89.26,2.103,76.7,4.27,95.6
Rackspace,us-west-2,Networking,16,128,250,2580,99.792,100,33.6,40.53,2240.67,0.395,98.84,98.35,89.13,0.1002,94.44,1.753,84.12,4.25,97.2
Rackspace,us-west-2,Kubernetes,32,64,1000,3851,99.825,100,23.19,35.16,3181.35,0.352,94.19,92.67,85.69,0.0816,86.97,1.431,92.83,4.38,96.13
Rackspace,us-west-2,Networking,32,256,50,3072,99.841,99.79,37.69,50.11,2358.91,0.19,92.6,88.98,87.36,0.0922,86.72,1.487,79.95,3.86,95.12
Rackspace,us-west-2,Compute,8,32,100,8912,99.832,99.5,27.09,33.1,6616.91,0.365,96.49,94.48,92.87,0.0974,89.73,1.422,85.5,4.29,97.77
Rackspace,us-west-2,AI,2,16,50,8508,99.848,99.26,30.32,45.26,8207.55,0.24,95.01,91.59,88.97,0.1096,91.91,1.376,77.83,4.23,96.97
Rackspace,us-west-2,Database,8,64,250,4133,99.813,99.22,24.22,37.86,3350.81,0.236,97.24,93.37,93.8,0.0823,92.53,1.582,78.82,4.43,98.14
Rackspace,us-west-2,Database,8,64,500,3966,99.823,100,34.39,46.83,3345.44,0.382,97.43,96.9,93.45,0.1011,90.99,1.613,87.92,4.12,97.49
Rackspace,us-west-2,Storage,4,32,500,6891,99.91,99.39,33.44,37.7,6546.1,0.302,96.29,95.22,87.41,0.0931,94.75,1.154,75.35,4.0,97.63
Rackspace,us-west-2,Networking,8,64,50,4329,99.737,99.22,29.38,35.17,3976.88,0.361,93.37,90.82,86.22,0.1018,87.06,2.276,77.57,4.38,93.8
Rackspace,eu-west-1,Networking,4,16,500,3748,99.889,99.96,27.6,29.83,2958.84,0.378,93.0,91.1,89.88,0.0807,95.07,1.001,84.83,4.39,98.08
Rackspace,eu-west-1,AI,8,16,2000,5713,99.747,99.65,27.68,38.03,4749.13,0.31,96.45,91.83,92.61,0.0878,95.36,2.268,86.6,4.22,96.51
Rackspace,eu-west-1,AI,4,16,250,6038,99.853,100,37.43,39.94,5525.54,0.456,96.56,93.57,95.55,0.0788,96.52,1.2,74.08,4.08,98.93
Rackspace,eu-west-1,AI,2,8,50,8005,99.826,99.93,22.4,28.5,5758.03,0.134,94.72,92.42,90.59,0.1014,87.26,1.745,77.85,4.59,96.42
Rackspace,eu-west-1,AI,2,8,250,5170,99.865,99.93,35.14,47.93,4910.28,0.318,93.64,90.78,91.24,0.0658,89.86,1.327,81.0,4.24,96.78
Rackspace,eu-west-1,Compute,2,4,50,1903,99.828,99.72,29.62,39.96,1378.22,0.383,94.78,93.81,87.33,0.0849,89.31,1.395,77.43,4.36,96.45
Rackspace,eu-west-1,Compute,8,64,1000,9316,99.944,99.48,31.58,39.53,7695.46,0.328,91.09,87.39,89.17,0.0996,91.08,0.878,75.74,4.18,97.13
Rackspace,eu-west-1,Database,16,32,100,9291,99.85,99.91,36.61,47.69,7663.69,0.544,96.67,92.17,95.98,0.0755,82.06,1.554,73.48,4.24,96.79
Rackspace,eu-west-1,AI,32,128,1000,5787,99.792,99.77,26.95,41.18,4857.86,0.327,98.08,95.91,90.97,0.0994,95.97,2.062,62.42,4.28,97.16
Rackspace,eu-west-1,Networking,16,128,500,5734,99.832,100,36.95,48.68,5496.33,0.458,96.08,94.78,93.45,0.0775,94.69,1.595,72.99,4.2,97.5
Rackspace,eu-west-1,Database,2,8,50,102,99.889,99.92,38.19,51.94,100,0.435,95.35,91.45,86.99,0.1033,87.73,0.895,77.29,4.19,97.0
Rackspace,eu-west-1,Kubernetes,4,8,50,9750,99.871,100,31.81,44.96,7398.25,0.134,97.15,95.25,91.45,0.1001,82.28,1.176,79.34,4.16,97.26
Rackspace,eu-west-1,Compute,16,64,250,5738,99.857,99.93,29.64,44.4,4074.77,0.388,94.78,94.65,98.89,0.0928,87.07,1.297,78.59,4.09,98.29
Rackspace,eu-west-1,Networking,16,64,250,5119,99.859,99.82,36.0,44.67,4469.51,0.305,97.42,94.64,94.25,0.0762,90.49,1.188,74.67,3.88,98.35
Rackspace,eu-west-1,Networking,2,16,100,5574,99.864,99.71,28.97,36.68,5098.8,0.165,96.18,92.09,93.68,0.1178,96.9,1.536,88.72,4.42,98.3
Rackspace,eu-west-1,Storage,4,32,500,9613,99.785,99.75,30.06,44.2,6997.87,0.433,96.03,91.11,90.26,0.1038,89.33,2.049,75.5,4.15,95.77
Rackspace,eu-west-1,Database,64,256,50,7829,99.82,99.95,24.66,38.87,6063.09,0.16,94.84,93.17,93.92,0.0913,84.82,1.618,82.29,4.29,96.86
Rackspace,eu-west-1,Kubernetes,4,8,2000,6850,99.885,99.53,32.93,39.5,5636.96,0.333,98.56,94.6,92.9,0.1045,95.09,1.225,75.99,3.97,98.91
Rackspace,eu-west-1,Networking,64,256,100,3253,99.87,99.77,32.08,41.58,2617.18,0.334,93.66,90.51,83.92,0.1052,82.16,1.113,89.91,4.16,95.41
Rackspace,eu-west-1,Database,8,16,500,4146,99.819,99.27,33.48,43.76,3624.9,0.478,93.99,91.2,88.49,0.1102,92.86,1.577,82.09,4.06,96.18
Rackspace,eu-west-1,Storage,64,256,50,2428,99.814,100,29.53,36.58,2348.72,0.261,94.25,92.78,90.82,0.1052,83.79,1.734,68.02,4.41,95.64
Rackspace,eu-west-1,Database,4,16,50,6694,99.893,100,30.05,34.32,6078.94,0.393,95.15,91.41,99.45,0.0614,94.94,1.135,83.5,4.41,99.62
Rackspace,eu-west-1,Kubernetes,2,8,100,8585,99.776,99.58,24.52,32.88,7754.96,0.281,95.75,91.21,90.76,0.0791,86.94,2.253,66.36,4.27,95.37
Rackspace,eu-west-1,Compute,64,256,250,4742,99.846,99.64,31.66,38.6,3539.93,0.292,97.75,94.35,95.44,0.102,90.9,1.51,81.29,4.05,98.17
Rackspace,eu-west-1,Kubernetes,32,256,2000,1822,99.83,99.56,23.13,35.34,1350.59,0.405,96.26,93.1,91.56,0.0863,100,1.454,92.25,4.39,98.75
Rackspace,eu-west-1,AI,16,128,2000,2610,99.877,99.85,24.85,30.16,2398.02,0.355,95.29,94.89,89.18,0.1101,85.19,1.279,80.19,4.25,96.95
Rackspace,eu-west-1,AI,16,128,2000,8406,99.816,99.63,25.85,38.82,7664.24,0.376,90.62,88.17,90.46,0.0767,100,1.758,75.4,4.55,96.62
Rackspace,eu-west-1,Storage,2,4,250,6792,99.83,99.82,29.66,32.8,5451.32,0.206,95.77,94.44,86.65,0.0836,89.31,1.57,88.12,4.43,96.2
Rackspace,eu-west-1,Networking,2,16,100,9264,99.737,100,30.82,33.62,8819.76,0.36,97.68,95.49,90.16,0.1235,78.95,2.314,75.7,4.16,94.44
Rackspace,eu-west-1,Kubernetes,2,4,50,2275,99.755,99.34,29.53,33.11,2103.54,0.231,94.59,89.61,86.42,0.0927,80.27,2.426,67.94,4.2,93.07
Rackspace,eu-west-1,Kubernetes,4,8,100,2837,99.966,100,27.28,29.91,2762.79,0.15,92.54,91.2,84.33,0.0793,91.55,0.744,75.01,4.53,97.32
Rackspace,eu-west-1,Compute,8,16,1000,8656,99.789,99.6,31.65,43.72,6949.55,0.367,93.33,93.02,90.32,0.0885,93.7,2.072,85.32,4.37,95.52
Rackspace,eu-west-1,Kubernetes,64,256,500,6318,99.855,99.65,28.2,38.95,4575.8,0.301,96.48,94.44,84.54,0.0982,87.11,1.213,80.53,4.2,96.59
Rackspace,eu-west-1,Database,4,32,2000,5391,99.872,100,28.24,38.97,4897.67,0.218,95.92,93.58,93.49,0.0893,86.89,1.468,82.09,4.14,97.39
Rackspace,eu-west-1,Compute,64,256,50,7159,99.785,99.88,29.07,34.63,5986.96,0.471,90.72,85.75,91.55,0.11,95.01,1.859,81.0,4.2,95.93
Rackspace,eu-west-1,Compute,2,8,500,4762,99.872,100,27.59,31.93,3989.7,0.254,96.99,92.46,92.66,0.0877,89.78,1.495,64.78,4.24,97.76
Rackspace,eu-west-1,Kubernetes,8,16,50,672,99.838,99.91,28.73,38.57,545.78,0.349,92.02,88.06,91.97,0.0846,89.11,1.362,80.35,4.29,96.73
Rackspace,eu-west-1,Compute,64,128,250,851,99.844,99.34,22.98,28.32,783.64,0.208,98.39,95.51,93.13,0.0905,91.97,1.69,80.47,4.34,98.08
Rackspace,eu-west-1,Database,64,512,50,3903,99.964,99.81,28.92,32.86,3799.07,0.23,96.43,96.09,87.09,0.1022,81.83,0.425,81.3,4.16,98.11
Rackspace,eu-west-1,Kubernetes,8,64,1000,5727,99.853,99.76,30.87,42.63,4010.61,0.426,94.22,94.02,94.57,0.1044,86.55,1.577,79.66,4.17,96.75
Rackspace,eu-central-1,Storage,4,8,500,5244,99.744,99.92,26.58,31.69,4058.99,0.172,93.47,90.99,91.47,0.0771,95.79,2.211,73.44,4.35,95.96
Rackspace,eu-central-1,Networking,4,8,1000,7264,99.802,99.65,31.51,41.7,6246.41,0.118,94.83,90.42,92.66,0.1221,92.13,2.055,72.12,4.12,96.09
Rackspace,eu-central-1,Database,32,256,500,8007,99.806,99.27,30.59,32.69,7740.86,0.338,91.7,88.94,92.16,0.1034,90.78,2.051,71.4,4.42,95.21
Rackspace,eu-central-1,Networking,16,64,500,7918,99.88,100,25.37,33.66,5554.8,0.19,97.09,93.02,85.2,0.0717,92.38,1.054,86.8,4.26,97.92
Rackspace,eu-central-1,Storage,8,64,1000,2397,99.851,99.34,33.08,42.02,1977.44,0.275,93.91,92.5,89.67,0.1005,85.34,1.676,85.97,4.05,95.39
Rackspace,eu-central-1,Storage,16,64,500,376,99.813,99.93,25.28,34.75,317.94,0.417,95.96,94.05,90.34,0.0922,81.64,1.86,74.83,4.29,95.65
Rackspace,eu-central-1,Kubernetes,64,512,50,405,99.819,99.38,32.27,46.24,326.35,0.37,94.77,93.93,88.07,0.1049,96.4,1.582,92.72,4.07,96.72
Rackspace,eu-central-1,Storage,16,128,500,435,99.857,99.66,22.71,28.14,401.88,0.223,91.2,87.64,98.39,0.0949,88.38,1.228,79.44,4.63,98.06
Rackspace,eu-central-1,Database,16,64,1000,7588,99.784,99.67,29.88,35.01,6134.51,0.212,93.68,92.96,92.02,0.1054,83.7,1.78,76.5,4.24,95.53
Rackspace,eu-central-1,Compute,32,256,1000,3660,99.79,99.42,27.48,31.11,3266.59,0.203,97.56,95.95,88.82,0.0992,88.12,2.036,84.44,4.29,95.85
Rackspace,eu-central-1,AI,16,128,100,5414,99.999,100.0,25.38,38.59,4866.04,0.426,95.19,92.66,92.9,0.0982,80.38,0.044,71.09,4.32,99.63
Rackspace,eu-central-1,AI,16,32,500,553,99.784,99.32,35.19,41.82,387.38,0.439,97.6,94.53,99.12,0.0949,87.71,2.202,78.03,3.93,96.67
Rackspace,eu-central-1,Compute,16,32,50,8721,99.921,99.55,31.71,36.27,7503.34,0.3,92.04,90.31,87.99,0.1029,95.03,0.674,69.72,4.28,97.99
Rackspace,eu-central-1,AI,2,4,1000,787,99.862,99.39,30.13,34.72,682.5,0.15,95.72,94.33,90.98,0.076,93.82,1.164,83.38,4.37,98.12
Rackspace,eu-central-1,Compute,4,8,100,4952,99.795,99.96,30.88,37.27,4847.89,0.282,98.99,97.57,88.5,0.0925,88.53,1.956,88.25,4.26,96.22
Rackspace,eu-central-1,Database,2,16,500,606,99.939,99.88,38.01,40.92,512.83,0.206,98.58,93.84,89.56,0.0855,96.78,0.932,71.18,4.0,98.98
Rackspace,eu-central-1,Kubernetes,4,32,500,1739,99.886,99.41,34.72,36.94,1698.17,0.406,93.04,89.98,91.09,0.0837,90.07,1.326,82.2,4.23,96.6
Rackspace,eu-central-1,Storage,4,8,1000,920,99.852,100,30.21,33.29,688.82,0.172,93.8,93.73,88.18,0.0761,87.55,1.546,90.89,4.3,95.9
Rackspace,eu-central-1,Kubernetes,2,8,500,6562,99.83,99.92,30.02,36.99,5917.83,0.366,94.34,92.78,92.51,0.0991,81.67,1.79,80.4,4.22,95.55
Rackspace,eu-central-1,Storage,8,32,100,1371,99.867,100,23.84,34.79,1071.63,0.263,95.65,95.61,85.51,0.1017,91.7,1.427,85.31,4.54,96.89
Rackspace,eu-central-1,Kubernetes,32,128,250,2070,99.865,99.53,29.46,33.82,1579.54,0.206,98.25,93.3,87.59,0.0924,88.45,1.316,85.87,4.42,97.29
Rackspace,eu-central-1,AI,4,16,2000,3493,99.827,100,31.8,39.75,3259.38,0.365,96.46,94.48,88.01,0.0905,85.54,1.819,80.37,4.05,95.55
Rackspace,eu-central-1,Storage,16,64,250,5915,99.819,99.65,23.61,29.75,5181.37,0.339,92.83,90.57,96.31,0.1059,98.83,1.587,82.53,4.44,98.36
Rackspace,eu-central-1,AI,16,32,1000,4309,99.726,100,28.18,30.91,3988.43,0.272,92.27,88.11,91.17,0.0808,83.36,2.653,92.64,4.22,93.35
Rackspace,eu-central-1,Kubernetes,2,16,500,1931,99.861,99.31,29.56,36.04,1683.9,0.442,97.08,94.48,97.55,0.0732,97.35,1.576,81.16,4.32,98.96
Rackspace,eu-central-1,Networking,2,4,1000,8596,99.826,99.44,27.6,39.03,7262.8,0.174,95.01,93.79,91.3,0.0742,89.36,1.565,69.97,4.18,96.84
Rackspace,eu-central-1,Storage,2,16,1000,7147,99.887,100,28.15,43.03,5671.16,0.366,95.16,92.68,91.09,0.0874,91.57,1.224,88.3,4.51,97.86
Rackspace,eu-central-1,AI,32,64,2000,7625,99.835,99.46,24.84,33.8,5435.43,0.287,92.03,89.14,84.61,0.0993,89.48,1.801,73.7,4.27,94.82
Rackspace,eu-central-1,AI,4,8,250,5661,99.846,100,29.01,38.16,4537.24,0.342,97.28,97.07,89.59,0.086,88.11,1.389,83.57,4.36,97.3
Rackspace,eu-central-1,Compute,32,128,2000,8598,99.771,99.83,25.33,34.34,6861.41,0.365,91.65,88.38,91.37,0.0926,85.91,1.947,90.0,4.38,95.14
Rackspace,eu-central-1,Networking,32,64,250,8756,99.867,99.3,28.27,40.27,8507.42,0.315,92.76,88.21,89.45,0.1137,88.94,1.14,76.44,4.44,96.87
Rackspace,eu-central-1,Storage,64,512,500,7340,99.776,99.38,30.4,32.92,5237.3,0.302,96.55,96.45,89.58,0.1054,89.11,2.01,73.2,4.06,95.76
Rackspace,eu-central-1,Database,2,16,2000,3450,99.81,100,28.82,43.45,3283.3,0.254,95.64,90.84,91.73,0.0884,96.63,1.833,77.75,4.23,97.26
Rackspace,eu-central-1,AI,2,8,250,5518,99.857,99.86,34.83,46.25,5392.18,0.393,92.82,91.51,93.15,0.1282,85.39,1.446,84.12,4.26,96.19
Rackspace,eu-central-1,Networking,4,32,250,3468,99.843,100,32.18,42.11,3170.96,0.359,97.51,96.16,90.18,0.0898,94.46,1.32,87.09,4.22,98.09
Rackspace,eu-central-1,Compute,32,128,50,8693,99.758,99.93,32.37,42.43,7023.09,0.359,96.23,94.64,90.98,0.0849,92.5,2.272,77.97,4.36,95.69
Rackspace,eu-central-1,Storage,32,64,100,3090,99.828,99.65,28.82,33.25,2268.3,0.227,97.93,93.58,94.14,0.0987,88.15,1.829,82.31,4.47,97.19
Rackspace,eu-central-1,Kubernetes,8,32,250,8032,99.8,100,29.92,43.07,5817.99,0.197,94.66,92.94,95.38,0.0911,93.62,2.09,71.55,4.27,96.71
Rackspace,eu-central-1,Database,2,8,100,5069,99.87,100,27.91,30.99,4200.18,0.21,91.3,86.45,90.27,0.099,85.36,1.422,78.54,4.28,95.86
Rackspace,eu-central-1,Networking,8,16,500,958,99.861,99.84,27.28,40.64,901.12,0.359,94.91,93.83,87.34,0.083,99.48,1.222,69.49,4.52,98.07
Rackspace,ap-south-1,Compute,4,32,100,7729,99.771,99.61,23.83,26.42,7555.8,0.382,94.31,91.49,92.04,0.0687,90.37,2.051,75.36,4.57,96.1
Rackspace,ap-south-1,Kubernetes,16,64,250,606,99.916,99.69,34.3,40.63,536.26,0.282,93.85,89.55,86.81,0.0818,87.55,0.847,87.56,4.08,96.92
Rackspace,ap-south-1,AI,8,16,500,4470,99.839,99.39,37.97,43.92,3794.1,0.467,95.74,91.54,88.28,0.1078,95.26,1.419,88.85,3.82,96.89
Rackspace,ap-south-1,Storage,32,256,2000,8097,99.889,100,26.81,32.84,7409.58,0.525,98.09,93.89,90.7,0.0675,92.2,1.369,84.72,4.3,98.25
Rackspace,ap-south-1,Compute,32,256,2000,5570,99.893,99.47,33.44,44.53,4337.63,0.222,91.73,88.59,92.22,0.1137,88.88,0.97,83.58,4.28,97.21
Rackspace,ap-south-1,AI,8,16,100,4742,99.83,100,28.53,33.19,3683.38,0.23,94.94,90.03,88.11,0.0786,92.62,1.71,87.54,4.41,96.4
Rackspace,ap-south-1,Networking,32,128,50,8660,99.894,99.4,25.76,33.92,7028.83,0.112,92.46,90.56,89.51,0.0789,90.97,1.291,67.37,4.35,96.87
Rackspace,ap-south-1,Kubernetes,4,16,100,7636,99.871,99.71,24.43,30.71,5368.09,0.403,91.14,86.86,89.26,0.1038,92.65,1.08,67.09,4.63,97.29
Rackspace,ap-south-1,Database,32,256,500,3020,99.807,100,28.77,42.4,2444.67,0.339,95.52,95.43,87.6,0.0943,83.23,1.899,72.11,4.42,95.03
Rackspace,ap-south-1,Database,8,64,100,2895,99.86,99.89,22.42,36.43,2434.07,0.406,94.96,94.25,87.37,0.1065,87.33,1.131,79.56,4.55,97.26
Rackspace,ap-south-1,Networking,2,16,500,1917,99.813,99.8,26.72,35.3,1693.92,0.253,96.58,95.5,94.87,0.1034,90.74,1.873,83.71,4.43,97.33
Rackspace,ap-south-1,AI,4,8,1000,9644,99.806,99.94,30.49,38.01,7445.06,0.258,97.4,96.8,92.01,0.0921,85.64,1.587,78.65,4.23,96.94
Rackspace,ap-south-1,Networking,32,64,50,7227,99.814,99.59,31.01,42.84,6645.32,0.453,95.31,90.72,88.96,0.0895,88.22,1.914,83.33,4.23,95.51
Rackspace,ap-south-1,Database,64,256,1000,295,99.831,100,31.32,45.03,285.31,0.37,89.58,88.55,93.87,0.12,96.71,1.558,81.96,4.4,96.78
Rackspace,ap-south-1,AI,16,128,500,6245,99.903,99.81,21.71,34.95,5650.69,0.254,92.05,88.72,94.02,0.085,85.2,1.05,78.96,4.38,97.68
Rackspace,ap-south-1,Kubernetes,8,16,250,6287,99.767,99.33,26.05,36.73,5978.8,0.274,93.55,88.91,92.54,0.091,88.32,1.951,76.48,4.46,95.85
Rackspace,ap-south-1,Networking,2,8,250,3744,99.88,100,25.01,34.71,2981.73,0.454,94.8,92.22,86.8,0.1073,84.57,1.341,80.92,4.3,96.29
Rackspace,ap-south-1,Storage,16,64,250,1023,99.828,99.27,34.16,42.84,987.25,0.323,95.53,93.45,83.84,0.1019,92.73,1.728,77.09,4.3,95.41
Rackspace,ap-south-1,AI,64,256,50,7366,99.789,99.75,31.57,43.39,6048.5,0.175,95.73,93.84,94.48,0.1096,94.8,1.71,79.15,4.22,97.59
Rackspace,ap-south-1,AI,8,32,50,919,99.837,99.88,37.82,41.56,765.77,0.329,97.63,95.59,91.89,0.0883,87.81,1.531,77.94,4.04,96.92
Rackspace,ap-south-1,Kubernetes,64,512,1000,1357,99.943,100,27.63,40.83,1003.41,0.385,93.0,88.57,92.45,0.1126,93.78,0.703,70.85,4.34,99.0
Rackspace,ap-south-1,Compute,32,64,100,2908,99.871,99.76,28.55,39.11,2420.76,0.501,93.91,93.52,96.06,0.1085,85.79,1.392,68.04,4.36,97.36
Rackspace,ap-south-1,Kubernetes,32,64,250,7897,99.903,99.71,28.86,40.29,7649.35,0.304,96.43,96.39,87.71,0.0827,91.47,1.049,85.86,4.5,97.88
Rackspace,ap-south-1,Kubernetes,32,128,500,5487,99.884,100,29.75,35.06,4116.04,0.261,98.29,96.0,87.98,0.0918,81.53,0.965,78.11,4.45,97.43
Rackspace,ap-south-1,Networking,32,256,250,5781,99.803,99.99,26.64,35.82,5550.35,0.49,94.51,90.97,90.01,0.0867,89.8,1.611,74.94,4.5,96.61
Rackspace,ap-south-1,Database,32,128,250,5533,99.853,100,35.73,44.53,5130.0,0.544,93.43,91.42,89.88,0.1101,96.11,1.603,88.9,3.94,96.58
Rackspace,ap-south-1,Storage,32,128,100,1493,99.813,99.48,26.53,33.68,1159.93,0.221,97.14,94.68,87.28,0.1318,94.23,1.592,85.35,4.24,97.17
Rackspace,ap-south-1,Compute,4,16,2000,2157,99.774,99.7,32.05,35.28,1983.53,0.287,94.44,92.31,95.68,0.0724,95.91,1.937,79.12,4.26,97.11
Rackspace,ap-south-1,Kubernetes,32,128,100,705,99.789,99.76,31.35,33.74,649.51,0.339,97.08,94.43,91.87,0.1181,93.49,2.02,78.6,4.1,96.68
Rackspace,ap-south-1,Database,32,128,100,1132,99.744,100,29.71,34.81,800.0,0.408,96.24,94.19,93.71,0.1055,95.74,2.241,72.1,4.31,96.68
Rackspace,ap-south-1,Storage,8,16,2000,9962,99.779,99.55,21.77,33.7,9647.32,0.269,95.92,91.42,88.68,0.1072,90.95,2.205,74.89,4.42,95.75
Rackspace,ap-south-1,Networking,2,8,100,7509,99.752,99.9,29.37,35.21,6936.38,0.333,92.55,87.8,87.5,0.1281,88.48,2.464,90.68,4.31,93.69
Rackspace,ap-south-1,Kubernetes,64,256,1000,686,99.77,99.65,32.06,45.11,518.29,0.319,99.95,98.67,88.47,0.1079,93.8,2.107,79.26,4.05,96.54
Rackspace,ap-south-1,Storage,2,8,1000,8678,99.864,99.91,26.04,33.27,7853.53,0.384,96.16,92.04,86.13,0.1181,91.22,1.229,71.95,4.58,97.33
Rackspace,ap-south-1,Compute,32,256,100,5525,99.884,99.9,32.18,45.4,5022.35,0.442,94.25,90.9,90.16,0.1056,87.39,1.152,75.69,4.06,97.01
Rackspace,ap-south-1,Compute,2,4,50,2295,99.762,99.86,29.73,40.32,1781.0,0.253,97.89,95.35,89.78,0.0661,80.18,2.221,88.97,4.26,94.79
Rackspace,ap-south-1,Kubernetes,8,16,500,8182,99.793,99.25,26.33,33.47,6949.73,0.397,93.33,91.89,90.06,0.1231,88.93,1.834,78.29,4.34,95.71
Rackspace,ap-south-1,AI,16,128,1000,7800,99.939,99.35,28.99,33.85,6705.86,0.343,94.7,93.08,91.61,0.0965,92.36,0.838,90.28,4.22,98.61
Rackspace,ap-south-1,Kubernetes,64,512,500,9875,99.866,99.69,24.37,28.64,7652.83,0.132,91.45,88.47,88.97,0.107,83.58,1.091,77.62,4.59,96.33
Rackspace,ap-south-1,Kubernetes,16,32,500,4350,99.892,99.79,28.58,34.7,3897.22,0.308,94.16,91.31,90.04,0.1033,84.17,1.352,91.13,4.32,96.38
Rackspace,ap-southeast-1,Kubernetes,4,32,50,7735,99.725,99.82,29.75,32.73,6724.23,0.363,93.36,88.99,98.05,0.0746,100,2.668,79.66,4.29,96.27
Rackspace,ap-southeast-1,AI,32,256,100,2405,99.813,99.34,33.95,43.88,1938.46,0.323,96.98,93.07,93.4,0.1,95.63,1.512,87.7,4.02,98.0
Rackspace,ap-southeast-1,Storage,32,256,50,2646,99.82,99.52,32.45,41.64,2124.25,0.325,97.71,96.98,93.58,0.0917,86.9,1.583,86.77,4.19,97.22
Rackspace,ap-southeast-1,Database,16,128,250,6831,99.8,99.44,37.22,48.17,6355.79,0.478,95.02,90.55,84.49,0.0873,90.7,1.858,81.48,4.06,94.78
Rackspace,ap-southeast-1,Kubernetes,4,8,50,3832,99.791,99.43,26.67,38.19,3710.82,0.33,96.92,95.45,89.74,0.0967,86.11,1.722,68.6,4.24,96.36
Rackspace,ap-southeast-1,Kubernetes,64,128,250,9349,99.826,99.58,33.48,46.35,8884.18,0.273,94.36,92.88,87.76,0.0713,92.78,1.717,76.66,4.22,95.89
Rackspace,ap-southeast-1,Storage,16,64,50,2932,99.851,99.52,23.14,36.88,2283.59,0.255,95.27,91.6,90.04,0.0919,91.42,1.339,65.63,4.34,97.64
Rackspace,ap-southeast-1,Database,2,8,1000,8639,99.876,99.67,25.78,28.4,6766.05,0.255,94.92,90.11,85.45,0.0902,87.28,1.192,79.72,4.22,96.61
Rackspace,ap-southeast-1,Kubernetes,32,128,100,9386,99.785,100,29.72,38.76,7534.92,0.284,96.11,95.18,92.72,0.0927,95.08,2.149,79.17,4.26,96.63
Rackspace,ap-southeast-1,Compute,4,16,250,5824,99.844,100,26.14,32.6,4994.96,0.189,95.58,94.12,89.6,0.0986,77.94,1.439,82.43,4.23,95.92
Rackspace,ap-southeast-1,Storage,4,32,250,2017,99.884,99.46,32.87,41.31,1661.53,0.486,96.26,95.4,88.05,0.1177,96.3,1.365,74.86,4.25,97.48
Rackspace,ap-southeast-1,Compute,32,256,1000,3938,99.879,100,29.9,34.58,3509.44,0.26,96.63,92.74,93.08,0.0972,94.1,1.105,88.49,4.17,98.91
Rackspace,ap-southeast-1,AI,32,64,100,7318,99.815,100,33.24,39.91,6399.64,0.314,95.3,91.93,86.7,0.1022,93.79,1.908,83.53,4.24,95.71
Rackspace,ap-southeast-1,Storage,16,32,500,1674,99.929,100,31.7,35.88,1595.54,0.172,92.66,89.98,94.15,0.0919,96.62,0.859,78.21,4.37,98.94
Rackspace,ap-southeast-1,Compute,32,64,1000,7468,99.857,99.91,27.18,30.1,5531.18,0.235,93.97,89.91,90.01,0.1019,90.8,1.633,76.61,4.56,96.53
Rackspace,ap-southeast-1,AI,2,4,50,8206,99.947,100,36.72,41.43,5950.74,0.465,94.47,93.7,92.07,0.0904,84.7,0.46,76.19,4.18,98.32
Rackspace,ap-southeast-1,Storage,64,256,2000,1953,99.692,99.81,31.41,42.72,1647.1,0.239,92.21,87.52,92.88,0.1083,88.56,2.523,91.95,4.14,94.22
Rackspace,ap-southeast-1,Compute,2,16,50,583,99.817,100,24.27,32.95,534.64,0.149,98.24,96.06,85.56,0.1184,94.26,1.904,85.87,4.42,96.68
Rackspace,ap-southeast-1,AI,16,128,250,693,99.838,99.45,40.78,43.09,531.73,0.256,98.56,95.45,93.75,0.0921,87.24,1.644,87.5,4.1,96.89
Rackspace,ap-southeast-1,Compute,2,16,2000,1940,99.747,99.48,35.09,48.04,1593.49,0.463,96.11,91.33,88.34,0.092,87.4,2.204,69.24,4.26,94.64
Rackspace,ap-southeast-1,Compute,32,64,250,2612,99.786,99.68,28.01,33.19,2118.91,0.238,97.67,93.62,90.59,0.0719,88.16,1.949,85.64,4.32,96.35
Rackspace,ap-southeast-1,Networking,8,16,50,2489,99.892,99.96,40.94,50.65,2253.8,0.378,95.89,91.9,95.0,0.0858,93.31,1.313,79.67,4.06,97.95
Rackspace,ap-southeast-1,AI,16,128,250,5907,99.814,99.82,33.82,47.48,4825.61,0.284,91.94,91.9,93.98,0.1282,96.49,1.546,77.88,4.29,97.13
Rackspace,ap-southeast-1,Compute,8,64,250,8858,99.848,99.48,24.19,38.52,7201.32,0.373,96.66,93.73,84.8,0.0833,81.66,1.386,95.39,4.46,95.92
Rackspace,ap-southeast-1,Database,64,512,500,9864,99.898,99.69,28.84,32.31,9501.47,0.38,94.35,92.49,96.66,0.1063,81.32,1.034,91.26,4.5,97.81
Rackspace,ap-southeast-1,AI,32,64,250,7583,99.773,99.71,27.15,33.58,5638.28,0.21,95.81,90.91,92.98,0.0932,88.56,2.069,72.25,4.25,96.18
Rackspace,ap-southeast-1,Compute,32,64,2000,1096,99.837,99.63,36.43,44.47,800.71,0.368,94.39,93.4,90.08,0.1112,87.36,1.642,84.15,3.89,95.71
Rackspace,ap-southeast-1,Networking,64,256,50,9606,99.851,100,32.89,39.87,7907.19,0.514,94.61,91.93,90.09,0.0766,84.12,1.469,80.92,4.22,96.03
Rackspace,ap-southeast-1,AI,64,256,500,6972,99.789,99.53,34.43,49.25,5708.46,0.378,97.62,93.86,92.2,0.0956,84.6,1.875,80.9,3.97,96.02
Rackspace,ap-southeast-1,Compute,64,512,50,6763,99.796,100,28.66,35.18,6003.67,0.2,95.69,91.05,97.63,0.0772,88.85,2.075,75.61,4.26,96.88
Rackspace,ap-southeast-1,Storage,32,128,100,3809,99.91,100,31.75,41.85,3373.07,0.204,94.4,93.47,93.4,0.0911,86.05,0.967,82.63,4.17,97.84
Rackspace,ap-southeast-1,Database,32,64,100,544,99.781,99.29,32.72,42.52,436.37,0.209,94.38,92.76,87.99,0.0958,88.1,1.907,73.99,4.33,95.02
Rackspace,ap-southeast-1,AI,32,128,250,4007,99.823,99.42,35.12,40.31,2819.89,0.515,95.71,93.61,87.52,0.0887,92.52,1.856,82.83,4.27,95.71
Rackspace,ap-southeast-1,Database,64,256,2000,3579,99.807,99.55,35.23,42.96,2761.84,0.41,93.18,90.73,92.35,0.1013,88.7,1.577,77.22,3.91,96.13
Rackspace,ap-southeast-1,AI,16,64,100,3555,99.86,99.75,31.09,33.97,2766.93,0.212,94.28,90.12,90.33,0.0632,80.07,1.287,76.5,4.2,96.01
Rackspace,ap-southeast-1,Storage,64,512,1000,714,99.799,100,26.97,30.23,509.5,0.295,97.48,94.73,86.22,0.0949,87.97,1.983,73.19,4.46,95.64
Rackspace,ap-southeast-1,Kubernetes,32,64,250,9986,99.84,100,32.77,43.85,9418.85,0.162,94.54,90.93,90.86,0.0594,87.9,1.303,79.3,4.26,96.89
Rackspace,ap-southeast-1,Compute,16,128,50,4133,99.796,99.91,35.34,47.81,4005.35,0.246,93.04,90.09,84.76,0.0873,87.77,2.116,86.4,3.9,93.72
Rackspace,ap-southeast-1,Networking,64,256,50,8422,99.799,99.48,29.23,40.67,7803.08,0.223,92.84,88.13,94.01,0.1015,92.71,1.886,70.94,4.19,96.4
Rackspace,ap-southeast-1,Networking,16,64,1000,5748,99.861,99.61,27.74,42.29,5523.14,0.391,95.23,93.57,89.2,0.0897,92.92,1.436,88.61,4.24,97.23
Rackspace,sa-east-1,Database,32,128,500,9945,99.826,99.94,30.41,36.06,7472.59,0.325,94.34,90.76,89.34,0.0952,89.76,1.559,78.43,4.09,96.37
Rackspace,sa-east-1,Database,2,4,250,1941,99.876,99.67,26.43,39.3,1651.37,0.131,91.94,87.39,90.87,0.0837,88.82,1.443,85.34,4.31,96.43
Rackspace,sa-east-1,Networking,32,64,500,9695,99.744,99.68,35.97,45.44,9094.47,0.484,99.22,96.04,93.31,0.0493,97.71,2.324,80.02,4.21,96.9
Rackspace,sa-east-1,Database,4,16,250,418,99.832,99.51,31.43,41.36,364.54,0.261,93.74,89.15,90.82,0.1124,93.5,1.657,71.43,4.18,96.55
Rackspace,sa-east-1,Kubernetes,64,512,50,7380,99.867,99.61,26.5,29.18,6987.35,0.208,95.31,91.51,95.25,0.0766,92.93,1.131,81.3,4.3,98.91
Rackspace,sa-east-1,Database,4,32,1000,2668,99.767,99.46,29.48,38.38,2230.54,0.352,93.42,90.67,93.11,0.084,85.32,2.046,75.08,4.18,95.24
Rackspace,sa-east-1,Networking,2,16,250,2252,99.824,99.55,26.27,40.4,1941.52,0.314,93.14,88.55,93.93,0.0826,86.51,1.637,92.09,4.58,96.5
Rackspace,sa-east-1,Storage,2,8,50,7567,99.768,99.39,30.09,43.12,7070.09,0.268,96.15,91.43,93.7,0.1181,85.04,2.188,82.84,4.26,95.53
Rackspace,sa-east-1,AI,4,32,50,1850,99.797,100,36.05,49.85,1400.33,0.348,97.27,95.84,89.57,0.0927,89.5,1.747,84.69,4.03,96.31
Rackspace,sa-east-1,Kubernetes,4,16,100,5028,99.828,99.76,26.83,29.15,4349.21,0.282,94.73,93.21,90.57,0.102,89.74,1.838,87.76,4.21,96.22
Rackspace,sa-east-1,Database,4,16,2000,8338,99.759,99.46,35.33,37.71,7603.18,0.521,91.08,86.69,90.41,0.1175,81.55,2.235,78.79,4.26,93.21
Rackspace,sa-east-1,Networking,4,32,1000,9734,99.81,99.93,24.91,27.01,8404.41,0.241,93.84,89.55,98.81,0.1072,85.78,1.548,71.57,4.4,97.65
Rackspace,sa-east-1,Database,32,128,500,5353,99.821,99.25,29.22,34.5,4337.43,0.323,95.67,92.42,88.23,0.081,94.12,1.849,82.44,4.48,96.28
Rackspace,sa-east-1,Database,4,8,250,9234,99.849,99.26,21.49,36.24,7993.06,0.393,97.3,96.49,88.97,0.078,89.03,1.605,73.05,4.42,97.13
Rackspace,sa-east-1,Storage,16,64,100,9733,99.913,99.79,23.77,28.18,9425.32,0.257,97.67,96.21,93.25,0.1109,92.27,1.012,81.55,4.63,99.46
Rackspace,sa-east-1,Compute,8,64,2000,2474,99.817,99.99,26.48,41.18,2043.36,0.286,95.73,93.49,94.21,0.1212,89.38,1.803,87.07,4.58,97.09
Rackspace,sa-east-1,Storage,8,64,500,6068,99.803,99.43,31.13,43.26,4914.36,0.309,97.86,97.63,88.07,0.08,93.03,1.631,79.25,4.33,96.98
Rackspace,sa-east-1,Compute,4,32,500,8853,99.815,99.4,32.24,38.78,7285.67,0.274,95.78,92.73,92.7,0.0936,86.63,1.884,73.33,4.26,96.01
Rackspace,sa-east-1,Database,32,64,100,5075,99.815,99.83,35.64,41.86,4078.65,0.311,89.62,88.61,90.44,0.1019,97.24,1.557,73.32,3.91,96.05
Rackspace,sa-east-1,Compute,64,128,100,8007,99.848,100,26.84,39.64,6732.59,0.224,98.69,93.86,92.42,0.0847,81.17,1.703,92.94,4.42,96.77
Rackspace,sa-east-1,AI,4,16,2000,8444,99.897,99.75,25.03,38.97,7401.85,0.161,92.9,89.75,90.1,0.1158,100,1.156,73.84,4.39,98.39
Rackspace,sa-east-1,Compute,32,64,50,1361,99.887,99.82,33.25,42.29,1170.52,0.386,96.31,92.05,88.65,0.1046,88.48,1.369,85.18,4.33,96.79
Rackspace,sa-east-1,Compute,32,128,500,9728,99.898,100,22.05,27.22,8336.43,0.13,94.04,93.21,91.0,0.0991,87.19,1.053,80.11,4.65,97.84
Rackspace,sa-east-1,Compute,16,32,100,9239,99.79,100,33.98,46.12,7577.53,0.372,94.73,91.96,92.39,0.1104,87.96,2.011,82.77,3.96,95.61
Rackspace,sa-east-1,Kubernetes,8,64,50,1400,99.822,99.47,25.11,29.09,1070.48,0.198,94.4,94.16,93.08,0.0882,86.86,1.527,77.16,4.26,96.94
Rackspace,sa-east-1,Storage,4,8,500,4217,99.845,99.72,30.46,36.08,2991.92,0.244,93.79,92.48,85.75,0.0872,87.27,1.328,70.25,4.1,95.88
Rackspace,sa-east-1,Networking,16,64,50,7402,99.767,100,32.91,47.32,6693.42,0.531,93.83,92.13,91.69,0.1148,94.2,2.203,76.91,4.37,95.61
Rackspace,sa-east-1,Database,8,32,500,1882,99.868,100,30.25,44.26,1496.85,0.166,92.67,92.07,91.12,0.1034,90.68,1.52,72.37,4.41,96.51
Rackspace,sa-east-1,Database,32,64,2000,8451,99.887,99.45,27.95,38.45,6813.26,0.315,96.99,96.75,93.81,0.0929,89.16,1.36,76.95,4.23,98.06
Rackspace,sa-east-1,Kubernetes,16,128,100,1844,99.857,99.71,25.09,37.02,1382.66,0.248,95.42,91.64,89.57,0.1211,96.31,1.179,86.87,4.52,98.38
Rackspace,sa-east-1,Kubernetes,64,128,100,2790,99.866,99.96,32.38,42.43,2246.21,0.384,96.7,92.1,85.74,0.1083,100,1.507,74.38,4.15,97.4
Rackspace,sa-east-1,Networking,32,128,100,3315,99.93,99.86,30.15,39.44,3238.3,0.241,93.12,90.19,95.26,0.0831,87.06,0.965,82.07,4.42,98.05
Rackspace,sa-east-1,Compute,16,64,250,6444,99.803,99.71,28.56,43.29,5431.63,0.23,95.39,91.43,89.04,0.076,89.86,1.701,80.1,4.38,96.31
Rackspace,sa-east-1,Database,64,256,2000,4908,99.871,99.8,30.97,41.83,4343.3,0.386,96.5,93.28,87.3,0.0764,88.42,1.244,77.72,4.05,96.99
Rackspace,sa-east-1,AI,2,8,1000,6104,99.7,99.48,33.27,35.72,5444.62,0.242,93.49,91.86,89.9,0.1025,86.41,2.899,85.47,4.17,92.85
Rackspace,sa-east-1,Networking,64,128,1000,8243,99.778,100,34.11,37.32,7342.28,0.357,89.23,86.28,93.51,0.101,90.98,1.91,75.25,3.99,95.15
Rackspace,sa-east-1,AI,4,8,500,5610,99.891,99.67,31.7,42.48,4146.15,0.392,95.0,93.24,91.36,0.1033,81.41,1.302,72.67,4.25,96.4
Rackspace,sa-east-1,Kubernetes,8,64,500,9948,99.909,99.42,31.55,38.36,8015.51,0.23,98.01,93.57,94.75,0.0815,95.87,0.987,75.8,4.1,99.73
Rackspace,sa-east-1,Compute,32,64,2000,1818,99.963,99.83,26.01,37.03,1486.6,0.27,97.2,96.5,95.98,0.0921,91.14,0.595,79.59,4.28,100
Rackspace,sa-east-1,Database,4,32,500,2836,99.79,99.71,35.19,39.45,2363.27,0.359,93.5,92.75,95.35,0.0934,90.62,2.072,78.87,4.14,95.86
Rackspace,me-central-1,Kubernetes,2,16,100,9319,99.83,99.79,32.59,41.95,7377.33,0.304,96.2,95.98,94.68,0.0728,97.61,1.598,78.46,4.19,98.21
Rackspace,me-central-1,Kubernetes,32,128,50,4676,99.876,99.69,31.99,46.64,3604.77,0.408,93.01,89.98,93.91,0.0885,96.19,1.068,77.86,4.33,98.42
Rackspace,me-central-1,AI,4,8,2000,8013,99.84,99.72,37.67,52.49,7475.13,0.558,91.73,87.04,86.48,0.0855,86.8,1.381,63.23,3.95,95.02
Rackspace,me-central-1,Storage,2,16,50,9789,99.774,99.25,30.75,34.78,7454.0,0.207,94.55,93.6,95.41,0.113,85.29,2.251,70.84,4.42,95.31
Rackspace,me-central-1,AI,8,32,1000,4863,99.775,99.46,33.76,41.55,4579.25,0.374,93.77,92.85,91.92,0.0901,92.02,2.033,92.87,4.11,95.63
Rackspace,me-central-1,Networking,2,4,2000,3095,99.916,99.85,31.74,39.98,2293.8,0.293,93.95,92.37,86.26,0.1161,91.7,0.752,89.2,4.02,97.65
Rackspace,me-central-1,Networking,4,32,100,713,99.857,99.52,28.61,31.86,596.64,0.159,96.55,93.81,94.45,0.0883,82.82,1.295,78.07,4.19,97.51
Rackspace,me-central-1,Database,32,128,500,9280,99.9,100,26.26,31.73,6779.73,0.324,95.93,94.84,89.78,0.0971,90.27,1.029,80.56,4.47,98.19
Rackspace,me-central-1,Storage,16,32,250,8877,99.829,99.27,31.51,44.56,8367.88,0.357,93.96,91.66,90.14,0.0807,88.44,1.668,83.78,4.13,95.89
Rackspace,me-central-1,Storage,32,128,250,3236,99.857,99.77,37.05,41.03,2565.36,0.327,100,96.34,92.48,0.0793,92.6,1.295,86.64,4.13,98.55
Rackspace,me-central-1,AI,32,128,2000,9634,99.886,100,25.67,30.01,7354.48,0.168,96.33,93.96,88.69,0.1251,85.36,1.126,85.52,4.36,97.41
Rackspace,me-central-1,Storage,16,32,100,3173,99.82,100,29.64,37.46,2555.17,0.203,92.93,89.24,91.41,0.0873,89.55,1.558,72.23,4.43,96.43
Rackspace,me-central-1,Database,8,32,500,6710,99.772,99.73,23.06,36.86,4958.12,0.017,92.75,90.73,88.11,0.0968,85.22,2.185,81.72,4.63,94.39
Rackspace,me-central-1,Storage,16,128,2000,9823,99.771,99.75,29.09,38.52,8907.78,0.231,95.25,92.67,86.34,0.0761,85.97,2.254,70.87,4.11,94.25
Rackspace,me-central-1,Database,4,16,500,5623,99.955,99.36,27.81,42.71,5303.05,0.135,95.54,92.79,95.66,0.0998,93.66,0.636,77.52,4.3,100
Rackspace,me-central-1,AI,8,32,250,4359,99.746,99.27,30.83,35.01,3700.04,0.299,92.87,90.23,90.8,0.0891,93.68,2.511,78.55,4.22,94.55
Rackspace,me-central-1,Storage,32,128,100,3473,99.75,99.98,24.62,31.43,3325.73,0.284,96.87,93.33,85.33,0.0767,88.38,2.345,83.51,4.38,94.76
Rackspace,me-central-1,Compute,8,32,100,1085,99.843,99.68,29.67,44.41,1035.29,0.446,96.24,95.69,92.05,0.093,87.48,1.268,79.99,4.23,97.58
Rackspace,me-central-1,AI,4,8,100,8724,99.911,100,31.71,43.62,6454.07,0.281,94.56,93.29,87.03,0.103,81.71,1.115,81.98,4.01,96.1
Rackspace,me-central-1,Compute,16,64,50,8265,99.756,99.63,35.9,49.18,6687.05,0.277,94.66,93.14,88.39,0.097,85.74,2.083,78.62,4.07,94.41
Rackspace,me-central-1,Database,8,32,50,7342,99.863,100,31.58,39.91,7035.2,0.19,97.76,97.04,87.52,0.0902,93.83,1.1,86.94,4.32,98.16
Rackspace,me-central-1,Database,8,64,50,3893,99.839,99.33,28.08,39.34,2871.95,0.341,95.22,92.07,90.75,0.0651,91.2,1.388,74.64,4.2,97.32
Rackspace,me-central-1,Networking,32,256,100,9836,99.9,100,32.57,35.82,9496.31,0.312,91.67,87.77,85.85,0.0958,89.34,0.849,68.18,4.28,96.63
Rackspace,me-central-1,AI,8,32,2000,8270,99.726,99.17,30.76,42.69,7243.93,0.222,95.13,90.76,89.72,0.09,83.35,2.464,82.87,4.09,93.85
Rackspace,me-central-1,Networking,2,8,250,2588,99.842,99.79,32.51,41.64,1869.39,0.132,92.29,91.93,94.35,0.0911,86.39,1.61,86.72,4.05,96.14
Rackspace,me-central-1,Kubernetes,2,4,250,1970,99.913,100,27.33,32.85,1625.99,0.289,94.23,91.87,88.52,0.0908,86.63,1.174,82.87,4.23,96.9
Rackspace,me-central-1,Networking,64,512,100,9208,99.846,99.53,28.09,39.3,7382.19,0.384,93.88,93.79,91.19,0.1109,83.58,1.549,68.17,4.47,96.0
Rackspace,me-central-1,Database,8,64,250,2462,99.832,99.52,27.69,33.41,2371.52,0.059,97.71,94.88,87.57,0.0831,92.28,1.415,77.12,4.15,97.45
Rackspace,me-central-1,AI,4,8,2000,9926,99.811,99.97,28.89,37.13,9468.1,0.163,94.85,89.97,91.52,0.089,92.37,1.58,83.04,4.11,97.13
Rackspace,me-central-1,Database,32,256,2000,4739,99.81,99.7,35.05,44.7,3350.64,0.488,93.29,88.55,91.21,0.1178,89.2,1.765,85.22,4.24,95.67
Rackspace,me-central-1,Compute,32,256,500,6942,99.839,99.51,30.79,38.32,6483.71,0.311,98.7,96.66,88.0,0.1033,91.45,1.506,82.86,4.15,97.29
Rackspace,me-central-1,Database,2,16,250,1239,99.783,99.7,37.37,51.72,890.15,0.463,93.22,88.52,91.76,0.1101,90.35,2.227,73.77,4.13,94.76
Rackspace,me-central-1,Compute,64,512,1000,7508,99.819,99.99,31.63,45.01,6543.4,0.349,95.07,93.13,90.19,0.1065,92.99,1.9,75.48,4.24,96.22
Rackspace,me-central-1,Database,16,32,50,3553,99.86,99.51,21.94,33.67,2610.46,0.224,93.08,88.64,85.88,0.0871,86.19,1.4,79.36,4.7,95.91
Rackspace,me-central-1,Compute,32,128,1000,6678,99.837,99.33,36.95,43.14,4820.1,0.481,95.99,93.58,89.98,0.1245,100,1.699,76.91,4.22,97.17
Rackspace,me-central-1,Compute,32,256,250,8522,99.801,99.99,30.52,35.67,6115.82,0.34,94.94,90.53,91.64,0.0895,89.27,1.877,80.96,4.42,96.14
Rackspace,me-central-1,Compute,32,128,1000,1472,99.855,100,23.59,27.07,1207.35,0.103,94.56,93.38,88.68,0.0942,85.21,1.382,83.38,4.34,96.59
Rackspace,me-central-1,Kubernetes,8,16,250,3702,99.862,99.36,28.67,38.14,2745.44,0.246,96.9,94.17,85.14,0.0858,89.08,1.27,80.7,4.5,96.8
Rackspace,me-central-1,Networking,8,16,2000,6571,99.89,99.7,30.66,35.46,6383.26,0.247,95.53,95.52,86.42,0.1121,97.71,1.323,80.48,4.42,97.46
Rackspace,me-central-1,AI,64,128,1000,4427,99.854,99.31,32.09,36.7,3542.83,0.361,93.71,92.84,93.3,0.1252,86.24,1.523,74.51,4.03,96.39
